District_Code,District_Name,State_Union_Territory,Total_Population,Urban_Population_Share_Pct,Rural_Population_Share_Pct,Median_Income_Band,Estimated_Total_Retail_Universe,Census_Demographic_Notes,District_Num_ID,District_Name_Clean,Mean_Panel_Coverage_Pct,Total_Category_Units,Avg_Units_Per_Audit,Audit_Count,Total_Audience_Events,Total_Engagement_Clicks,Campus_Registrations,Search_Queries,Audience_Events_Per_100k,Campus_Registrations_Per_100k,Search_Queries_Per_100k,demand_signal,Avg_Kestrel_Stocking,Avg_Category_Stocking,Universe,Avg_Category_Stocking_Clean,Avg_Kestrel_Stocking_Clean,distribution_gap,competitive_intensity,WCI,Classification
DST_0004,Thane,Maharashtra,8070032,77,23,High,15155,Boundary advisory: Split in 2025-04,4,Thane,41.78333333333333,99351,16.954095563139933,5860,2136,2136,384,353,26.468296532157492,4.7583454439833694,4.374208181578462,0.41,4750.291666666667,8603.208333333334,15155.0,8603.208333333334,4750.291666666667,0.4478,0.5802,0.4252,UNKNOWN (Panel Blindness / Low Sampling)
DST_0005,Palghar,Maharashtra,2990116,48,52,Medium,4401,0,5,Palghar,15.612499999999999,866,2.740506329113924,316,2002,2002,313,345,66.95392419558304,10.467821315293452,11.538013909828248,0.555,1377.8333333333333,3269.3333333333335,4401.0,3269.3333333333335,1377.8333333333333,0.5786,0.5508,0.5421,UNKNOWN (Panel Blindness / Low Sampling)
DST_0006,Nagpur,Maharashtra,4653570,68,32,High,8153,0,6,Nagpur,55.08083333333334,98729,16.759293838058056,5891,1755,1755,280,316,37.712981646348936,6.016885960671055,6.790485584185904,0.4551,2542.875,4854.583333333333,8153.0,4854.583333333333,2542.875,0.4762,0.5839,0.4547,UNKNOWN (Panel Blindness / Low Sampling)
DST_0008,Aurangabad,Maharashtra,3701282,44,56,Medium,5241,Official census spelling variant,8,Chhatrapati Sambhajinagar,57.3225,153961,28.90743522343222,5326,2162,2162,380,342,58.41219339677442,10.266712992957576,9.240041693661817,0.895,289.0833333333333,3978.2916666666665,5241.0,3978.2916666666665,289.0833333333333,0.9273,0.6029,0.8067,UNKNOWN (Panel Blindness / Low Sampling)
DST_0010,Solapur,Maharashtra,4317756,32,68,Medium,5388,0,10,Solapur,36.1,73340,12.577602469559253,5831,1699,1699,301,283,39.34914339763525,6.971213750846505,6.554330536510169,0.2766,1719.5,3199.0,5388.0,3199.0,1719.5,0.4625,0.5704,0.3723,UNKNOWN (Panel Blindness / Low Sampling)
DST_0011,Ahmednagar,Maharashtra,4543159,20,80,Medium,4906,0,11,Ahmednagar,41.156666666666666,81591,14.106327800829876,5784,1846,1846,302,326,40.63252023536926,6.64735704825651,7.175623833548419,0.3856,1420.1666666666667,2882.4166666666665,4906.0,2882.4166666666665,1420.1666666666667,0.5073,0.5377,0.4435,UNKNOWN (Panel Blindness / Low Sampling)
DST_0012,Satara,Maharashtra,3003741,19,81,Medium,3201,0,12,Satara,51.38125,74884,12.746212765957447,5875,1391,1391,229,243,46.308919444119844,7.623826421785367,8.089911879885783,0.4653,1032.0416666666667,1895.125,3201.0,1895.125,1032.0416666666667,0.4554,0.5595,0.4569,UNKNOWN (Panel Blindness / Low Sampling)
DST_0013,Sangli,Maharashtra,2822143,25,75,Medium,3245,0,13,Sangli,35.20583333333334,68997,13.335330498647082,5174,1175,1175,197,186,41.63502699898623,6.980510909617266,6.590736188775693,0.3465,1035.375,1876.7083333333333,3245.0,1876.7083333333333,1035.375,0.4483,0.5446,0.4039,UNKNOWN (Panel Blindness / Low Sampling)
DST_0014,Jalgaon,Maharashtra,4229917,32,68,Medium,5278,0,14,Jalgaon,40.94833333333333,67453,11.577926536216959,5826,1719,1719,277,292,40.63909528248427,6.548591851802294,6.903208739084006,0.2237,1659.375,3151.6666666666665,5278.0,3151.6666666666665,1659.375,0.4735,0.5621,0.354,UNKNOWN (Panel Blindness / Low Sampling)
DST_0015,Amravati,Maharashtra,2888445,36,64,Medium,3766,0,15,Amravati,54.203333333333326,85785,14.412802419354838,5952,1333,1333,218,246,46.149398724919465,7.547313519904308,8.516693238057155,0.5779,1287.2916666666667,2184.125,3766.0,2184.125,1287.2916666666667,0.4106,0.596,0.4846,UNKNOWN (Panel Blindness / Low Sampling)
DST_0016,Nanded,Maharashtra,3361292,27,73,Low-Medium,3959,0,16,Nanded,50.695,94406,16.096504688832056,5865,1443,1443,247,227,42.929920994665146,7.348364854942682,6.753355554947324,0.5328,1333.375,2243.1666666666665,3959.0,2243.1666666666665,1333.375,0.4056,0.5683,0.4681,UNKNOWN (Panel Blindness / Low Sampling)
DST_0017,Raigad,Maharashtra,2634200,37,63,Medium-High,3471,0,17,Raigad,41.13791666666666,77845,13.416925198207515,5802,1200,1200,199,183,45.554627590919445,7.554475742160808,6.947080707615216,0.4562,1027.8333333333333,2182.2083333333335,3471.0,2182.2083333333335,1027.8333333333333,0.529,0.5811,0.4742,UNKNOWN (Panel Blindness / Low Sampling)
DST_0018,Ratnagiri,Maharashtra,1615069,16,84,Medium,1653,0,18,Ratnagiri,52.2175,59074,15.95732036736899,3702,738,738,119,124,45.694642148415944,7.368106254283872,7.677690550682354,0.6018,531.9166666666666,966.75,1653.0,966.75,531.9166666666666,0.4498,0.5384,0.5206,UNKNOWN (Panel Blindness / Low Sampling)
DST_0019,Sindhudurg,Maharashtra,849651,13,87,Medium,834,0,19,Sindhudurg,25.39833333333333,2355,2.489429175475687,946,367,367,58,66,43.194205620896106,6.82633222346587,7.7678952887715065,0.2157,65.66666666666667,176.91666666666666,834.0,176.91666666666666,65.66666666666667,0.6288,0.6102,0.3951,UNKNOWN (Panel Blindness / Low Sampling)
DST_0020,Chandrapur,Maharashtra,2204307,35,65,Medium,2843,0,20,Chandrapur,34.93625,56029,12.579479119892232,4454,921,921,139,158,41.78183891808174,6.305836709677917,7.167785612439647,0.284,916.375,1693.1666666666667,2843.0,1693.1666666666667,916.375,0.4588,0.591,0.3702,UNKNOWN (Panel Blindness / Low Sampling)
DST_0021,Yavatmal,Maharashtra,2772348,22,78,Low-Medium,3071,0,21,Yavatmal,59.010416666666664,76901,12.89636089216837,5963,1181,1181,194,194,42.599269644359225,6.997678502121667,6.997678502121667,0.3409,936.8333333333334,1683.7916666666667,3071.0,1683.7916666666667,936.8333333333334,0.4436,0.5831,0.392,UNKNOWN (Panel Blindness / Low Sampling)
DST_0022,Buldhana,Maharashtra,2586258,21,79,Low-Medium,2829,0,22,Buldhana,57.312083333333334,11008,1.9763016157989228,5570,246,246,34,35,9.51181204659396,1.3146406893666447,1.3533065919950755,0.0237,1673.7083333333333,1697.7916666666667,2829.0,1697.7916666666667,1673.7083333333333,0.0142,0.5459,0.1065,UNKNOWN (Panel Blindness / Low Sampling)
DST_0023,Latur,Maharashtra,2455543,25,75,Medium,2823,0,23,Latur,45.26166666666666,88248,16.103649635036497,5480,1328,1328,221,228,54.08172449026549,9.000046018334844,9.285115349232328,0.8185,867.8333333333334,1702.0416666666667,2823.0,1702.0416666666667,867.8333333333334,0.4901,0.542,0.6315,UNKNOWN (Panel Blindness / Low Sampling)
DST_0024,Dhule,Maharashtra,2050862,28,72,Medium,2444,0,24,Dhule,40.07791666666667,47742,11.520752895752896,4144,992,992,175,151,48.369904947285576,8.532997344531227,7.362757708709801,0.4626,790.1666666666666,1356.5416666666667,2444.0,1356.5416666666667,790.1666666666666,0.4175,0.5488,0.4445,UNKNOWN (Panel Blindness / Low Sampling)
DST_0026,Wardha,Maharashtra,1300774,33,67,Medium,1641,0,26,Wardha,44.91166666666667,44455,14.537279267495094,3058,607,607,102,88,46.66452435242402,7.841485146535832,6.76520287152111,0.5713,552.7083333333334,915.9583333333334,1641.0,915.9583333333334,552.7083333333334,0.3966,0.5502,0.4859,UNKNOWN (Panel Blindness / Low Sampling)
DST_0027,Bhandara,Maharashtra,1200334,19,81,Low-Medium,1279,0,27,Bhandara,15.742916666666666,1830,2.760180995475113,663,585,585,107,80,48.73643502558455,8.914185551688114,6.664811627430366,0.4154,106.625,272.0833333333333,1279.0,272.0833333333333,106.625,0.6081,0.5874,0.4823,UNKNOWN (Panel Blindness / Low Sampling)
DST_0028,Gondia,Maharashtra,1322507,17,83,Low-Medium,1372,0,28,Gondia,15.417499999999999,2429,2.5461215932914047,954,630,630,100,98,47.636798897850824,7.561396650452512,7.410168717443462,0.3307,110.33333333333333,290.8333333333333,1372.0,290.8333333333333,110.33333333333333,0.6206,0.6105,0.4439,UNKNOWN (Panel Blindness / Low Sampling)
DST_0029,Washim,Maharashtra,1197160,18,82,Low-Medium,1259,0,29,Washim,26.614166666666666,4421,3.505947660586836,1261,571,571,101,89,47.69621437401851,8.436633365631996,7.434261084566808,0.424,95.625,267.25,1259.0,267.25,95.625,0.6422,0.6175,0.4921,UNKNOWN (Panel Blindness / Low Sampling)
DST_0030,Hingoli,Maharashtra,1177345,15,85,Low,1189,0,30,Hingoli,22.2625,2881,2.945807770961145,978,526,526,84,94,44.67679397287966,7.134697136353405,7.984065843062144,0.2993,89.41666666666667,238.83333333333334,1189.0,238.83333333333334,89.41666666666667,0.6256,0.563,0.441,UNKNOWN (Panel Blindness / Low Sampling)
DST_0031,Gadchiroli,Maharashtra,1072942,11,89,Low,1023,0,31,Gadchiroli,25.375,2563,2.6153061224489798,980,569,569,88,114,53.03175754141417,8.201748090763527,10.624991844852751,0.4818,87.45833333333333,225.16666666666666,1023.0,225.16666666666666,87.45833333333333,0.6116,0.5455,0.5218,UNKNOWN (Panel Blindness / Low Sampling)
DST_0032,Nandurbar,Maharashtra,1648295,17,83,Low,1710,0,32,Nandurbar,56.965833333333336,54613,13.30077934729664,4106,752,752,108,127,45.62290124037263,6.552225178138622,7.704931459477825,0.4115,617.25,1039.375,1710.0,1039.375,617.25,0.4061,0.5648,0.4144,UNKNOWN (Panel Blindness / Low Sampling)
DST_0033,Beed,Maharashtra,2585049,20,80,Low-Medium,2791,0,33,Beed,51.11083333333334,82391,14.144377682403434,5825,1164,1164,204,195,45.02816000779869,7.89153319724307,7.543377320894111,0.5376,885.75,1630.8333333333333,2791.0,1630.8333333333333,885.75,0.4569,0.5886,0.4841,UNKNOWN (Panel Blindness / Low Sampling)
DST_0035,Parbhani,Maharashtra,1836086,31,69,Low-Medium,2265,0,35,Parbhani,46.354166666666664,58449,13.205829191143245,4426,908,908,153,161,49.45302126370987,8.332943010294725,8.76865244874151,0.6093,741.5833333333334,1353.7916666666667,2265.0,1353.7916666666667,741.5833333333334,0.4522,0.5871,0.515,UNKNOWN (Panel Blindness / Low Sampling)
DST_0037,Bengaluru Rural,Karnataka,990923,27,73,Medium-High,1167,0,37,Bengaluru Rural,59.397083333333335,39099,12.869980250164582,3038,510,510,78,97,51.467167479208776,7.871449143878989,9.788853422516178,0.5868,357.125,675.9166666666666,1167.0,675.9166666666666,357.125,0.4716,0.6121,0.5067,UNKNOWN (Panel Blindness / Low Sampling)
DST_0041,Dakshina Kannada,Karnataka,2089649,48,52,High,3075,0,41,Dakshina Kannada,15.219583333333333,848,2.7712418300653594,306,1630,1630,277,258,78.00353073650167,13.255814732522065,12.346571122710081,0.5829,944.4583333333334,2275.7083333333335,3075.0,2275.7083333333335,944.4583333333334,0.585,0.6073,0.5456,UNKNOWN (Panel Blindness / Low Sampling)
DST_0042,Udupi,Karnataka,1177361,28,72,Medium-High,1403,0,42,Udupi,36.59916666666667,30115,14.633138969873663,2058,489,489,81,80,41.53356532108673,6.87979302864627,6.794857312243229,0.4322,460.625,849.7083333333334,1403.0,849.7083333333334,460.625,0.4579,0.498,0.4552,UNKNOWN (Panel Blindness / Low Sampling)
DST_0043,Shivamogga,Karnataka,1752759,36,64,Medium,2285,0,43,Shivamogga,42.64875,60803,14.797517644195668,4109,811,811,132,134,46.269909325811476,7.530984008640092,7.645089826952821,0.5769,739.6666666666666,1305.2083333333333,2285.0,1305.2083333333333,739.6666666666666,0.4333,0.5682,0.4976,UNKNOWN (Panel Blindness / Low Sampling)
DST_0044,Tumakuru,Karnataka,2678980,22,78,Medium,2968,0,44,Tumakuru,43.73791666666667,78177,14.152244750181028,5524,1159,1159,177,174,43.26273432425774,6.606992213454374,6.495009294582267,0.4041,987.5833333333334,1633.2916666666667,2968.0,1633.2916666666667,987.5833333333334,0.3953,0.5567,0.4089,UNKNOWN (Panel Blindness / Low Sampling)
DST_0045,Ballari,Karnataka,2452595,37,63,Medium,3232,0,45,Ballari,38.05958333333333,70052,13.647379699980519,5133,1224,1224,197,190,49.90632371019267,8.032308636362709,7.746896654359973,0.6001,1034.6666666666667,1885.3333333333333,3232.0,1885.3333333333333,1034.6666666666667,0.4512,0.5352,0.5209,UNKNOWN (Panel Blindness / Low Sampling)
DST_0046,Kalaburagi,Karnataka,2566326,33,67,Low-Medium,3238,0,46,Kalaburagi,41.54,78503,13.493124785149536,5818,1218,1218,205,183,47.46084480303749,7.988073222186113,7.130816583707603,0.5293,1035.75,1835.0,3238.0,1835.0,1035.75,0.4356,0.5826,0.4741,UNKNOWN (Panel Blindness / Low Sampling)
DST_0047,Davanagere,Karnataka,1945497,32,68,Medium,2427,0,47,Davanagere,37.842083333333335,58009,14.169272105520273,4094,900,900,137,138,46.260672722702736,7.04190240334475,7.093303150814419,0.4965,711.2083333333334,1431.7916666666667,2427.0,1431.7916666666667,711.2083333333334,0.5033,0.5319,0.4932,UNKNOWN (Panel Blindness / Low Sampling)
DST_0048,Hassan,Karnataka,1776421,21,79,Medium,1943,0,48,Hassan,43.35874999999999,52474,13.915141872182446,3771,823,823,138,132,46.32910779595603,7.768428767730173,7.430670995220165,0.534,611.0833333333334,1145.0416666666667,1943.0,1145.0416666666667,611.0833333333334,0.4663,0.6006,0.4834,UNKNOWN (Panel Blindness / Low Sampling)
DST_0049,Mandya,Karnataka,1805769,17,83,Medium,1874,0,49,Mandya,53.89125000000001,66184,15.062357760582612,4394,970,970,160,153,53.716726779560396,8.86049101518522,8.472844533270866,0.7615,626.3333333333334,1108.875,1874.0,1108.875,626.3333333333334,0.4352,0.5651,0.582,UNKNOWN (Panel Blindness / Low Sampling)
DST_0050,Vijayapura,Karnataka,2177331,23,77,Low-Medium,2442,0,50,Vijayapura,46.1,63566,13.387952822240944,4748,1023,1023,160,155,46.98412873375707,7.348446331770411,7.118807383902586,0.4738,775.125,1435.375,2442.0,1435.375,775.125,0.46,0.5604,0.4621,UNKNOWN (Panel Blindness / Low Sampling)
DST_0051,Bagalkote,Karnataka,1889552,32,68,Low-Medium,2358,0,51,Bagalkote,46.38458333333333,66834,13.791580685101115,4846,844,844,130,139,44.66667231174373,6.879937678349153,7.356241056081018,0.4254,727.0833333333334,1329.0,2358.0,1329.0,727.0833333333334,0.4529,0.5891,0.4321,UNKNOWN (Panel Blindness / Low Sampling)
DST_0052,Bidar,Karnataka,1700018,25,75,Low-Medium,1955,0,52,Bidar,41.077083333333334,50016,14.401382090411747,3473,818,818,132,127,48.11713758324912,7.764623668690566,7.470509135785621,0.5975,594.5,1277.0833333333333,1955.0,1277.0833333333333,594.5,0.5345,0.6154,0.5329,UNKNOWN (Panel Blindness / Low Sampling)
DST_0053,Chitradurga,Karnataka,1659456,20,80,Low-Medium,1792,0,53,Chitradurga,42.342083333333335,44133,12.652809633027523,3488,715,715,116,112,43.08640904007096,6.990242585522002,6.749199737745381,0.3276,552.8333333333334,1068.5833333333333,1792.0,1068.5833333333333,552.8333333333334,0.4826,0.5793,0.4005,UNKNOWN (Panel Blindness / Low Sampling)
DST_0055,Kodagu,Karnataka,554519,15,85,Medium-High,560,0,55,Kodagu,23.668333333333333,2623,4.1968,625,263,263,44,45,47.428492080523846,7.934804758718818,8.115141230507882,0.4254,47.875,126.91666666666667,560.0,126.91666666666667,47.875,0.6228,0.5456,0.5003,UNKNOWN (Panel Blindness / Low Sampling)
DST_0056,Kolar,Karnataka,1536401,31,69,Medium,1895,0,56,Kolar,53.67166666666666,52985,11.740527365388877,4513,804,804,134,136,52.33008830376965,8.72168138396161,8.851855732975961,0.5609,705.1666666666666,1076.125,1895.0,1076.125,705.1666666666666,0.3447,0.5485,0.4634,UNKNOWN (Panel Blindness / Low Sampling)
DST_0057,Koppal,Karnataka,1389920,17,83,Low,1442,0,57,Koppal,16.08375,3438,3.34761441090555,1027,681,681,116,118,48.99562564751928,8.34580407505468,8.489697248762518,0.4703,113.33333333333333,283.75,1442.0,283.75,113.33333333333333,0.6006,0.6044,0.501,UNKNOWN (Panel Blindness / Low Sampling)
DST_0058,Raichur,Karnataka,1928812,25,75,Low,2218,0,58,Raichur,56.742916666666666,71234,12.939872842870118,5505,929,929,135,143,48.16436231213825,6.999126923722996,7.4138900006843595,0.4524,728.7916666666666,1255.625,2218.0,1255.625,728.7916666666666,0.4196,0.5468,0.4411,UNKNOWN (Panel Blindness / Low Sampling)
DST_0059,Ramanagara,Karnataka,1082636,25,75,Medium,1245,0,59,Ramanagara,40.001666666666665,27713,13.336381135707411,2078,453,453,75,81,41.842318193741946,6.927536124791713,7.48173901477505,0.3722,401.0833333333333,725.875,1245.0,725.875,401.0833333333333,0.4474,0.5788,0.4083,UNKNOWN (Panel Blindness / Low Sampling)
DST_0060,Uttara Kannada,Karnataka,1437169,29,71,Medium,1733,0,60,Uttara Kannada,46.98833333333334,47799,13.903141361256544,3438,687,687,103,111,47.80231134960468,7.166867640479304,7.723517554302939,0.5278,508.875,1018.7083333333334,1733.0,1018.7083333333334,508.875,0.5005,0.5467,0.5033,UNKNOWN (Panel Blindness / Low Sampling)
DST_0062,Chamarajanagar,Karnataka,1020791,17,83,Low-Medium,1059,0,62,Chamarajanagar,56.14208333333334,4205,1.863918439716312,2256,89,89,16,15,8.718728907288563,1.5674119383889553,1.4694486922396455,0.0174,593.7083333333334,661.125,1059.0,661.125,593.7083333333334,0.102,0.4625,0.151,UNKNOWN (Panel Blindness / Low Sampling)
DST_0063,Gadag,Karnataka,1064570,36,64,Low-Medium,1388,0,63,Gadag,51.35833333333333,37227,11.74353312302839,3170,483,483,86,89,45.37043125393352,8.078379063847375,8.36018298467926,0.436,417.2916666666667,900.9166666666666,1388.0,900.9166666666666,417.2916666666667,0.5368,0.524,0.4793,UNKNOWN (Panel Blindness / Low Sampling)
DST_0064,Haveri,Karnataka,1597668,21,79,Low-Medium,1747,0,64,Haveri,55.35125,50806,12.42200488997555,4090,818,818,125,152,51.199623451180095,7.823903339116763,9.513866460365984,0.5466,529.625,1034.0833333333333,1747.0,1034.0833333333333,529.625,0.4878,0.5893,0.4988,UNKNOWN (Panel Blindness / Low Sampling)
DST_0067,Madurai,Tamil Nadu,3038252,61,39,Medium-High,5025,0,67,Madurai,41.96375,92409,15.774837828610448,5858,1404,1404,260,216,46.21078172580813,8.55755217144595,7.109351034739713,0.6507,1564.125,2987.0416666666665,5025.0,2987.0416666666665,1564.125,0.4764,0.6026,0.539,UNKNOWN (Panel Blindness / Low Sampling)
DST_0068,Tiruchirappalli,Tamil Nadu,2722290,49,51,Medium-High,4045,0,68,Tiruchirappalli,55.51,139067,26.44864967668315,5258,2147,2147,360,358,78.86742411719545,13.224160541308972,13.150692982746143,0.9307,231.75,3086.8333333333335,4045.0,3086.8333333333335,231.75,0.9249,0.586,0.8253,UNKNOWN (Panel Blindness / Low Sampling)
DST_0070,Tirunelveli,Tamil Nadu,1665253,49,51,Medium,2474,0,70,Tirunelveli,43.29791666666667,74410,15.466638952400748,4811,733,733,126,137,44.01733550397447,7.5664178356081635,8.226978122843796,0.5853,811.375,1454.25,2474.0,1454.25,811.375,0.4421,0.5581,0.5065,UNKNOWN (Panel Blindness / Low Sampling)
DST_0071,Tiruppur,Tamil Nadu,2479052,61,39,High,4100,0,71,Tiruppur,11.182916666666666,920,2.857142857142857,322,1844,1844,304,313,74.38327231538507,12.262752051994068,12.625794053533367,0.5816,1326.25,2967.875,4100.0,2967.875,1326.25,0.5531,0.5859,0.5381,UNKNOWN (Panel Blindness / Low Sampling)
DST_0074,Thanjavur,Tamil Nadu,2405890,35,65,Medium,3103,0,74,Thanjavur,43.94166666666666,105548,18.248271092669434,5784,1176,1176,187,214,48.880040234590936,7.772591431860974,8.89483725357352,0.7541,1018.4166666666666,1909.875,3103.0,1909.875,1018.4166666666666,0.4668,0.5509,0.5925,UNKNOWN (Panel Blindness / Low Sampling)
DST_0075,Dindigul,Tamil Nadu,2159775,37,63,Medium,2846,0,75,Dindigul,55.00583333333333,86084,14.622728044844573,5887,937,937,158,166,43.38414881179752,7.3155768540704464,7.685985808706925,0.5119,868.4166666666666,1549.7083333333333,2846.0,1549.7083333333333,868.4166666666666,0.4396,0.5773,0.4688,UNKNOWN (Panel Blindness / Low Sampling)
DST_0076,Kancheepuram,Tamil Nadu,1166401,63,37,Medium-High,1961,Official census spelling variant,76,Kanchipuram,12.455833333333333,842,2.6394984326018807,319,823,823,156,109,70.55892441793175,13.374474130251947,9.344985129470912,0.5591,608.2916666666666,1430.75,1961.0,1430.75,608.2916666666666,0.5748,0.6247,0.5278,UNKNOWN (Panel Blindness / Low Sampling)
DST_0077,Chengalpattu,Tamil Nadu,2556244,68,32,High,4478,0,77,Chengalpattu,16.336666666666666,1647,4.901785714285714,336,1750,1750,316,293,68.45981838979378,12.361887206385619,11.462129593262615,0.6006,1358.5833333333333,3262.375,4478.0,3262.375,1358.5833333333333,0.5836,0.5908,0.5564,UNKNOWN (Panel Blindness / Low Sampling)
DST_0078,Cuddalore,Tamil Nadu,2605914,34,66,Medium,3325,0,78,Cuddalore,48.05083333333334,91338,16.018589968432128,5702,1136,1136,180,189,43.59315004255705,6.907365323644602,7.252733589826833,0.5237,1044.875,1983.4583333333333,3325.0,1983.4583333333333,1044.875,0.4732,0.5589,0.4895,UNKNOWN (Panel Blindness / Low Sampling)
DST_0079,Dharmapuri,Tamil Nadu,1506843,17,83,Low-Medium,1564,0,79,Dharmapuri,45.56125,5909,2.0697022767075306,2855,123,123,20,19,8.162761482118576,1.327278289775378,1.2609143752866092,0.0204,918.5,967.4166666666666,1564.0,967.4166666666666,918.5,0.0506,0.5835,0.1102,UNKNOWN (Panel Blindness / Low Sampling)
DST_0080,Karur,Tamil Nadu,1064493,41,59,Medium,1462,0,80,Karur,42.330416666666665,37691,13.918389955686854,2708,490,490,71,81,46.03130316498088,6.6698418871706995,7.6092562374764325,0.4669,452.125,900.2083333333334,1462.0,900.2083333333334,452.125,0.4978,0.5634,0.4717,UNKNOWN (Panel Blindness / Low Sampling)
DST_0081,Krishnagiri,Tamil Nadu,1879809,23,77,Medium,2109,0,81,Krishnagiri,50.907916666666665,79111,16.24122356805584,4871,873,873,143,169,46.440888409407556,7.6071558333852005,8.990275075818873,0.6743,661.6666666666666,1254.5833333333333,2109.0,1254.5833333333333,661.6666666666666,0.4726,0.5677,0.5553,UNKNOWN (Panel Blindness / Low Sampling)
DST_0082,Nagapattinam,Tamil Nadu,1616450,23,77,Low-Medium,1813,0,82,Nagapattinam,43.49625,48585,14.314967589864466,3394,759,759,129,135,46.95474651241919,7.980450988276779,8.351634755173373,0.6124,594.25,1036.5416666666667,1813.0,1036.5416666666667,594.25,0.4267,0.5594,0.513,UNKNOWN (Panel Blindness / Low Sampling)
DST_0083,Namakkal,Tamil Nadu,1726601,40,60,Medium,2348,0,83,Namakkal,52.369166666666665,76370,13.89556040756914,5496,797,797,147,124,46.160056666247726,8.513837302306671,7.181740309428756,0.5569,717.7916666666666,1427.375,2348.0,1427.375,717.7916666666666,0.4971,0.6048,0.5036,UNKNOWN (Panel Blindness / Low Sampling)
DST_0085,Perambalur,Tamil Nadu,565223,17,83,Low-Medium,586,0,85,Perambalur,19.179166666666667,735,2.289719626168224,321,287,287,34,54,50.77641921860929,6.015324924852669,9.553751351236592,0.3269,46.458333333333336,151.29166666666666,586.0,151.29166666666666,46.458333333333336,0.6929,0.6531,0.459,UNKNOWN (Panel Blindness / Low Sampling)
DST_0086,Pudukkottai,Tamil Nadu,1618345,20,80,Low-Medium,1747,0,86,Pudukkottai,41.00541666666667,36710,11.665077851922465,3147,750,750,142,123,46.34364118899246,8.774396065115905,7.600357154994763,0.4544,581.5833333333334,1005.7083333333334,1747.0,1005.7083333333334,581.5833333333334,0.4217,0.5978,0.4325,UNKNOWN (Panel Blindness / Low Sampling)
DST_0088,Ranipet,Tamil Nadu,1210277,42,58,Medium,1679,0,88,Ranipet,50.219166666666666,48374,12.838110403397028,3768,581,581,96,96,48.00553922779661,7.932068443835585,7.932068443835585,0.5149,522.0416666666666,1005.75,1679.0,1005.75,522.0416666666666,0.4809,0.5734,0.4853,UNKNOWN (Panel Blindness / Low Sampling)
DST_0089,Sivaganga,Tamil Nadu,1339101,31,69,Low-Medium,1652,0,89,Sivaganga,38.288333333333334,54802,19.635256180580438,2791,673,673,102,104,50.25759819460967,7.617050543610975,7.766404475838641,0.7374,537.375,972.9583333333334,1652.0,972.9583333333334,537.375,0.4477,0.5576,0.577,UNKNOWN (Panel Blindness / Low Sampling)
DST_0090,Tenkasi,Tamil Nadu,1407627,43,57,Medium,1973,0,90,Tenkasi,36.60666666666666,49850,16.243075920495276,3069,647,647,108,107,45.96388105655831,7.672487100631063,7.601445553402997,0.6353,742.625,1178.1666666666667,1973.0,1178.1666666666667,742.625,0.3697,0.5632,0.5026,UNKNOWN (Panel Blindness / Low Sampling)
DST_0091,Theni,Tamil Nadu,1245899,54,46,Medium,1938,0,91,Theni,37.92166666666667,47496,15.331181407359587,3098,588,588,100,109,47.19483682064116,8.026332792626048,8.748702743962392,0.6801,677.375,1177.9583333333333,1938.0,1177.9583333333333,677.375,0.425,0.5358,0.5476,UNKNOWN (Panel Blindness / Low Sampling)
DST_0092,Thoothukudi,Tamil Nadu,1750176,50,50,Medium-High,2625,0,92,Thoothukudi,54.035,81151,14.052121212121213,5775,952,952,163,143,54.394529464465286,9.31334905746622,8.170606841826194,0.7065,822.5833333333334,1545.8333333333333,2625.0,1545.8333333333333,822.5833333333334,0.4679,0.5775,0.5662,UNKNOWN (Panel Blindness / Low Sampling)
DST_0093,Tirupathur,Tamil Nadu,1111812,38,62,Low-Medium,1480,0,93,Tirupathur,59.01958333333334,53409,14.303427959292984,3734,467,467,79,75,42.003504189557226,7.10551783934694,6.7457447841901335,0.4263,490.875,838.5416666666666,1480.0,838.5416666666666,490.875,0.4146,0.5809,0.4208,UNKNOWN (Panel Blindness / Low Sampling)
DST_0094,Tiruvallur,Tamil Nadu,3728104,65,35,High,6375,0,94,Tiruvallur,48.46083333333333,96124,16.610333506134438,5787,1616,1616,284,243,43.3464302497999,7.617813236969785,6.518058509097386,0.566,2237.8333333333335,3843.4583333333335,6375.0,3843.4583333333335,2237.8333333333335,0.4178,0.5542,0.4901,UNKNOWN (Panel Blindness / Low Sampling)
DST_0095,Tiruvannamalai,Tamil Nadu,2464875,20,80,Low-Medium,2662,0,95,Tiruvannamalai,37.45375,56965,12.905527865881286,4414,1211,1211,198,207,49.13028044018459,8.032861706983113,8.397991784573254,0.5647,805.9166666666666,1723.75,2662.0,1723.75,805.9166666666666,0.5325,0.6207,0.5164,UNKNOWN (Panel Blindness / Low Sampling)
DST_0096,Tiruvarur,Tamil Nadu,1264277,20,80,Low-Medium,1365,0,96,Tiruvarur,45.64166666666667,29857,11.01327923275544,2711,579,579,95,79,45.79692583191816,7.514176086411442,6.248630640278989,0.3241,410.5,781.4583333333334,1365.0,781.4583333333334,410.5,0.4747,0.5681,0.3984,UNKNOWN (Panel Blindness / Low Sampling)
DST_0098,Virudhunagar,Tamil Nadu,1942288,51,49,Medium,2940,0,98,Virudhunagar,51.212916666666665,106307,18.1442225635774,5859,946,946,168,152,48.70544430074222,8.64959264537494,7.825821917243993,0.7668,1054.375,1644.8333333333333,2940.0,1644.8333333333333,1054.375,0.359,0.5697,0.5568,UNKNOWN (Panel Blindness / Low Sampling)
DST_0099,Kallakurichi,Tamil Nadu,1370281,13,87,Low,1345,0,99,Kallakurichi,27.540000000000003,5455,3.441640378548896,1585,732,732,102,119,53.41970004692468,7.4437286950632755,8.684350144240488,0.4531,103.41666666666667,285.4166666666667,1345.0,285.4166666666667,103.41666666666667,0.6377,0.642,0.4987,UNKNOWN (Panel Blindness / Low Sampling)
DST_0101,East Delhi,Delhi NCR,1709346,100,0,High,3760,0,101,East Delhi,34.72375,128602,21.91955002556673,5867,958,958,127,165,56.04482650089566,7.429742135296189,9.652814585227333,0.7862,1138.7083333333333,2185.9583333333335,3760.0,2185.9583333333335,1138.7083333333333,0.4791,0.5975,0.602,UNKNOWN (Panel Blindness / Low Sampling)
DST_0102,New Delhi,Delhi NCR,142004,100,0,High,312,0,102,New Delhi,56.385,11993,17.108416547788874,701,70,70,12,11,49.29438607363173,8.450466184051153,7.746260668713558,0.7578,97.54166666666667,180.625,312.0,180.625,97.54166666666667,0.46,0.5562,0.5908,UNKNOWN (Panel Blindness / Low Sampling)
DST_0103,North Delhi,Delhi NCR,887978,100,0,High,1953,0,103,North Delhi,55.397083333333335,98506,20.45815160955348,4815,415,415,76,71,46.73539209304735,8.558770600172526,7.995693587003282,0.7469,579.5,1178.875,1953.0,1178.875,579.5,0.5084,0.5791,0.5982,UNKNOWN (Panel Blindness / Low Sampling)
DST_0104,North East Delhi,Delhi NCR,2241624,100,0,Medium-High,4931,0,104,North East Delhi,51.305,105158,17.969583048530417,5852,1105,1105,184,204,49.294618544412444,8.20833467164877,9.100544962045374,0.7851,1592.125,2957.875,4931.0,2957.875,1592.125,0.4617,0.5485,0.6052,UNKNOWN (Panel Blindness / Low Sampling)
DST_0105,North West Delhi,Delhi NCR,3656539,94,6,High,7737,0,105,North West Delhi,43.42208333333334,103633,17.84314738292011,5808,1560,1560,263,241,42.663294443187944,7.1925938708707875,6.590932026159163,0.5422,2455.8333333333335,4728.916666666667,7737.0,4728.916666666667,2455.8333333333335,0.4807,0.5405,0.5041,UNKNOWN (Panel Blindness / Low Sampling)
DST_0107,South East Delhi,Delhi NCR,2150000,100,0,High,4730,0,107,South East Delhi,38.60208333333333,90762,15.334009123162696,5919,1036,1036,187,177,48.18604651162791,8.69767441860465,8.232558139534884,0.7141,1443.125,2768.0,4730.0,2768.0,1443.125,0.4786,0.5698,0.5749,UNKNOWN (Panel Blindness / Low Sampling)
DST_0108,South West Delhi,Delhi NCR,2292958,94,6,High,4851,0,108,South West Delhi,48.31875,102041,17.350960720965823,5881,978,978,159,171,42.65232943647463,6.934274417586366,7.457615883064583,0.5453,1527.6666666666667,2802.4583333333335,4851.0,2802.4583333333335,1527.6666666666667,0.4549,0.5459,0.4954,UNKNOWN (Panel Blindness / Low Sampling)
DST_0109,West Delhi,Delhi NCR,2543243,100,0,High,5595,0,109,West Delhi,49.40833333333333,93972,16.071831708568496,5847,1257,1257,193,191,49.42508442960425,7.588736113694209,7.510096361220693,0.6793,1974.8333333333333,3374.5833333333335,5595.0,3374.5833333333335,1974.8333333333333,0.4148,0.5738,0.5361,UNKNOWN (Panel Blindness / Low Sampling)
DST_0112,Kanpur Nagar,Uttar Pradesh,4581268,66,34,High,7898,0,112,Kanpur Nagar,43.02333333333333,89406,15.07689713322091,5930,1853,1853,307,283,40.44731720562953,6.701201501418384,6.177329071340075,0.4228,2444.7083333333335,4595.583333333333,7898.0,4595.583333333333,2444.7083333333335,0.468,0.5361,0.4468,UNKNOWN (Panel Blindness / Low Sampling)
DST_0114,Prayagraj,Uttar Pradesh,5954391,25,75,Medium-High,6847,0,114,Prayagraj,40.566250000000004,78404,13.377239378945573,5861,2074,2074,329,357,34.83143784141821,5.525334160957855,5.995575366145757,0.2676,2334.5416666666665,4066.125,6847.0,4066.125,2334.5416666666665,0.4259,0.5406,0.3614,UNKNOWN (Panel Blindness / Low Sampling)
DST_0117,Ghaziabad,Uttar Pradesh,4681645,67,33,High,8136,0,117,Ghaziabad,44.23458333333334,93671,16.105742778541952,5816,1842,1842,311,324,39.34514470875087,6.642964171781499,6.920644346164649,0.4649,2538.2916666666665,4844.666666666667,8136.0,4844.666666666667,2538.2916666666665,0.4761,0.577,0.4604,UNKNOWN (Panel Blindness / Low Sampling)
DST_0118,Gautam Buddha Nagar,Uttar Pradesh,1648115,59,41,High,2679,0,118,Gautam Buddha Nagar,13.879583333333334,1123,3.476780185758514,323,1403,1403,214,227,85.12755481261927,12.984530812473645,13.773310721642604,0.6106,810.25,1994.3333333333333,2679.0,1994.3333333333333,810.25,0.5937,0.5672,0.5691,UNKNOWN (Panel Blindness / Low Sampling)
DST_0119,Bareilly,Uttar Pradesh,4448359,35,65,Medium,5738,0,119,Bareilly,53.5,83819,14.332934336525307,5848,1726,1726,311,300,38.80082520318167,6.99134220057329,6.744060000553013,0.3981,1777.125,3494.25,5738.0,3494.25,1777.125,0.4914,0.5566,0.4398,UNKNOWN (Panel Blindness / Low Sampling)
DST_0120,Aligarh,Uttar Pradesh,3673889,33,67,Medium,4636,0,120,Aligarh,39.69916666666666,72771,12.579256698357822,5785,1676,1676,295,273,45.6192334607823,8.029638347810726,7.43081786085535,0.4472,1495.7916666666667,2728.2916666666665,4636.0,2728.2916666666665,1495.7916666666667,0.4517,0.5367,0.452,UNKNOWN (Panel Blindness / Low Sampling)
DST_0121,Moradabad,Uttar Pradesh,4772006,33,67,Medium,6022,0,121,Moradabad,58.03,83540,14.495922262710394,5763,1687,1687,273,293,35.35200919697083,5.720864558845903,6.139975515537911,0.3471,1820.3333333333333,3567.8333333333335,6022.0,3567.8333333333335,1820.3333333333333,0.4898,0.5961,0.4084,UNKNOWN (Panel Blindness / Low Sampling)
DST_0122,Saharanpur,Uttar Pradesh,3466382,30,70,Medium,4228,0,122,Saharanpur,50.83416666666667,80289,14.070977917981072,5706,1630,1630,258,284,47.02309208852342,7.442918870453401,8.19298046204948,0.5565,1392.875,2428.125,4228.0,2428.125,1392.875,0.4264,0.577,0.4843,UNKNOWN (Panel Blindness / Low Sampling)
DST_0123,Gorakhpur,Uttar Pradesh,4440895,19,81,Medium,4733,0,123,Gorakhpur,57.99583333333334,74512,12.978923532485629,5741,1778,1778,319,288,40.03697452878305,7.183236712419457,6.4851792262595715,0.3229,1513.5,2844.4583333333335,4733.0,2844.4583333333335,1513.5,0.4679,0.5323,0.4026,UNKNOWN (Panel Blindness / Low Sampling)
DST_0124,Jhansi,Uttar Pradesh,1998603,42,58,Medium,2774,0,124,Jhansi,51.038333333333334,82696,14.238292011019285,5808,1028,1028,170,179,51.435927995705,8.505941400067949,8.956255944777427,0.6988,880.0,1588.7916666666667,2774.0,1588.7916666666667,880.0,0.4461,0.5625,0.5581,UNKNOWN (Panel Blindness / Low Sampling)
DST_0125,Mathura,Uttar Pradesh,2547184,30,70,Medium,3107,0,125,Mathura,35.1925,67277,13.949201741654571,4823,1061,1061,174,165,41.653842046746526,6.831073059504143,6.477741694357377,0.3788,1039.7083333333333,1902.0416666666667,3107.0,1902.0416666666667,1039.7083333333333,0.4534,0.5582,0.4175,UNKNOWN (Panel Blindness / Low Sampling)
DST_0126,Ayodhya,Uttar Pradesh,2470996,14,86,Medium,2461,0,126,Ayodhya,44.18083333333333,63702,13.05636400901824,4879,1210,1210,205,196,48.968108406488724,8.296249771347263,7.932024171629578,0.5693,764.875,1491.4166666666667,2461.0,1491.4166666666667,764.875,0.4871,0.6028,0.5061,UNKNOWN (Panel Blindness / Low Sampling)
DST_0127,Muzaffarnagar,Uttar Pradesh,4143512,29,71,Medium,4997,0,127,Muzaffarnagar,35.33416666666667,94954,16.13217804960924,5886,1767,1767,271,293,42.64498328953796,6.5403454846999365,7.071296040653436,0.491,1716.0416666666667,2989.2916666666665,4997.0,2989.2916666666665,1716.0416666666667,0.4259,0.5808,0.4539,UNKNOWN (Panel Blindness / Low Sampling)
DST_0130,Shahjahanpur,Uttar Pradesh,3006538,20,80,Low-Medium,3247,0,130,Shahjahanpur,59.98083333333333,74900,12.607305167480222,5941,1425,1425,262,228,47.39670677703059,8.714341877601413,7.583473084324894,0.5166,1024.7083333333333,1873.75,3247.0,1873.75,1024.7083333333333,0.4531,0.5504,0.481,UNKNOWN (Panel Blindness / Low Sampling)
DST_0131,Rampur,Uttar Pradesh,2335819,25,75,Low-Medium,2686,0,131,Rampur,44.885416666666664,75406,14.585299806576403,5170,1138,1138,213,207,48.71952835386646,9.118857240222809,8.861988022188363,0.7163,864.0,1616.2083333333333,2686.0,1616.2083333333333,864.0,0.4654,0.5221,0.5808,UNKNOWN (Panel Blindness / Low Sampling)
DST_0132,Mirzapur,Uttar Pradesh,2496970,14,86,Low-Medium,2486,0,132,Mirzapur,37.27166666666667,51528,13.54930318169866,3803,1157,1157,213,191,46.33615942522337,8.530338770589955,7.649270916350617,0.5556,847.625,1497.0,2486.0,1497.0,847.625,0.4338,0.5697,0.4879,UNKNOWN (Panel Blindness / Low Sampling)
DST_0135,Amroha,Uttar Pradesh,1840221,25,75,Low-Medium,2116,0,135,Amroha,37.389583333333334,49551,14.391809468486786,3443,788,788,127,133,42.82094378881667,6.901345001497103,7.227392796843422,0.4412,632.4166666666666,1210.75,2116.0,1210.75,632.4166666666666,0.4777,0.5095,0.4638,UNKNOWN (Panel Blindness / Low Sampling)
DST_0136,Hardoi,Uttar Pradesh,4092845,13,87,Low,4019,0,136,Hardoi,52.59375,10883,1.9740613096317794,5513,400,400,63,69,9.773152904642126,1.539271582481135,1.6858688760507667,0.0293,2261.7916666666665,2493.875,4019.0,2493.875,2261.7916666666665,0.0931,0.5298,0.1398,UNKNOWN (Panel Blindness / Low Sampling)
DST_0137,Fatehpur,Uttar Pradesh,2632733,12,88,Low-Medium,2548,0,137,Fatehpur,37.4925,58863,14.10567936736161,4173,1133,1133,185,181,43.03512737524086,7.026918415198199,6.8749850440587785,0.4291,819.75,1481.5833333333333,2548.0,1481.5833333333333,819.75,0.4467,0.5208,0.4453,UNKNOWN (Panel Blindness / Low Sampling)
DST_0138,Raebareli,Uttar Pradesh,3405559,9,91,Low-Medium,3153,0,138,Raebareli,57.80375,74835,12.842800755105543,5827,1639,1639,276,281,48.12719439011334,8.10439637075734,8.251215145589901,0.5375,1022.25,1797.7916666666667,3153.0,1797.7916666666667,1022.25,0.4314,0.5717,0.4785,UNKNOWN (Panel Blindness / Low Sampling)
DST_0139,Sitapur,Uttar Pradesh,4483992,12,88,Low,4340,0,139,Sitapur,57.718333333333334,69221,11.949076471603659,5793,1725,1725,251,299,38.47018460336236,5.597690629242871,6.668165331249476,0.2078,1424.2083333333333,2601.625,4340.0,2601.625,1424.2083333333333,0.4526,0.5445,0.343,UNKNOWN (Panel Blindness / Low Sampling)
DST_0140,Unnao,Uttar Pradesh,3108367,17,83,Low-Medium,3226,0,140,Unnao,38.83625,71264,12.9288824383164,5512,1325,1325,218,225,42.6268841484934,7.013328863676651,7.238527496913974,0.354,1009.9583333333334,1939.5,3226.0,1939.5,1009.9583333333334,0.4793,0.572,0.4127,UNKNOWN (Panel Blindness / Low Sampling)
DST_0141,Jaunpur,Uttar Pradesh,4494204,8,92,Low-Medium,4098,0,141,Jaunpur,48.599583333333335,84425,14.573623338511997,5793,1827,1827,315,295,40.65236023998911,7.009027627584329,6.5640100004361175,0.424,1365.125,2316.625,4098.0,2316.625,1365.125,0.4107,0.6006,0.4144,UNKNOWN (Panel Blindness / Low Sampling)
DST_0142,Barabanki,Uttar Pradesh,3260699,10,90,Low-Medium,3065,0,142,Barabanki,50.362500000000004,66871,11.305325443786982,5915,1439,1439,237,251,44.13164171240583,7.268380184739529,7.69773597624313,0.3243,982.2083333333334,1931.9166666666667,3065.0,1931.9166666666667,982.2083333333334,0.4916,0.5618,0.4056,UNKNOWN (Panel Blindness / Low Sampling)
DST_0143,Basti,Uttar Pradesh,2464464,6,94,Low,2178,0,143,Basti,42.78,48277,11.68086135978708,4133,1190,1190,221,201,48.28636165916808,8.967467165274073,8.15593167520402,0.5085,718.375,1267.75,2178.0,1267.75,718.375,0.4333,0.5716,0.4662,UNKNOWN (Panel Blindness / Low Sampling)
DST_0145,Gonda,Uttar Pradesh,3433919,7,93,Low,3083,0,145,Gonda,47.88708333333333,69299,11.819716868497355,5863,1398,1398,249,227,40.71150193117543,7.251190258127812,6.610522845763106,0.2713,937.5416666666666,1835.875,3083.0,1835.875,937.5416666666666,0.4893,0.5324,0.3869,UNKNOWN (Panel Blindness / Low Sampling)
DST_0146,Sultanpur,Uttar Pradesh,3797117,5,95,Low-Medium,3303,0,146,Sultanpur,41.08708333333333,71481,12.37123572170301,5778,1709,1709,294,271,45.00783094121145,7.742716381928711,7.136993671777825,0.3881,1040.5833333333333,1945.25,3303.0,1945.25,1040.5833333333333,0.4651,0.5813,0.4212,UNKNOWN (Panel Blindness / Low Sampling)
DST_0147,Ballia,Uttar Pradesh,3239774,9,91,Low-Medium,3000,0,147,Ballia,51.278333333333336,66984,11.364777740074652,5894,1348,1348,254,207,41.607840546902345,7.840053040736793,6.389334564694945,0.2956,922.625,1780.75,3000.0,1780.75,922.625,0.4819,0.5519,0.3913,UNKNOWN (Panel Blindness / Low Sampling)
DST_0148,Lakhimpur Kheri,Uttar Pradesh,4021243,11,89,Low,3836,0,148,Lakhimpur Kheri,56.37583333333333,78538,13.513076393668273,5812,1501,1501,230,269,37.32676687283012,5.719624504164509,6.689473876609795,0.2968,1189.5,2260.125,3836.0,2260.125,1189.5,0.4737,0.5989,0.3796,UNKNOWN (Panel Blindness / Low Sampling)
DST_0149,Bijnor,Uttar Pradesh,3682713,25,75,Medium,4235,0,149,Bijnor,41.12291666666667,83053,14.565591020694493,5702,1674,1674,297,279,45.45561926764318,8.064706644259275,7.575936544607196,0.5822,1458.7916666666667,2438.5,4235.0,2438.5,1458.7916666666667,0.4018,0.5751,0.4876,UNKNOWN (Panel Blindness / Low Sampling)
DST_0150,Ghazipur,Uttar Pradesh,3620268,8,92,Low-Medium,3301,0,150,Ghazipur,44.504999999999995,77178,13.521023125437981,5708,1552,1552,252,251,42.8697543938736,6.9608106361186515,6.933188371689609,0.3822,1073.1666666666667,2139.4583333333335,3301.0,2139.4583333333335,1073.1666666666667,0.4984,0.5544,0.4356,UNKNOWN (Panel Blindness / Low Sampling)
DST_0155,Bhavnagar,Gujarat,2880365,41,59,Medium-High,3957,0,155,Bhavnagar,39.08625,107283,18.51941998964267,5793,1187,1187,188,186,41.21005497567148,6.526950577444178,6.457514933003282,0.4944,1306.3333333333333,2364.25,3957.0,2364.25,1306.3333333333333,0.4475,0.5544,0.4682,UNKNOWN (Panel Blindness / Low Sampling)
DST_0156,Jamnagar,Gujarat,2160119,45,55,Medium-High,3088,0,156,Jamnagar,42.27791666666666,83852,15.163110307414104,5530,985,985,205,136,45.59933966600914,9.49021790003236,6.295949436119029,0.6272,1045.5,1831.4583333333333,3088.0,1831.4583333333333,1045.5,0.4291,0.588,0.5148,UNKNOWN (Panel Blindness / Low Sampling)
DST_0157,Junagadh,Gujarat,2743082,33,67,Medium,3461,0,157,Junagadh,44.901250000000005,82089,13.812720848056538,5943,1073,1073,174,194,39.11658492163195,6.343229987291667,7.072336882382663,0.34,1119.0,2025.9166666666667,3461.0,2025.9166666666667,1119.0,0.4477,0.6046,0.3888,UNKNOWN (Panel Blindness / Low Sampling)
DST_0158,Gandhinagar,Gujarat,1391753,43,57,High,1951,0,158,Gandhinagar,14.074583333333335,1337,4.076219512195122,328,1118,1118,189,184,80.33034597374679,13.579995875704958,13.220736725554032,0.6166,594.375,1437.7916666666667,1951.0,1437.7916666666667,594.375,0.5866,0.7165,0.5395,UNKNOWN (Panel Blindness / Low Sampling)
DST_0159,Anand,Gujarat,2092745,30,70,Medium-High,2553,0,159,Anand,11.340416666666668,873,2.6137724550898205,334,1680,1680,293,282,80.27733909291385,14.000750210847475,13.475124776310539,0.5757,793.0,1810.2083333333333,2553.0,1810.2083333333333,793.0,0.5619,0.5556,0.5446,UNKNOWN (Panel Blindness / Low Sampling)
DST_0160,Navsari,Gujarat,1329672,51,49,Medium-High,2013,0,160,Navsari,42.16375,50878,14.687644341801386,3464,635,635,120,88,47.756138355925366,9.024782051513455,6.618173504443201,0.645,647.5833333333334,1132.4583333333333,2013.0,1132.4583333333333,647.5833333333334,0.4282,0.528,0.5345,UNKNOWN (Panel Blindness / Low Sampling)
DST_0161,Morbi,Gujarat,960329,37,63,High,1265,0,161,Morbi,37.35,28582,14.114567901234567,2025,506,506,91,73,52.6902759366842,9.475919190194194,7.60156154817776,0.6909,378.6666666666667,759.2916666666666,1265.0,759.2916666666666,378.6666666666667,0.5013,0.5946,0.5674,UNKNOWN (Panel Blindness / Low Sampling)
DST_0162,Bharuch,Gujarat,1551019,34,66,Medium-High,1979,0,162,Bharuch,53.8725,59608,12.237322931636214,4871,693,693,114,122,44.680303722907325,7.350006673032374,7.865796614999558,0.3762,576.125,1106.125,1979.0,1106.125,576.125,0.4792,0.5529,0.4264,UNKNOWN (Panel Blindness / Low Sampling)
DST_0163,Valsad,Gujarat,1705678,37,63,Medium-High,2248,0,163,Valsad,41.05291666666667,47720,11.630514257860103,4103,902,902,153,151,52.88219699146029,8.970040066178962,8.852784640477276,0.5666,677.3333333333334,1282.375,2248.0,1282.375,677.3333333333334,0.4718,0.5965,0.5008,UNKNOWN (Panel Blindness / Low Sampling)
DST_0166,Kutch,Gujarat,2092371,35,65,Medium,2699,0,166,Kutch,37.214166666666664,53813,12.081948810058375,4454,932,932,157,152,44.54276990074896,7.503449436070372,7.264486078233736,0.354,842.5416666666666,1566.6666666666667,2699.0,1566.6666666666667,842.5416666666666,0.4622,0.5806,0.4049,UNKNOWN (Panel Blindness / Low Sampling)
DST_0167,Banaskantha,Gujarat,3120506,13,87,Low-Medium,3064,0,167,Banaskantha,41.88166666666667,69917,12.627234964782373,5537,1463,1463,237,248,46.88342211167035,7.5949221055815945,7.947429038752048,0.4624,1074.2083333333333,1798.4583333333333,3064.0,1798.4583333333333,1074.2083333333333,0.4027,0.5305,0.4429,UNKNOWN (Panel Blindness / Low Sampling)
DST_0168,Patan,Gujarat,1343734,21,79,Low-Medium,1470,0,168,Patan,54.32125,54238,15.639561707035755,3468,619,619,111,122,46.065664781869025,8.260563474616255,9.07917787300165,0.6801,505.7916666666667,892.9583333333334,1470.0,892.9583333333334,505.7916666666667,0.4336,0.5388,0.55,UNKNOWN (Panel Blindness / Low Sampling)
DST_0169,Sabarkantha,Gujarat,2428697,15,85,Low-Medium,2452,0,169,Sabarkantha,41.871249999999996,61421,13.70392681838465,4482,1180,1180,190,201,48.58572312643364,7.823124910188468,8.276042668146747,0.5835,760.3333333333334,1423.2916666666667,2452.0,1423.2916666666667,760.3333333333334,0.4658,0.57,0.5116,UNKNOWN (Panel Blindness / Low Sampling)
DST_0170,Aravalli,Gujarat,1039918,12,88,Low-Medium,1006,0,170,Aravalli,16.268333333333334,1714,2.7034700315457414,634,532,532,77,88,51.157879755903835,7.404429964670292,8.462205673908905,0.404,82.79166666666667,196.95833333333334,1006.0,196.95833333333334,82.79166666666667,0.5796,0.5613,0.4724,UNKNOWN (Panel Blindness / Low Sampling)
DST_0172,Mahisagar,Gujarat,994624,10,90,Low,934,0,172,Mahisagar,21.628333333333334,2668,2.730808597748209,977,514,514,84,75,51.67781996010553,8.445402483752655,7.540537931922013,0.4459,74.79166666666667,195.08333333333334,934.0,195.08333333333334,74.79166666666667,0.6166,0.681,0.4803,UNKNOWN (Panel Blindness / Low Sampling)
DST_0173,Panchmahal,Gujarat,2390776,14,86,Low-Medium,2381,0,173,Panchmahal,49.199999999999996,79016,15.201231242785687,5198,1090,1090,191,191,45.591891503009904,7.989037868876047,7.989037868876047,0.6257,781.0,1411.625,2381.0,1411.625,781.0,0.4467,0.5653,0.5248,UNKNOWN (Panel Blindness / Low Sampling)
DST_0175,Chhota Udaipur,Gujarat,1071831,7,93,Low,962,0,175,Chhota Udaipur,25.50708333333333,2459,2.506625891946993,981,426,426,72,70,39.745071751050304,6.717476915670474,6.530880334679627,0.1482,77.41666666666667,203.25,962.0,203.25,77.41666666666667,0.6191,0.5693,0.3695,UNKNOWN (Panel Blindness / Low Sampling)
DST_0176,Narmada,Gujarat,590297,10,90,Low,554,0,176,Narmada,16.919583333333332,830,2.4850299401197606,334,312,312,60,49,52.85474938886696,10.164374882474416,8.300906154020772,0.4847,46.375,142.875,554.0,142.875,46.375,0.6754,0.5747,0.5396,UNKNOWN (Panel Blindness / Low Sampling)
DST_0177,Tapi,Gujarat,807022,10,90,Low,758,0,177,Tapi,15.101666666666667,787,2.490506329113924,316,444,444,72,78,55.01708751434285,8.921689867190732,9.665164022789961,0.5012,64.375,154.75,758.0,154.75,64.375,0.584,0.5985,0.5102,UNKNOWN (Panel Blindness / Low Sampling)
DST_0178,Dang,Gujarat,228291,11,89,Low,217,0,178,Dang,49.94416666666667,651,2.0865384615384617,312,65,65,9,13,28.472432115151275,3.9423367544055608,5.694486423030255,0.054,121.54166666666667,131.08333333333334,217.0,131.08333333333334,121.54166666666667,0.0728,0.6068,0.1284,UNKNOWN (Panel Blindness / Low Sampling)
DST_0179,Gir Somnath,Gujarat,1217477,28,72,Medium,1451,0,179,Gir Somnath,47.51958333333334,51386,16.73811074918567,3070,604,604,97,105,49.61079346878832,7.967296302106734,8.62439290434234,0.7566,488.5416666666667,845.5,1451.0,845.5,488.5416666666667,0.4222,0.6069,0.5669,UNKNOWN (Panel Blindness / Low Sampling)
DST_0180,Amreli,Gujarat,1514120,26,74,Medium,1762,0,180,Amreli,48.38375,58401,15.552862849533955,3755,709,709,118,119,46.825879058463,7.793305682508652,7.859350645919743,0.6437,575.375,1058.125,1762.0,1058.125,575.375,0.4562,0.5698,0.5354,UNKNOWN (Panel Blindness / Low Sampling)
DST_0181,Surendranagar,Gujarat,1756268,28,72,Medium,2093,0,181,Surendranagar,56.80375,75924,14.600769230769231,5200,947,947,179,151,53.92115554118164,10.192066358892834,8.597776649121888,0.7622,677.8333333333334,1264.6666666666667,2093.0,1264.6666666666667,677.8333333333334,0.464,0.5585,0.5937,UNKNOWN (Panel Blindness / Low Sampling)
DST_0182,Botad,Gujarat,652556,33,67,Medium,823,0,182,Botad,55.31625,23630,11.311632359980852,2089,242,242,34,49,37.08493983658108,5.210280803486597,7.50893409914245,0.196,247.79166666666666,493.2083333333333,823.0,493.2083333333333,247.79166666666666,0.4976,0.5929,0.3438,UNKNOWN (Panel Blindness / Low Sampling)
DST_0185,North 24 Parganas,West Bengal,10009781,57,43,High,15995,0,185,North 24 Parganas,46.845416666666665,95396,16.293082835183604,5855,2159,2159,371,371,21.568903455530148,3.7063747948131933,3.7063747948131933,0.3901,5261.125,9261.375,15995.0,9261.375,5261.125,0.4319,0.5597,0.4148,UNKNOWN (Panel Blindness / Low Sampling)
DST_0186,South 24 Parganas,West Bengal,8161961,26,74,Medium,9500,0,186,South 24 Parganas,45.812916666666666,75724,13.22921034241789,5724,2143,2143,338,348,26.2559451092697,4.141161664457843,4.263681240329377,0.2346,3024.2916666666665,5577.666666666667,9500.0,5577.666666666667,3024.2916666666665,0.4578,0.5882,0.3482,UNKNOWN (Panel Blindness / Low Sampling)
DST_0187,Howrah,West Bengal,4850029,63,37,High,8157,0,187,Howrah,16.594583333333333,769,2.4806451612903224,310,2170,2170,361,383,44.74200051174952,7.443254463014551,7.896859998156712,0.2759,2532.5833333333335,5875.625,8157.0,5875.625,2532.5833333333335,0.569,0.5696,0.4094,UNKNOWN (Panel Blindness / Low Sampling)
DST_0189,Paschim Medinipur,West Bengal,5913457,12,88,Low-Medium,5724,0,189,Paschim Medinipur,40.53,79984,13.915100904662491,5748,2103,2103,398,317,35.56295412311276,6.7304116695192,5.360654520697453,0.3306,1836.4583333333333,3330.9583333333335,5724.0,3330.9583333333335,1836.4583333333333,0.4487,0.5112,0.4036,UNKNOWN (Panel Blindness / Low Sampling)
DST_0190,Purba Medinipur,West Bengal,5095875,12,88,Medium,4932,0,190,Purba Medinipur,48.213750000000005,73905,12.64846825260996,5843,1884,1884,331,311,36.97107954963573,6.495449751024112,6.102975445826281,0.2399,1624.5833333333333,2862.0833333333335,4932.0,2862.0833333333335,1624.5833333333333,0.4324,0.5402,0.3513,UNKNOWN (Panel Blindness / Low Sampling)
DST_0191,Purba Bardhaman,West Bengal,4835532,40,60,Medium-High,6576,0,191,Purba Bardhaman,47.430416666666666,93847,16.155448442072647,5809,1836,1836,319,327,37.96893495896625,6.596999047881392,6.7624410302734015,0.4559,2076.2083333333335,3995.375,6576.0,3995.375,2076.2083333333335,0.4803,0.5836,0.4565,UNKNOWN (Panel Blindness / Low Sampling)
DST_0193,Nadia,West Bengal,5167600,28,72,Medium,6159,0,193,Nadia,41.77583333333333,74903,12.790812841530055,5856,2004,2004,326,372,38.78009133833888,6.308537812524189,7.198699589751529,0.2765,2100.6666666666665,3635.8333333333335,6159.0,3635.8333333333335,2100.6666666666665,0.4222,0.5572,0.3608,UNKNOWN (Panel Blindness / Low Sampling)
DST_0195,Malda,West Bengal,3988845,14,86,Low-Medium,3972,0,195,Malda,48.248333333333335,84491,14.276951672862454,5918,1672,1672,278,239,41.9168957430033,6.9694360146859555,5.99170937953217,0.4022,1351.125,2334.5,3972.0,2334.5,1351.125,0.4212,0.6161,0.4052,UNKNOWN (Panel Blindness / Low Sampling)
DST_0197,Darjeeling,West Bengal,1846823,39,61,Medium-High,2485,0,197,Darjeeling,51.376666666666665,86689,15.953073242546926,5434,825,825,124,135,44.67130851196894,6.714233036950483,7.309850483776735,0.5276,792.875,1511.2083333333333,2485.0,1511.2083333333333,792.875,0.4753,0.5656,0.4907,UNKNOWN (Panel Blindness / Low Sampling)
DST_0198,Kalimpong,West Bengal,251642,28,72,Medium,299,0,198,Kalimpong,36.348333333333336,3721,10.481690140845071,355,114,114,17,12,45.302453485507186,6.755629028540546,4.768679314263914,0.2629,91.875,172.29166666666666,299.0,172.29166666666666,91.875,0.4667,0.5329,0.3751,UNKNOWN (Panel Blindness / Low Sampling)
DST_0199,Alipurduar,West Bengal,1491250,18,82,Low-Medium,1568,0,199,Alipurduar,27.555000000000003,4269,2.7506443298969074,1552,694,694,131,127,46.53813914501257,8.784576697401508,8.516345347862531,0.4254,130.20833333333334,328.6666666666667,1568.0,328.6666666666667,130.20833333333334,0.6038,0.6585,0.4711,UNKNOWN (Panel Blindness / Low Sampling)
DST_0204,Bankura,West Bengal,3596674,8,92,Low,3280,0,204,Bankura,40.606249999999996,68633,11.782489270386266,5825,1455,1455,250,258,40.45404170630977,6.950866272561816,7.173293993283795,0.2616,1107.9166666666667,1816.4583333333333,3280.0,1816.4583333333333,1107.9166666666667,0.3901,0.5298,0.3483,UNKNOWN (Panel Blindness / Low Sampling)
DST_0205,Purulia,West Bengal,2930115,13,87,Low,2877,0,205,Purulia,52.142500000000005,9477,1.7527279452561495,5407,267,267,39,50,9.112270337512351,1.3310057796366355,1.7064176662008146,0.0128,1587.9166666666667,1746.2916666666667,2877.0,1746.2916666666667,1587.9166666666667,0.0907,0.4984,0.1378,UNKNOWN (Panel Blindness / Low Sampling)
DST_0206,Jhargram,West Bengal,1136548,9,91,Low,1052,0,206,Jhargram,16.932916666666667,1525,2.495908346972177,611,486,486,89,65,42.76106244522889,7.830729542439035,5.719072137736374,0.234,82.5,213.20833333333334,1052.0,213.20833333333334,82.5,0.6131,0.5934,0.4012,UNKNOWN (Panel Blindness / Low Sampling)
DST_0208,Medchal-Malkajgiri,Telangana,2440073,91,9,High,5060,0,208,Medchal-Malkajgiri,36.9625,105610,18.19920730656557,5803,1057,1057,175,201,43.31837613055019,7.1719165779056615,8.237458469480217,0.6051,1649.4583333333333,2890.0833333333335,5060.0,2890.0833333333335,1649.4583333333333,0.4293,0.5592,0.5107,UNKNOWN (Panel Blindness / Low Sampling)
DST_0209,Rangareddy,Telangana,2446265,59,41,High,3977,0,209,Rangareddy,12.164583333333333,813,2.4711246200607904,329,1844,1844,326,299,75.38022250246804,13.326438468440664,12.222715037005393,0.55,1187.4583333333333,2947.6666666666665,3977.0,2947.6666666666665,1187.4583333333333,0.5972,0.5695,0.5426,UNKNOWN (Panel Blindness / Low Sampling)
DST_0210,Sangareddy,Telangana,1527462,35,65,Medium-High,1970,0,210,Sangareddy,17.420416666666668,920,2.967741935483871,310,1258,1258,199,217,82.35884100553729,13.028147345073068,14.206572733069628,0.6031,616.6666666666666,1443.1666666666667,1970.0,1443.1666666666667,616.6666666666666,0.5727,0.6228,0.5473,UNKNOWN (Panel Blindness / Low Sampling)
DST_0212,Hanumakonda,Telangana,1081852,69,31,Medium-High,1910,0,212,Hanumakonda,59.23458333333334,72885,15.26707163803938,4774,402,402,76,73,37.158502272029814,7.024990479289219,6.747688223527803,0.4437,623.6666666666666,1124.2083333333333,1910.0,1124.2083333333333,623.6666666666666,0.4452,0.5555,0.4444,UNKNOWN (Panel Blindness / Low Sampling)
DST_0214,Nizamabad,Telangana,1571022,30,70,Medium,1916,0,214,Nizamabad,47.916666666666664,41082,10.796846254927727,3805,726,726,135,125,46.21195629341919,8.593132368611005,7.956604045010191,0.439,618.4583333333334,1096.9166666666667,1916.0,1096.9166666666667,618.4583333333334,0.4362,0.5768,0.4349,UNKNOWN (Panel Blindness / Low Sampling)
DST_0217,Mahabubnagar,Telangana,1486777,21,79,Low-Medium,1626,0,217,Mahabubnagar,54.43208333333333,6690,1.9202066590126292,3484,145,145,35,29,9.752639434158587,2.354085380658969,1.950527886831717,0.0284,883.3333333333334,950.375,1626.0,950.375,883.3333333333334,0.0705,0.5064,0.1362,UNKNOWN (Panel Blindness / Low Sampling)
DST_0218,Suryapet,Telangana,1099526,15,85,Low-Medium,1110,0,218,Suryapet,24.328333333333333,2414,2.488659793814433,970,437,437,66,72,39.74439895009304,6.002586569121603,6.548276257223567,0.1212,87.83333333333333,227.0,1110.0,227.0,87.83333333333333,0.6131,0.6011,0.3489,UNKNOWN (Panel Blindness / Low Sampling)
DST_0219,Siddipet,Telangana,1012065,14,86,Medium,1008,0,219,Siddipet,15.862499999999999,2165,3.469551282051282,624,444,444,74,83,43.870700004446356,7.311783334074393,8.201054280110467,0.3126,79.20833333333333,214.625,1008.0,214.625,79.20833333333333,0.6309,0.6956,0.4224,UNKNOWN (Panel Blindness / Low Sampling)
DST_0220,Jagtial,Telangana,985417,22,78,Medium,1091,0,220,Jagtial,43.752916666666664,25701,12.729569093610698,2019,419,419,66,61,42.52007018348577,6.697672153007305,6.190272747476449,0.2926,336.3333333333333,681.0833333333334,1091.0,681.0833333333334,336.3333333333333,0.5062,0.6255,0.3837,UNKNOWN (Panel Blindness / Low Sampling)
DST_0221,Kamareddy,Telangana,972625,13,87,Low-Medium,955,0,221,Kamareddy,27.53916666666667,4541,4.720374220374221,962,499,499,89,76,51.30445958103071,9.150494795013493,7.813905667651973,0.5154,75.875,189.58333333333334,955.0,189.58333333333334,75.875,0.5998,0.6481,0.5122,UNKNOWN (Panel Blindness / Low Sampling)
DST_0222,Mancherial,Telangana,807037,44,56,Medium,1142,0,222,Mancherial,52.465833333333336,35086,14.60699417152373,2402,381,381,61,65,47.20973140017124,7.558513426274136,8.05415365094785,0.6016,389.5416666666667,725.2083333333334,1142.0,725.2083333333334,389.5416666666667,0.4629,0.6031,0.5121,UNKNOWN (Panel Blindness / Low Sampling)
DST_0223,Nirmal,Telangana,709418,21,79,Low-Medium,776,0,223,Nirmal,51.185833333333335,19452,11.302730970366067,1721,301,301,54,42,42.42914614514997,7.611873394810958,5.920345973741856,0.2774,234.29166666666666,453.875,776.0,453.875,234.29166666666666,0.4838,0.5331,0.3875,UNKNOWN (Panel Blindness / Low Sampling)
DST_0224,Bhadradri Kothagudem,Telangana,1069261,32,68,Medium,1334,0,224,Bhadradri Kothagudem,57.18541666666667,46787,13.676410406313943,3421,572,572,90,91,53.49489039626434,8.41702820920243,8.510550744860236,0.6585,417.625,767.75,1334.0,767.75,417.625,0.456,0.5676,0.5424,UNKNOWN (Panel Blindness / Low Sampling)
DST_0225,Peddapalli,Telangana,795332,38,62,Medium,1059,0,225,Peddapalli,36.483333333333334,27392,16.02808660035108,1709,336,336,51,64,42.246508376376156,6.412416449985667,8.0469539764526,0.5079,354.9583333333333,596.125,1059.0,596.125,354.9583333333333,0.4046,0.5261,0.4649,UNKNOWN (Panel Blindness / Low Sampling)
DST_0226,Vikarabad,Telangana,927140,13,87,Low-Medium,910,0,226,Vikarabad,22.57166666666667,2287,2.409905163329821,949,441,441,71,69,47.56563194339582,7.657958884310892,7.442241732640162,0.3212,76.04166666666667,185.04166666666666,910.0,185.04166666666666,76.04166666666667,0.5891,0.5964,0.4314,UNKNOWN (Panel Blindness / Low Sampling)
DST_0227,Nagarkurnool,Telangana,893308,10,90,Low,839,0,227,Nagarkurnool,21.364583333333332,1731,2.791935483870968,620,352,352,65,52,39.404102504399376,7.276325746551021,5.821060597240817,0.1913,65.91666666666667,176.125,839.0,176.125,65.91666666666667,0.6257,0.5702,0.391,UNKNOWN (Panel Blindness / Low Sampling)
DST_0228,Wanaparthy,Telangana,577758,16,84,Low-Medium,591,0,228,Wanaparthy,26.805000000000003,1808,2.9208400646203554,619,280,280,37,48,48.46319739406464,6.40406536992997,8.307976696125367,0.3378,50.916666666666664,145.33333333333334,591.0,145.33333333333334,50.916666666666664,0.6497,0.682,0.443,UNKNOWN (Panel Blindness / Low Sampling)
DST_0229,Jogulamba Gadwal,Telangana,609990,10,90,Low,573,0,229,Jogulamba Gadwal,16.204583333333336,1281,3.9782608695652173,322,240,240,35,41,39.34490729356219,5.737798980311153,6.721421662650208,0.1718,46.0,121.79166666666667,573.0,121.79166666666667,46.0,0.6223,0.6784,0.3594,UNKNOWN (Panel Blindness / Low Sampling)
DST_0230,Medak,Telangana,767428,8,92,Low-Medium,699,0,230,Medak,26.879166666666666,1793,2.7755417956656347,646,347,347,51,55,45.21596814293979,6.6455745685588745,7.166796103347806,0.2444,85.125,144.16666666666666,699.0,144.16666666666666,85.125,0.4095,0.6319,0.3269,UNKNOWN (Panel Blindness / Low Sampling)
DST_0231,Rajanna Sircilla,Telangana,552037,21,79,Low-Medium,603,0,231,Rajanna Sircilla,37.567083333333336,11237,11.125742574257426,1010,251,251,33,36,45.46796682106453,5.977860179661871,6.5213020141765865,0.2568,204.41666666666666,343.7916666666667,603.0,343.7916666666667,204.41666666666666,0.4054,0.588,0.3398,UNKNOWN (Panel Blindness / Low Sampling)
DST_0232,Jayashankar Bhupalpally,Telangana,416763,8,92,Low,380,0,232,Jayashankar Bhupalpally,16.665416666666665,810,2.4324324324324325,333,158,158,32,24,37.911234922485924,7.678224794427528,5.758668595820646,0.1719,30.25,76.25,380.0,76.25,30.25,0.6033,0.5827,0.372,UNKNOWN (Panel Blindness / Low Sampling)
DST_0233,Jangaon,Telangana,566376,13,87,Low-Medium,556,0,233,Jangaon,22.207916666666666,1625,2.4923312883435584,652,314,314,61,47,55.4402022684577,10.770230376993375,8.298374224896536,0.5054,41.0,114.45833333333333,556.0,114.45833333333333,41.0,0.6418,0.5914,0.5338,UNKNOWN (Panel Blindness / Low Sampling)
DST_0234,Mulugu,Telangana,257744,4,96,Low,220,0,234,Mulugu,23.12875,929,2.8584615384615386,325,121,121,20,25,46.94580669191135,7.759637469737413,9.699546837171766,0.4053,15.958333333333334,43.25,220.0,43.25,15.958333333333334,0.631,0.6523,0.4728,UNKNOWN (Panel Blindness / Low Sampling)
DST_0235,Yadadri Bhuvanagiri,Telangana,739448,17,83,Medium,767,0,235,Yadadri Bhuvanagiri,17.15625,1484,2.2901234567901234,648,364,364,62,51,49.22590905648538,8.384632861269488,6.897036708463611,0.3735,65.125,156.625,767.0,156.625,65.125,0.5842,0.5869,0.4552,UNKNOWN (Panel Blindness / Low Sampling)
DST_0236,Mahabubabad,Telangana,774549,10,90,Low,728,0,236,Mahabubabad,15.589583333333332,865,2.5667655786350148,337,340,340,52,53,43.89651268028233,6.713584292278474,6.842691682514599,0.2049,58.916666666666664,155.95833333333334,728.0,155.95833333333334,58.916666666666664,0.6222,0.6382,0.3823,UNKNOWN (Panel Blindness / Low Sampling)
DST_0237,Kumuram Bheem Asifabad,Telangana,515812,17,83,Low,535,0,237,Kumuram Bheem Asifabad,26.194999999999997,1626,2.6016,625,192,192,30,32,37.22286414430064,5.816072522546974,6.2038106907167725,0.1125,40.708333333333336,111.08333333333333,535.0,111.08333333333333,40.708333333333336,0.6335,0.5898,0.3544,UNKNOWN (Panel Blindness / Low Sampling)
DST_0238,Narayanpet,Telangana,566874,12,88,Low,548,0,238,Narayanpet,17.917083333333334,1495,4.628482972136223,323,302,302,45,39,53.274625401764766,7.938271996951704,6.879835730691477,0.4493,44.875,112.16666666666667,548.0,112.16666666666667,44.875,0.5999,0.786,0.455,UNKNOWN (Panel Blindness / Low Sampling)
DST_0239,Jaipur,Rajasthan,6626178,52,48,High,10124,0,239,Jaipur,52.419999999999995,92179,15.708759372869803,5868,2104,2104,339,341,31.752844550810437,5.116071436656244,5.146254748966901,0.381,3248.3333333333335,5937.625,10124.0,5937.625,3248.3333333333335,0.4529,0.5506,0.4198,UNKNOWN (Panel Blindness / Low Sampling)
DST_0240,Jodhpur,Rajasthan,3687002,34,66,Medium-High,4704,0,240,Jodhpur,53.63666666666666,79213,13.855693545565856,5717,1461,1461,263,245,39.6256904661294,7.133166730042458,6.6449652047924035,0.3765,1509.9583333333333,2865.125,4704.0,2865.125,1509.9583333333333,0.473,0.5765,0.4197,UNKNOWN (Panel Blindness / Low Sampling)
DST_0242,Bikaner,Rajasthan,2363937,34,66,Medium,3016,0,242,Bikaner,52.82833333333334,68399,11.7969989651604,5798,1047,1047,159,175,44.29052043265113,6.72606757286679,7.402904561331372,0.306,959.2916666666666,1842.625,3016.0,1842.625,959.2916666666666,0.4794,0.5633,0.3928,UNKNOWN (Panel Blindness / Low Sampling)
DST_0245,Bhilwara,Rajasthan,2408523,21,79,Medium,2634,0,245,Bhilwara,41.930416666666666,72602,15.109677419354838,4805,1086,1086,175,197,45.089874582887525,7.265863767960696,8.179286641647185,0.5663,857.125,1578.3333333333333,2634.0,1578.3333333333333,857.125,0.4569,0.5808,0.4986,UNKNOWN (Panel Blindness / Low Sampling)
DST_0247,Sikar,Rajasthan,2677333,24,76,Medium,3041,0,247,Sikar,10.704166666666666,847,2.732258064516129,310,1883,1883,307,323,70.33118405517729,11.466634893754344,12.064244529910923,0.5622,941.0416666666666,2267.1666666666665,3041.0,2267.1666666666665,941.0416666666666,0.5849,0.621,0.5335,UNKNOWN (Panel Blindness / Low Sampling)
DST_0248,Bharatpur,Rajasthan,2548462,19,81,Low-Medium,2716,0,248,Bharatpur,47.245000000000005,67973,12.417427840701498,5474,1252,1252,207,223,49.12766994367583,8.122546068962379,8.75037571680488,0.5379,908.7916666666666,1644.5,2716.0,1644.5,908.7916666666666,0.4474,0.5688,0.4849,UNKNOWN (Panel Blindness / Low Sampling)
DST_0249,Pali,Rajasthan,2038533,23,77,Medium,2287,0,249,Pali,54.76541666666666,76538,13.858048162230672,5523,876,876,154,149,42.97207845053281,7.5544521476964075,7.309177727316654,0.4516,721.0416666666666,1405.875,2287.0,1405.875,721.0416666666666,0.4871,0.5928,0.4551,UNKNOWN (Panel Blindness / Low Sampling)
DST_0250,Sri Ganganagar,Rajasthan,1969168,27,73,Medium-High,2319,0,250,Sri Ganganagar,43.50958333333333,59562,13.253671562082777,4494,964,964,154,161,48.9546854305981,7.8205617804067495,8.17604186133433,0.5597,746.4166666666666,1377.375,2319.0,1377.375,746.4166666666666,0.4581,0.5525,0.5017,UNKNOWN (Panel Blindness / Low Sampling)
DST_0251,Jhunjhunu,Rajasthan,2137045,23,77,Medium,2397,0,251,Jhunjhunu,44.010416666666664,65248,13.704683889939089,4761,1237,1237,208,187,57.88366646467435,9.733065985975962,8.750400670084158,0.7085,754.7916666666666,1401.3333333333333,2397.0,1401.3333333333333,754.7916666666666,0.4614,0.5714,0.566,UNKNOWN (Panel Blindness / Low Sampling)
DST_0252,Hanumangarh,Rajasthan,1774692,20,80,Medium,1916,0,252,Hanumangarh,57.90708333333333,62883,13.202393449506614,4763,837,837,135,144,47.16311337403899,7.606953770006289,8.114084021340041,0.5072,587.7916666666666,1124.7083333333333,1916.0,1124.7083333333333,587.7916666666666,0.4774,0.5611,0.4831,UNKNOWN (Panel Blindness / Low Sampling)
DST_0253,Chittorgarh,Rajasthan,1544338,18,82,Medium,1624,0,253,Chittorgarh,36.83208333333334,40678,14.722403184943902,2763,756,756,116,123,48.953014171768096,7.5113090528109785,7.964577702549572,0.6312,555.875,955.0833333333334,1624.0,955.0833333333334,555.875,0.418,0.5159,0.5272,UNKNOWN (Panel Blindness / Low Sampling)
DST_0254,Tonk,Rajasthan,1421411,22,78,Low-Medium,1574,0,254,Tonk,48.637499999999996,49731,14.389756944444445,3456,779,779,118,148,54.80469758570885,8.301610160608016,10.412189014999884,0.7262,558.5,926.7083333333334,1574.0,926.7083333333334,558.5,0.3973,0.5806,0.5497,UNKNOWN (Panel Blindness / Low Sampling)
DST_0257,Bundi,Rajasthan,1110906,20,80,Low-Medium,1199,0,257,Bundi,38.069583333333334,24730,12.057532910775231,2051,483,483,75,86,43.47802604360765,6.7512462800633,7.741429067805917,0.3151,400.5,684.2083333333334,1199.0,684.2083333333334,400.5,0.4147,0.5979,0.3674,UNKNOWN (Panel Blindness / Low Sampling)
DST_0258,Baran,Rajasthan,1222755,21,79,Low-Medium,1337,0,258,Baran,42.01416666666667,27365,11.53181626632954,2373,570,570,96,106,46.61604327931597,7.851123078621637,8.668948399311391,0.4425,464.375,784.25,1337.0,784.25,464.375,0.4079,0.5901,0.4239,UNKNOWN (Panel Blindness / Low Sampling)
DST_0259,Dausa,Rajasthan,1631061,12,88,Low-Medium,1578,0,259,Dausa,43.568333333333335,32373,11.62823275862069,2784,805,805,134,121,49.35437730409837,8.215511253104575,7.418484041982489,0.4754,518.1666666666666,942.2083333333334,1578.0,942.2083333333334,518.1666666666666,0.4501,0.5996,0.4515,UNKNOWN (Panel Blindness / Low Sampling)
DST_0260,Rajsamand,Rajasthan,1156597,16,84,Medium,1184,0,260,Rajsamand,27.107916666666668,3079,2.4397781299524564,1262,486,486,86,85,42.01982194316603,7.4356063520828775,7.34914581310517,0.2122,98.66666666666667,247.375,1184.0,247.375,98.66666666666667,0.6011,0.5823,0.3894,UNKNOWN (Panel Blindness / Low Sampling)
DST_0261,Dungarpur,Rajasthan,1388552,6,94,Low,1227,0,261,Dungarpur,26.912499999999998,4088,3.208791208791209,1274,579,579,97,93,41.6981142946033,6.985694450045803,6.697624575817111,0.2151,100.70833333333333,260.7083333333333,1227.0,260.7083333333333,100.70833333333333,0.6137,0.6079,0.39,UNKNOWN (Panel Blindness / Low Sampling)
DST_0263,Jalore,Rajasthan,1828730,8,92,Low,1667,0,263,Jalore,46.14458333333334,46291,13.305835010060362,3479,839,839,123,148,45.878833944868845,6.72597923148852,8.093048180978057,0.4378,532.7083333333334,979.625,1667.0,979.625,532.7083333333334,0.4562,0.6071,0.4353,UNKNOWN (Panel Blindness / Low Sampling)
DST_0264,Sirohi,Rajasthan,1036346,20,80,Low-Medium,1119,0,264,Sirohi,40.33541666666667,31882,15.254545454545454,2090,464,464,86,64,44.7726917458069,8.29838683219697,6.1755436890768145,0.58,363.7083333333333,657.9583333333334,1119.0,657.9583333333334,363.7083333333333,0.4472,0.6256,0.4924,UNKNOWN (Panel Blindness / Low Sampling)
DST_0266,Karauli,Rajasthan,1458248,15,85,Low,1472,0,266,Karauli,23.878333333333334,3724,2.9184952978056424,1276,518,518,81,72,35.52207854905338,5.554610738365491,4.937431767435991,0.12,120.91666666666667,328.9583333333333,1472.0,328.9583333333333,120.91666666666667,0.6324,0.6719,0.341,UNKNOWN (Panel Blindness / Low Sampling)
DST_0267,Dholpur,Rajasthan,1206516,21,79,Low-Medium,1319,0,267,Dholpur,53.0825,43921,14.334530026109661,3064,572,572,100,96,47.409234523205654,8.288327713847144,7.956794605293258,0.6279,419.9583333333333,806.875,1319.0,806.875,419.9583333333333,0.4795,0.6313,0.5241,UNKNOWN (Panel Blindness / Low Sampling)
DST_0268,Jaisalmer,Rajasthan,669919,13,87,Medium,657,0,268,Jaisalmer,28.325416666666666,1603,2.4737654320987654,648,352,352,57,57,52.54366572675204,8.508491325070644,8.508491325070644,0.4547,60.916666666666664,137.5,657.0,137.5,60.916666666666664,0.557,0.6082,0.4779,UNKNOWN (Panel Blindness / Low Sampling)
DST_0269,Barmer,Rajasthan,2603751,7,93,Low,2338,0,269,Barmer,56.2775,11291,2.083210332103321,5420,309,309,47,41,11.867494241960925,1.8050881209455127,1.5746513395482133,0.0369,1303.7916666666667,1388.25,2338.0,1388.25,1303.7916666666667,0.0608,0.5084,0.1362,UNKNOWN (Panel Blindness / Low Sampling)
DST_0270,Pratapgarh,Rajasthan,867848,8,92,Low,791,0,270,Pratapgarh,13.633333333333333,719,2.297124600638978,313,415,415,78,67,47.819433817903594,8.987749006738508,7.720245941685641,0.3978,61.333333333333336,167.625,791.0,167.625,61.333333333333336,0.6341,0.5883,0.4833,UNKNOWN (Panel Blindness / Low Sampling)
DST_0274,Tirupathi,Andhra Pradesh,2196000,45,55,Medium-High,3140,Official census spelling variant,274,Tirupati,17.174583333333334,816,2.6930693069306932,303,1789,1789,281,296,81.46630236794171,12.7959927140255,13.479052823315119,0.5775,1004.8333333333334,2390.375,3140.0,2390.375,1004.8333333333334,0.5796,0.5956,0.5436,UNKNOWN (Panel Blindness / Low Sampling)
DST_0275,Kakinada,Andhra Pradesh,2092000,40,60,Medium-High,2845,0,275,Kakinada,39.76791666666667,76052,15.648559670781893,4860,867,867,152,148,41.44359464627151,7.2657743785850855,7.0745697896749515,0.4953,924.8333333333334,1811.9583333333333,2845.0,1811.9583333333333,924.8333333333334,0.4896,0.5549,0.4833,UNKNOWN (Panel Blindness / Low Sampling)
DST_0276,Kurnool,Andhra Pradesh,2271000,38,62,Medium,3024,0,276,Kurnool,39.096666666666664,69612,13.32287081339713,5225,1133,1133,167,199,49.88991633641567,7.353588727432848,8.762659621312197,0.5603,956.75,1770.3333333333333,3024.0,1770.3333333333333,956.75,0.4596,0.5699,0.499,UNKNOWN (Panel Blindness / Low Sampling)
DST_0277,Nellore,Andhra Pradesh,2469000,35,65,Medium-High,3185,0,277,Nellore,39.02708333333333,76788,14.721625766871165,5216,1078,1078,186,189,43.661401377075734,7.533414337788578,7.654921020656135,0.5313,1079.9166666666667,1943.4166666666667,3185.0,1943.4166666666667,1079.9166666666667,0.4443,0.5599,0.4826,UNKNOWN (Panel Blindness / Low Sampling)
DST_0278,Kadapa,Andhra Pradesh,2060000,36,64,Medium,2686,0,278,Kadapa,50.87166666666667,73008,12.407885791978247,5884,986,986,159,165,47.86407766990291,7.718446601941747,8.009708737864077,0.4701,852.5833333333334,1576.4583333333333,2686.0,1576.4583333333333,852.5833333333334,0.4592,0.546,0.4631,UNKNOWN (Panel Blindness / Low Sampling)
DST_0279,Anantapur,Andhra Pradesh,2241000,32,68,Medium,2796,0,279,Anantapur,44.302083333333336,74280,14.395348837209303,5160,982,982,139,185,43.81972333779563,6.202588130298974,8.255243195002231,0.4675,910.25,1580.9583333333333,2796.0,1580.9583333333333,910.25,0.4242,0.5375,0.4513,UNKNOWN (Panel Blindness / Low Sampling)
DST_0280,Eluru,Andhra Pradesh,2071000,28,72,Medium,2468,0,280,Eluru,52.779583333333335,100315,16.93080168776371,5925,779,779,133,120,37.61467889908257,6.422018348623853,5.794302269435056,0.4482,807.0416666666666,1518.75,2468.0,1518.75,807.0416666666666,0.4686,0.58,0.4497,UNKNOWN (Panel Blindness / Low Sampling)
DST_0281,Rajahmundry,Andhra Pradesh,1832000,38,62,Medium-High,2440,0,281,Rajahmundry,55.56041666666667,76622,13.017669045191981,5886,883,883,175,143,48.198689956331876,9.552401746724891,7.8056768558951966,0.5826,733.875,1456.8333333333333,2440.0,1456.8333333333333,733.875,0.4963,0.5228,0.5313,UNKNOWN (Panel Blindness / Low Sampling)
DST_0282,Prakasam,Andhra Pradesh,2288000,22,78,Low-Medium,2535,0,282,Prakasam,41.53916666666667,69206,15.365452930728242,4504,1012,1012,148,171,44.23076923076923,6.468531468531469,7.473776223776224,0.5022,821.875,1503.5416666666667,2535.0,1503.5416666666667,821.875,0.4534,0.5859,0.4675,UNKNOWN (Panel Blindness / Low Sampling)
DST_0283,Srikakulam,Andhra Pradesh,2191000,18,82,Low-Medium,2304,0,283,Srikakulam,53.65625,69511,12.481774106661879,5569,1146,1146,177,202,52.30488361478777,8.07850296668188,9.219534459151072,0.5712,696.875,1336.0833333333333,2304.0,1336.0833333333333,696.875,0.4784,0.5887,0.5067,UNKNOWN (Panel Blindness / Low Sampling)
DST_0284,Vizianagaram,Andhra Pradesh,1930000,23,77,Low-Medium,2165,0,284,Vizianagaram,43.10166666666667,50662,12.302574065080137,4118,969,969,151,168,50.20725388601036,7.823834196891191,8.704663212435232,0.5256,709.5416666666666,1304.5833333333333,2165.0,1304.5833333333333,709.5416666666666,0.4561,0.5707,0.482,UNKNOWN (Panel Blindness / Low Sampling)
DST_0285,Chittoor,Andhra Pradesh,1872000,25,75,Medium,2152,0,285,Chittoor,49.63791666666666,63595,13.309962327333613,4778,839,839,134,139,44.81837606837607,7.1581196581196584,7.4252136752136755,0.4219,862.25,1192.9166666666667,2152.0,1192.9166666666667,862.25,0.2772,0.5944,0.368,UNKNOWN (Panel Blindness / Low Sampling)
DST_0288,Palnadu,Andhra Pradesh,2041000,25,75,Low-Medium,2347,0,288,Palnadu,38.168749999999996,56481,14.86342105263158,3800,987,987,170,159,48.35864772170505,8.329250367466928,7.79029887310142,0.6734,730.4583333333334,1427.1666666666667,2347.0,1427.1666666666667,730.4583333333334,0.4882,0.5743,0.559,UNKNOWN (Panel Blindness / Low Sampling)
DST_0289,Bapatla,Andhra Pradesh,1586000,21,79,Low-Medium,1735,0,289,Bapatla,47.32,42668,12.3175519630485,3464,712,712,130,124,44.892812105926865,8.196721311475411,7.818411097099622,0.4371,510.3333333333333,1006.3333333333334,1735.0,1006.3333333333334,510.3333333333333,0.4929,0.5645,0.4563,UNKNOWN (Panel Blindness / Low Sampling)
DST_0290,West Godavari,Andhra Pradesh,1779000,26,74,Medium-High,2070,0,290,West Godavari,42.73166666666666,55658,14.861949265687583,3745,861,861,159,152,48.39797639123103,8.937605396290051,8.544125913434515,0.7153,679.875,1205.9583333333333,2070.0,1205.9583333333333,679.875,0.4362,0.6262,0.5493,UNKNOWN (Panel Blindness / Low Sampling)
DST_0291,Anakapalli,Andhra Pradesh,1726000,30,70,Medium,2105,0,291,Anakapalli,35.62166666666667,43267,13.818907697221334,3131,788,788,131,131,45.65469293163383,7.589803012746233,7.589803012746233,0.5041,734.625,1246.375,2105.0,1246.375,734.625,0.4106,0.585,0.4536,UNKNOWN (Panel Blindness / Low Sampling)
DST_0292,Sri Sathya Sai,Andhra Pradesh,1840000,22,78,Low-Medium,2038,0,292,Sri Sathya Sai,57.67583333333334,70357,13.55626204238921,5190,830,830,160,145,45.108695652173914,8.695652173913045,7.880434782608696,0.546,674.9583333333334,1130.9166666666667,2038.0,1130.9166666666667,674.9583333333334,0.4032,0.5875,0.4693,UNKNOWN (Panel Blindness / Low Sampling)
DST_0293,Annamayya,Andhra Pradesh,1697000,20,80,Low-Medium,1832,0,293,Annamayya,54.645,59559,13.150585118127623,4529,854,854,136,143,50.32410135533294,8.014142604596348,8.426635238656454,0.5851,606.3333333333334,1085.4166666666667,1832.0,1085.4166666666667,606.3333333333334,0.4414,0.5143,0.5149,UNKNOWN (Panel Blindness / Low Sampling)
DST_0294,Dr. B.R. Ambedkar Konaseema,Andhra Pradesh,1719000,15,85,Medium,1736,0,294,Dr. B.R. Ambedkar Konaseema,42.69083333333333,46228,15.117069980379332,3058,810,810,172,145,47.12041884816754,10.005817335660266,8.435136707388015,0.7141,507.6666666666667,1116.5416666666667,1736.0,1116.5416666666667,507.6666666666667,0.5453,0.5781,0.5966,UNKNOWN (Panel Blindness / Low Sampling)
DST_0295,Parvathipuram Manyam,Andhra Pradesh,925000,14,86,Low,921,0,295,Parvathipuram Manyam,24.211250000000003,3906,3.9534412955465585,988,455,455,82,72,49.189189189189186,8.864864864864865,7.783783783783784,0.4816,73.625,186.16666666666666,921.0,186.16666666666666,73.625,0.6045,0.6093,0.5064,UNKNOWN (Panel Blindness / Low Sampling)
DST_0296,Alluri Sitharama Raju,Andhra Pradesh,953000,8,92,Low,869,0,296,Alluri Sitharama Raju,54.27125,3497,1.7787385554425228,1966,97,97,17,15,10.178384050367262,1.7838405036726128,1.5739769150052467,0.0207,481.6666666666667,522.1666666666666,869.0,522.1666666666666,481.6666666666667,0.0776,0.5236,0.1318,UNKNOWN (Panel Blindness / Low Sampling)
DST_0298,Bhopal,Madhya Pradesh,2371061,81,19,High,4585,0,298,Bhopal,36.310833333333335,112032,19.68581971534001,5691,997,997,158,175,42.048686221063065,6.663683473348008,7.380662074910768,0.5363,1437.4166666666667,2631.875,4585.0,2631.875,1437.4166666666667,0.4538,0.5296,0.4942,UNKNOWN (Panel Blindness / Low Sampling)
DST_0302,Sagar,Madhya Pradesh,2378458,30,70,Medium,2901,0,302,Sagar,51.91375,82829,14.146712211784799,5855,1134,1134,201,198,47.67794932683277,8.45085345211057,8.324721311034292,0.6368,938.7916666666666,1685.0833333333333,2901.0,1685.0833333333333,938.7916666666666,0.4429,0.5177,0.538,UNKNOWN (Panel Blindness / Low Sampling)
DST_0303,Dewas,Madhya Pradesh,1563715,29,71,Medium,1885,0,303,Dewas,16.449166666666667,1592,5.289036544850498,301,1359,1359,233,233,86.9084200125982,14.900413438510215,14.900413438510215,0.6313,592.5,1402.5,1885.0,1402.5,592.5,0.5775,0.625,0.5612,UNKNOWN (Panel Blindness / Low Sampling)
DST_0304,Satna,Madhya Pradesh,2228935,21,79,Medium,2438,0,304,Satna,52.42291666666667,65282,12.10719584569733,5392,925,925,156,158,41.49963996258303,6.998858199095084,7.088587150365534,0.2828,771.9166666666666,1332.375,2438.0,1332.375,771.9166666666666,0.4206,0.5833,0.3578,UNKNOWN (Panel Blindness / Low Sampling)
DST_0305,Ratlam,Madhya Pradesh,1455069,30,70,Medium,1775,0,305,Ratlam,39.40083333333333,49935,15.93839770188318,3133,760,760,125,123,52.23120003243832,8.590657900072094,8.45320737367094,0.7715,564.7916666666666,1024.0,1775.0,1024.0,564.7916666666666,0.4484,0.5672,0.5907,UNKNOWN (Panel Blindness / Low Sampling)
DST_0306,Rewa,Madhya Pradesh,2365106,17,83,Medium,2454,0,306,Rewa,38.944583333333334,60615,14.816670740650208,4091,1013,1013,158,165,42.83106127167239,6.680461679095989,6.976431500321761,0.4519,806.4583333333334,1447.9583333333333,2454.0,1447.9583333333333,806.4583333333334,0.443,0.6179,0.4348,UNKNOWN (Panel Blindness / Low Sampling)
DST_0307,Singrauli,Madhya Pradesh,1178272,19,81,Medium,1256,0,307,Singrauli,17.550833333333333,3036,3.0853658536585367,984,517,517,73,87,43.877814290757996,6.195513429836235,7.383694087613048,0.2313,102.125,270.75,1256.0,270.75,102.125,0.6228,0.5982,0.4024,UNKNOWN (Panel Blindness / Low Sampling)
DST_0309,Khandwa,Madhya Pradesh,1310061,20,80,Low-Medium,1414,0,309,Khandwa,58.880833333333335,46232,13.510227936879017,3422,591,591,86,101,45.112403162906155,6.564579817275685,7.709564669126094,0.4179,433.4583333333333,837.375,1414.0,837.375,433.4583333333333,0.4824,0.5947,0.438,UNKNOWN (Panel Blindness / Low Sampling)
DST_0312,Chhindwara,Madhya Pradesh,2090922,24,76,Medium,2375,0,312,Chhindwara,41.34875,61928,13.658579620644023,4534,933,933,147,149,44.621463641398385,7.030391377583668,7.126042960952153,0.425,737.9166666666666,1404.7916666666667,2375.0,1404.7916666666667,737.9166666666666,0.4747,0.579,0.4416,UNKNOWN (Panel Blindness / Low Sampling)
DST_0313,Guna,Madhya Pradesh,1241519,25,75,Low-Medium,1427,0,313,Guna,41.915416666666665,44792,16.24664490388103,2757,433,433,59,75,34.8766309657766,4.752243018431454,6.040986887836593,0.4116,444.8333333333333,892.125,1427.0,892.125,444.8333333333333,0.5014,0.5057,0.4596,UNKNOWN (Panel Blindness / Low Sampling)
DST_0314,Shivpuri,Madhya Pradesh,1726050,17,83,Low-Medium,1791,0,314,Shivpuri,38.027499999999996,34418,11.22936378466558,3065,534,534,91,95,30.93769010167724,5.272153182121028,5.503896179137336,0.1482,557.8333333333334,1071.0,1791.0,1071.0,557.8333333333334,0.4791,0.584,0.3176,UNKNOWN (Panel Blindness / Low Sampling)
DST_0315,Vidisha,Madhya Pradesh,1458875,23,77,Low-Medium,1636,0,315,Vidisha,58.61083333333334,55265,13.300842358604092,4155,764,764,133,120,52.36912004112759,9.116613829149173,8.225516236826323,0.6453,484.6666666666667,954.7083333333334,1636.0,954.7083333333334,484.6666666666667,0.4923,0.5564,0.5514,UNKNOWN (Panel Blindness / Low Sampling)
DST_0317,Mandsaur,Madhya Pradesh,1340411,21,79,Medium,1466,0,317,Mandsaur,47.23833333333334,42837,13.867594690838459,3089,579,579,113,97,43.19570639154707,8.430250124775164,7.2365863902937235,0.5056,465.9166666666667,872.125,1466.0,872.125,465.9166666666667,0.4658,0.54,0.4826,UNKNOWN (Panel Blindness / Low Sampling)
DST_0318,Khargone,Madhya Pradesh,1874309,16,84,Low-Medium,1919,0,318,Khargone,53.865,53957,12.111560044893379,4455,844,844,132,160,45.02992836293269,7.042595431169567,8.536479310508566,0.3822,627.6666666666666,1133.4583333333333,1919.0,1133.4583333333333,627.6666666666666,0.4462,0.5663,0.4149,UNKNOWN (Panel Blindness / Low Sampling)
DST_0319,Neemuch,Madhya Pradesh,826067,30,70,Medium,1007,0,319,Neemuch,40.04333333333333,29718,17.450381679389313,1703,366,366,57,49,44.30633350563574,6.9001666935006485,5.931722245290032,0.5374,347.2083333333333,594.0416666666666,1007.0,594.0416666666666,347.2083333333333,0.4155,0.5729,0.4727,UNKNOWN (Panel Blindness / Low Sampling)
DST_0322,Sehore,Madhya Pradesh,1311332,19,81,Low-Medium,1397,0,322,Sehore,27.832916666666666,6112,3.9356084996780427,1553,637,637,103,92,48.57656184703797,7.8546089014833775,7.015767174140493,0.3997,107.04166666666667,280.2916666666667,1397.0,280.2916666666667,107.04166666666667,0.6181,0.6633,0.4635,UNKNOWN (Panel Blindness / Low Sampling)
DST_0323,Betul,Madhya Pradesh,1575362,20,80,Low-Medium,1701,0,323,Betul,59.54208333333333,60845,13.645436196456604,4459,768,768,124,141,48.75069983914808,7.871206744862451,8.950323798593594,0.6024,542.25,992.6666666666666,1701.0,992.6666666666666,542.25,0.4537,0.6124,0.5074,UNKNOWN (Panel Blindness / Low Sampling)
DST_0324,Seoni,Madhya Pradesh,1379131,12,88,Low-Medium,1334,0,324,Seoni,26.102500000000003,3743,2.84855403348554,1314,604,604,101,103,43.79569453518194,7.32345223187645,7.468471087953212,0.276,104.33333333333333,270.125,1334.0,270.125,104.33333333333333,0.6138,0.6172,0.4156,UNKNOWN (Panel Blindness / Low Sampling)
DST_0325,Datia,Madhya Pradesh,786725,23,77,Low-Medium,882,0,325,Datia,35.24125,22457,16.47615553925165,1363,299,299,61,56,38.005656360227526,7.753662334360799,7.118116241380406,0.5394,274.1666666666667,542.75,882.0,542.75,274.1666666666667,0.4949,0.5542,0.5051,UNKNOWN (Panel Blindness / Low Sampling)
DST_0326,Dhar,Madhya Pradesh,2185793,19,81,Low-Medium,2330,0,326,Dhar,56.75958333333333,83690,14.41191665231617,5807,1196,1196,198,212,54.716983721697346,9.058497305097053,9.698997114548359,0.7554,702.5833333333334,1367.4166666666667,2330.0,1367.4166666666667,702.5833333333334,0.4862,0.5598,0.5981,UNKNOWN (Panel Blindness / Low Sampling)
DST_0327,Thiruvananthapuram,Kerala,3301427,54,46,High,5137,0,327,Thiruvananthapuram,45.030833333333334,85351,14.710617028610823,5802,1491,1491,265,218,45.16228891324872,8.026832033541858,6.603205220045755,0.5594,1664.0833333333333,3082.875,5137.0,3082.875,1664.0833333333333,0.4602,0.5329,0.5062,UNKNOWN (Panel Blindness / Low Sampling)
DST_0328,Ernakulam,Kerala,3282388,68,32,High,5750,0,328,Ernakulam,16.712083333333332,2635,8.107692307692307,325,2051,2051,332,383,62.48499567997445,10.114587306558517,11.668334151843109,0.5896,1831.7083333333333,4346.208333333333,5750.0,4346.208333333333,1831.7083333333333,0.5786,0.5962,0.5486,UNKNOWN (Panel Blindness / Low Sampling)
DST_0331,Kollam,Kerala,2635375,45,55,Medium-High,3768,0,331,Kollam,58.925000000000004,82181,14.13745054188887,5813,1283,1283,213,232,48.68377365650049,8.08234122278613,8.803301237964236,0.6472,1188.2916666666667,2268.7916666666665,3768.0,2268.7916666666665,1188.2916666666667,0.4762,0.5453,0.5488,UNKNOWN (Panel Blindness / Low Sampling)
DST_0332,Kannur,Kerala,2523003,65,35,Medium-High,4314,0,332,Kannur,42.624583333333334,97534,16.672478632478633,5850,1247,1247,218,218,49.425228586727805,8.640497058465646,8.640497058465646,0.7847,1349.2916666666667,2730.25,4314.0,2730.25,1349.2916666666667,0.5058,0.5549,0.6192,UNKNOWN (Panel Blindness / Low Sampling)
DST_0333,Palakkad,Kerala,2809934,24,76,Medium,3192,0,333,Palakkad,58.93375,74997,12.866186309830159,5829,1247,1247,216,210,44.378266535797636,7.687013289280103,7.473485142355656,0.4231,1009.0833333333334,1886.875,3192.0,1886.875,1009.0833333333334,0.4652,0.5688,0.4395,UNKNOWN (Panel Blindness / Low Sampling)
DST_0334,Alappuzha,Kerala,2127789,54,46,Medium-High,3310,0,334,Alappuzha,37.663333333333334,79120,14.315180025330196,5527,1163,1163,188,218,54.65767517361919,8.835462538813765,10.245376773730854,0.7396,973.125,1974.2916666666667,3310.0,1974.2916666666667,973.125,0.5071,0.5197,0.6064,UNKNOWN (Panel Blindness / Low Sampling)
DST_0337,Kasaragod,Kerala,1307375,39,61,Medium,1759,0,337,Kasaragod,41.124583333333334,39770,13.121082151105245,3031,609,609,95,102,46.581891194186824,7.266469069700736,7.801893106415527,0.4624,561.0833333333334,1009.2916666666666,1759.0,1009.2916666666666,561.0833333333334,0.4441,0.5762,0.4483,UNKNOWN (Panel Blindness / Low Sampling)
DST_0338,Pathanamthitta,Kerala,1197412,11,89,Medium-High,1142,0,338,Pathanamthitta,25.370416666666667,3356,2.544351781652767,1319,557,557,107,82,46.51698830477731,8.935938507380918,6.848102407525564,0.3662,85.29166666666667,245.54166666666666,1142.0,245.54166666666666,85.29166666666667,0.6526,0.5429,0.4846,UNKNOWN (Panel Blindness / Low Sampling)
DST_0339,Idukki,Kerala,1108974,5,95,Low-Medium,964,0,339,Idukki,19.36916666666667,1785,2.7934272300469485,639,512,512,95,82,46.16880107198185,8.566476761402882,7.394222046684592,0.3825,74.25,198.08333333333334,964.0,198.08333333333334,74.25,0.6252,0.5266,0.4856,UNKNOWN (Panel Blindness / Low Sampling)
DST_0340,Wayanad,Kerala,817420,4,96,Low-Medium,699,0,340,Wayanad,47.70458333333334,2528,1.9719188767550702,1282,71,71,20,13,8.685865283452815,2.446722615057131,1.590369699787135,0.026,391.0416666666667,433.125,699.0,433.125,391.0416666666667,0.0972,0.534,0.1389,UNKNOWN (Panel Blindness / Low Sampling)
