district_id_normalized,Competitor_Volume,Mean_Numeric_Distribution,Mean_Weighted_Distribution,Mean_Promotional_Intensity,Total_Exclusive_Chillers,Competitor_Volume_Score,Mean_Numeric_Distribution_Score,Mean_Weighted_Distribution_Score,Mean_Promotional_Intensity_Score,Total_Exclusive_Chillers_Score,Competitive_Intensity
DST_0001,1757217,79.15666666666667,82.86508333333333,7.1955,707449,1.0,0.9951405073236285,0.9861811253638586,0.9709144533517405,0.9920906919031299,0.9888653555884716
DST_0002,643168,78.97783333333334,82.87124999999999,7.2781666666666665,249162,0.36448711688359103,0.9923020556950238,0.9862767756045352,0.9864769464882417,0.34917953904922766,0.7357444867441238
DST_0003,1461413,78.08966666666667,82.98775,7.232,579980,0.8312576440736752,0.978205029852681,0.9880837896108329,0.9777857960874135,0.8132699054895199,0.9177204330228245
DST_0004,724461,39.839000000000006,46.31825,4.016666666666667,87479,0.4108609736952593,0.3710885316501907,0.4193086814226551,0.3724801154636587,0.1223614012297445,0.33921994069230166
DST_0005,214163,40.562416666666664,46.99166666666667,3.9391666666666665,26107,0.11975981635968676,0.3825706372363586,0.4297539462187133,0.3578902781481888,0.03626525782408453,0.2652479871574064
DST_0006,395019,40.381499999999996,48.296166666666664,4.089333333333333,49619,0.22292971103119694,0.3796991188366845,0.44998784983429235,0.386160048946551,0.06924923298790317,0.3016051923273256
DST_0007,506826,49.33458333333333,57.846000000000004,4.720583333333334,85568,0.28671037859841914,0.5218029061723756,0.5981138806595214,0.5049966270806207,0.11968054139059608,0.4062608667803066
DST_0008,309578,49.234500000000004,56.412,4.60825,54205,0.17418961409977912,0.5202143784901978,0.5758713219897317,0.4838492069717459,0.07568273545903587,0.3659614514020981
DST_0009,333569,57.47741666666666,65.47941666666667,5.9165,130057,0.18787535824464688,0.6510463649037228,0.71651466033824,0.7301350736551464,0.18209224907446506,0.4935327412432442
DST_0010,252384,39.04516666666667,47.34525,3.9650833333333333,31882,0.1415631103849875,0.35848876920187395,0.4352383242077833,0.3627692452504589,0.04436675733799456,0.26848524127661966
DST_0011,240668,40.8895,48.07991666666667,3.9739166666666668,32165,0.13487967999853964,0.38776212029426776,0.4466336285565086,0.3644321729444802,0.044763765885602616,0.2756942735358797
DST_0012,151100,39.35191666666666,47.34016666666666,4.102833333333334,18570,0.08378532246581843,0.3633575205741449,0.43515947738776595,0.38870150447892327,0.025691924172770265,0.2593391498158846
DST_0013,153714,39.48983333333333,47.38316666666666,4.074583333333333,19664,0.08527648728573775,0.36554654081894483,0.43582644393086284,0.38338327345747764,0.02722664979497244,0.2594518790575991
DST_0014,245878,38.830333333333336,48.495250000000006,3.9571666666666667,29934,0.1378517414797101,0.3550789237691887,0.4530758015231655,0.36127888552468507,0.04163399178767478,0.2697838688168848
DST_0015,174242,38.56916666666667,46.78841666666666,4.010666666666667,22823,0.09698675179350505,0.35093367334791803,0.42660136598884246,0.37135057967149343,0.03165827524336063,0.25550612920902394
DST_0016,185523,39.063,48.087583333333335,3.8118333333333334,24355,0.10342203501213924,0.3587718207622288,0.4467525450719445,0.3339190185589006,0.03380745225726715,0.25533457433249607
DST_0017,162344,38.991166666666665,46.971333333333334,3.9361666666666664,20487,0.09019949891385699,0.3576316784957529,0.42943855893864424,0.35732551025210607,0.02838120115427079,0.2525952895509262
DST_0018,76091,38.39175,48.76033333333333,3.910166666666667,9416,0.04099619393585367,0.34811770712364065,0.45718746930144294,0.3524308551527227,0.012850170657561189,0.2423164792342442
DST_0019,38693,38.726416666666665,45.74183333333334,3.815833333333333,4825,0.019662382942991184,0.3534295532282427,0.4103679690610249,0.33467204242034415,0.0064096539011350515,0.22490832031074764
DST_0020,135801,39.822,49.427,4.090333333333333,17279,0.07505795805114912,0.3708187067982637,0.46752803586108477,0.3863483049119118,0.023880835710007,0.2647267682664833
DST_0021,145803,39.5805,48.08858333333333,4.157166666666667,17111,0.08076363155108524,0.3669856066958889,0.4467680559217839,0.3989300785968656,0.0236451557241478,0.2634185056979543
DST_0022,57753,17.029916666666665,21.171583333333334,2.0885000000000002,256,0.030535222066044795,0.009061617943881701,0.029262510792966358,0.009491238253612224,0.0,0.015670117811301017
DST_0023,137129,40.49616666666667,49.21816666666667,3.833666666666667,17791,0.07581551997955495,0.381519113916349,0.464288853386277,0.33802927380261366,0.024599098524054088,0.25685037192176974
DST_0024,116904,39.880833333333335,47.979166666666664,3.9959166666666666,14752,0.06427810280936821,0.3717525124132659,0.44507091043518265,0.36857380418242003,0.020335815922708188,0.254002229152589
DST_0025,105210,42.01141666666667,47.627250000000004,4.018416666666666,13386,0.05760722239462587,0.405569237850607,0.43961238386251184,0.3728095634030402,0.018419513180543495,0.2588035841382657
DST_0026,79429,40.36691666666666,47.56016666666667,3.9025833333333333,10099,0.042900366915536406,0.3794676514391981,0.4385718643524479,0.35100324741540245,0.013808322028643535,0.2451502904302457
DST_0027,61910,40.378,47.73524999999999,4.10775,7806,0.03290659626512842,0.3796435666612878,0.4412875556451737,0.3896270963086143,0.01059157079307718,0.25081127713465634
DST_0028,67898,41.27775,47.66133333333333,4.084083333333333,8397,0.03632247038206678,0.39392444375077706,0.44014104532787346,0.3851717051284062,0.011420659314760441,0.2533960647807768
DST_0029,60912,40.3565,47.669,3.8896666666666664,7595,0.032337283912305365,0.3793023175838507,0.44025996184330934,0.3485716078628241,0.010295567953694493,0.2421533478311968
DST_0030,56483,39.62858333333334,46.998083333333334,4.1939166666666665,6973,0.029810746426680784,0.3677487877721727,0.4298534741718499,0.4058484853238787,0.009422990863191977,0.2485368969115548
DST_0031,47993,39.14483333333333,48.72833333333333,4.081583333333334,6169,0.02496759825486939,0.3600706835298381,0.4566911221065802,0.384701065215004,0.008295093788008658,0.24694511257886007
DST_0032,84528,41.222833333333334,46.214666666666666,3.9598333333333335,10523,0.045809108084919954,0.3930528036653855,0.4177020158934508,0.3617809014323142,0.014403133421526281,0.2465495924995193
DST_0033,134292,40.11441666666666,46.56733333333333,4.066083333333333,16302,0.07419714408280244,0.3754599587855765,0.42317217560350123,0.38178309775191,0.022510244363671054,0.2554245241174923
DST_0034,83203,40.34083333333333,45.75383333333333,3.891833333333333,10992,0.04505325751629215,0.37905365546540815,0.41055409925909836,0.3489794957877727,0.015061073382049883,0.23974031628212428
DST_0035,109674,40.37466666666667,46.98074999999999,3.9868333333333337,13322,0.06015372574432741,0.37959065982757667,0.42958461944129905,0.3668638124970586,0.018329730328787607,0.25090450956780985
DST_0036,1744328,78.57608333333333,83.00833333333334,7.161166666666667,713087,0.9926474279403443,0.9859254595619842,0.9884030546033619,0.9644509985410163,1.0,0.9862853881293414
DST_0037,54679,39.09283333333334,47.6535,3.8334166666666665,7292,0.02878164874682828,0.3592453369239439,0.4400195436707977,0.33798220981127336,0.009870502264912722,0.2351798482835512
DST_0038,287939,58.20941666666667,64.70925,6.050166666666667,104550,0.16184557602088315,0.6626647055866971,0.7045687208202137,0.7552986210250536,0.1463095740785684,0.4861374395062832
DST_0039,327759,49.70591666666667,57.497166666666665,4.743916666666666,57542,0.18456102480787134,0.5276967274478007,0.5927031792071886,0.5093892662723749,0.08036406946387012,0.37894285343982115
DST_0040,175613,49.60941666666667,57.284083333333335,4.755583333333333,31828,0.09776884321206257,0.5261650746118623,0.5893980756205632,0.5115855858682522,0.04429100305682553,0.3538417164739132
DST_0041,148312,40.21008333333334,48.602666666666664,3.99575,18571,0.08219489877877366,0.3769783849130874,0.45474192531008767,0.3685424281881932,0.02569332702982895,0.2616301928439942
DST_0042,69348,41.225833333333334,48.07333333333334,3.9125,8682,0.0371496276081123,0.3931004198157255,0.4465315154617322,0.35287011907189814,0.011820473576485871,0.2482944311067908
DST_0043,106666,38.922000000000004,47.29625,3.9313333333333333,13374,0.058437802340227454,0.35653386169624607,0.4344782925656496,0.3564156064195284,0.018402678895839266,0.2448536483834982
DST_0044,145999,41.01083333333334,48.04408333333333,4.000333333333334,18417,0.08087544038991622,0.3896879290413547,0.44607782310392785,0.36940526802943074,0.025477287042791348,0.26230474952148414
DST_0045,153916,39.70116666666667,45.974333333333334,4.033416666666667,19226,0.08539171884412479,0.3689008340762336,0.4139742416486999,0.37563340288345387,0.026612198403268096,0.254102479171156
DST_0046,155656,40.07458333333333,47.73083333333333,3.9217500000000003,19149,0.08638430751537941,0.3748277221227279,0.4412190493917161,0.3546114867514865,0.026504178409749297,0.25670934883821184
DST_0047,113221,38.89475,47.63925,3.951916666666667,14691,0.06217712345521258,0.35610134833065715,0.4397985140605853,0.3602905417065404,0.02025024164212836,0.24772355383902472
DST_0048,95341,40.915499999999994,48.03475,4.052583333333334,12426,0.051977419178182216,0.3881747935972149,0.4459330551720929,0.3792416422195379,0.017072770404205205,0.25647993611424663
DST_0049,90143,40.106750000000005,47.91291666666667,4.01575,11017,0.04901220313612384,0.3753382730680409,0.4440433166333183,0.37230754749541123,0.015096144808517026,0.2511594970282823
DST_0050,116544,39.790333333333336,46.88766666666667,3.9684166666666667,14870,0.06407273963600518,0.37031609187800746,0.4281408178354092,0.36339676513499525,0.020501353055633102,0.24928555350801002
DST_0051,106387,37.62008333333333,45.93866666666667,3.9953333333333334,13131,0.0582786458808711,0.33586977511950333,0.4134210213377591,0.3684639882026262,0.018061784630578635,0.23881904303426768
DST_0052,94286,40.21491666666667,47.61508333333334,4.003916666666667,11698,0.051375590989576676,0.3770550998219685,0.4394236685227984,0.37007985190530734,0.016051490465482002,0.25079714034102657
DST_0053,85582,39.82658333333333,47.0135,3.9324166666666667,10814,0.04641036582026615,0.37089145369461646,0.4300925997735416,0.3566195503820027,0.014811364825603825,0.24376506689920613
DST_0054,57979,38.879333333333335,49.481,4.096166666666667,8021,0.03066414450265603,0.355856654224743,0.4683656217524158,0.38744646470985056,0.01089318506069461,0.250645214050072
DST_0055,26787,39.950583333333334,48.27408333333334,3.9391666666666665,3184,0.012870566437268397,0.37285958790867224,0.4496453185670043,0.3578902781481888,0.004107565467831786,0.2394746633057931
DST_0056,88103,38.771499999999996,46.10741666666667,4.026,10634,0.047848478487066685,0.3541451181541863,0.4160384772481685,0.3742371711403605,0.014558850555040396,0.2413656191169645
DST_0057,69666,40.29216666666667,47.89908333333334,4.0008333333333335,8643,0.03733103174458298,0.37828121569322504,0.4438287498772058,0.3694993960121112,0.011765762151197129,0.2481412310956644
DST_0058,107125,40.27075,48.077999999999996,3.97975,13470,0.05869964038626531,0.37794128928663073,0.44660389942764955,0.3655303327424188,0.018537353173473096,0.2534625030032875
DST_0059,57914,38.80566666666667,48.09075,3.803833333333333,7428,0.030627065040798818,0.35468741319972596,0.44680166276310274,0.3324129708360133,0.010061290824893978,0.23491808053290697
DST_0060,84889,40.84941666666667,48.16741666666667,3.9633333333333334,10825,0.046015041711542325,0.387125915618891,0.4479908279174616,0.3624397973110773,0.014826796253249367,0.2516796757624443
DST_0061,27043,18.05325,21.19725,2.1371666666666664,274,0.013016602471659882,0.02530401589321283,0.029660622605512558,0.018653028567842716,2.525142705634295e-05,0.017331904193056864
DST_0062,22165,17.488166666666665,21.807000000000002,2.1184166666666666,265,0.010233931472590862,0.016334984908325658,0.03911836329512497,0.01512322921732583,1.2625713528171474e-05,0.016164626921379096
DST_0063,64201,38.58358333333333,49.52183333333333,3.9520833333333334,8321,0.034213504682280356,0.3511624954037188,0.46899898145419383,0.36032191770076716,0.011314042178300326,0.24520218828385207
DST_0064,81504,38.91008333333333,45.89033333333334,3.9451666666666667,9889,0.044084057428670526,0.3563447197657285,0.4126713302621851,0.35901981394035426,0.013513722046319534,0.2371267286886516
DST_0065,1473270,78.73375,83.60441666666667,7.35,583669,0.8380215083696902,0.988427952796523,0.9976488136785014,1.0,0.8184450451790116,0.9285086640047453
DST_0066,442110,57.172333333333334,64.28066666666668,6.0056666666666665,165517,0.24979292546685894,0.6462040669483075,0.6979210290931842,0.7469212305664935,0.23183756037546066,0.5145353624900609
DST_0067,250759,41.59491666666667,47.09525,3.970833333333333,31535,0.14063612383855717,0.39895852897839557,0.4313606117479176,0.36385171705128405,0.04387996593863062,0.27573738951095705
DST_0068,243359,50.148583333333335,58.632666666666665,4.7716666666666665,44284,0.13641476971942826,0.5347227549646449,0.6103157491998986,0.51461336931114,0.06176499057981485,0.37156632675498535
DST_0069,312920,49.48125,58.33866666666667,4.777416666666666,53299,0.17609606889249924,0.5241308068556675,0.6057555593470967,0.5156958411119652,0.07441174696386661,0.379218004634219
DST_0070,116273,39.18566666666666,46.83533333333333,4.045916666666667,14755,0.06391814680272358,0.3607187922428,0.42732908336047726,0.37798660245046517,0.020340024493884244,0.25005852987007005
DST_0071,199111,40.481833333333334,47.59341666666667,4.111416666666667,24309,0.11117335390007484,0.381291614531391,0.43908760010961,0.3903173681816043,0.03374292083256761,0.27112257151104957
DST_0072,162419,39.717416666666665,48.74966666666667,3.879833333333333,20686,0.09024228290830763,0.3691587548905754,0.4570220202364888,0.3467204242034419,0.028660369708949245,0.2583607703895526
DST_0073,108112,39.83383333333334,48.70391666666667,4.16775,12632,0.05926267775323561,0.3710065260579384,0.4563123988563334,0.4009224542302684,0.017361758958294463,0.26097316317121405
DST_0074,144642,38.861250000000005,49.465333333333334,3.971166666666667,18195,0.08010133531698947,0.3555696346518599,0.4681226184382642,0.36391446903973773,0.02516585277576312,0.2585747820445229
DST_0075,134145,39.297000000000004,46.34866666666667,4.091583333333333,17161,0.07411328745367919,0.3624858804887534,0.4197804697719388,0.38658362486861303,0.023715298577082086,0.2533357122320133
DST_0076,91132,38.7535,47.44733333333333,3.99325,11461,0.04957638140961282,0.3538594212521461,0.4368217234622285,0.368071788274791,0.015719013342573484,0.24480966554827038
DST_0077,209680,39.03108333333333,45.09166666666667,3.9894166666666666,26457,0.11720247439805773,0.35826523782944414,0.4002833315237342,0.36735014040757413,0.03675625779462453,0.25597148839068695
DST_0078,162625,40.77225,46.93125,3.896916666666667,20074,0.09035979627973202,0.3859011224184772,0.4288168323742457,0.34993646361169073,0.027801821189033585,0.2565632071746359
DST_0079,31126,16.61725,20.80575,2.1355833333333334,309,0.015345763129552216,0.0025117519304380773,0.0235881248933629,0.018354956622688007,7.435142411034312e-05,0.011974989600030309
DST_0080,67545,38.53225,47.533166666666666,3.9485,8132,0.03612110038151914,0.35034773016456666,0.43815307140678234,0.3596473338248906,0.011048902194208725,0.2390636275943935
DST_0081,101088,39.96783333333334,47.49183333333333,3.921666666666667,13001,0.05525581405961921,0.37313338077312763,0.43751195628008455,0.3545957987543731,0.01787941321294949,0.24767527261603078
DST_0082,86984,40.00716666666666,47.376416666666664,4.0224166666666665,11028,0.047210141289863276,0.3737576814109194,0.43572174569444655,0.37356258726448394,0.015111576236162568,0.24907274637917518
DST_0083,109011,38.709500000000006,45.46216666666667,4.13225,14396,0.059775515233383834,0.3531610510471586,0.4060301013892551,0.3942393674599564,0.01983639880981607,0.246608486787914
DST_0084,55827,38.97483333333333,46.098083333333335,3.9675833333333332,7110,0.0294365290885526,0.3573724350105681,0.41589370931633346,0.36323988516386113,0.009615182280231921,0.23511154817190943
DST_0085,27288,38.88491666666666,47.42991666666667,3.9602500000000003,3409,0.013156363520198609,0.3559452731712091,0.4365515761608579,0.36185934141788123,0.004423208306036073,0.23438715251523656
DST_0086,84416,40.29600000000001,47.974666666666664,3.914833333333333,10349,0.04574521731987368,0.378342058551993,0.4450011116109051,0.3533093829910735,0.014159036293314966,0.24731136135343204
DST_0087,77856,39.327999999999996,47.348083333333335,4.126333333333333,9619,0.04200304393859185,0.3629779140422672,0.4352822716156618,0.39312551966490433,0.01313495064047439,0.2493047399803799
DST_0088,79092,39.28425,48.22683333333334,4.026166666666667,10041,0.04270812416713824,0.3622835118498081,0.4489124309120897,0.37426854713458735,0.013726956319239763,0.24837991407657262
DST_0089,85182,43.00183333333334,48.833999999999996,3.9709999999999996,10922,0.04618218451652945,0.4212891808170403,0.45833010190628337,0.3638830930455108,0.014962873387941883,0.26092948673466115
DST_0090,95400,40.32033333333333,47.822916666666664,3.9955,12669,0.05201107592048338,0.37872827843808443,0.44264734014776663,0.36849536419685297,0.017413664669465836,0.25185914467453063
DST_0091,91044,39.174166666666665,48.75933333333333,3.8103333333333333,10780,0.04952618152279075,0.36053626366649644,0.45717195845160347,0.33363663461085924,0.01476366768560851,0.2431269411874717
DST_0092,123937,39.365,46.809666666666665,4.030333333333333,14861,0.06829010058231869,0.36356517989646137,0.4269309715479311,0.3750529469902577,0.02048872734210493,0.25086558527181474
DST_0093,69405,39.113749999999996,48.705000000000005,4.0775,8689,0.03718214344389478,0.35957732730548136,0.4563292022769928,0.38393235335644693,0.011830293575896671,0.2497702639917425
DST_0094,315371,41.232083333333335,48.55566666666667,4.059916666666667,39918,0.17749424983114584,0.393199620128934,0.454012915367633,0.38062218596551783,0.055640116661593,0.29219381759096474
DST_0095,131191,41.08775,48.968833333333336,3.9992499999999995,16954,0.07242816852558369,0.39090875422924004,0.460421481492971,0.36920132406695627,0.023424907165934143,0.263276927096137
DST_0096,64795,39.59583333333333,47.04525,4.219,7866,0.03455235391832935,0.3672289781309603,0.43058506925594453,0.4105705724550147,0.010675742216598325,0.2507225431953694
DST_0097,102455,40.431000000000004,47.998333333333335,3.972083333333333,13016,0.056035623665139374,0.38048478531729557,0.44536820172377245,0.3640870370079851,0.017900456068829777,0.25277522075660447
DST_0098,140441,39.82475,48.268,4.086416666666667,17362,0.07770486117449481,0.37086235493607533,0.4495509608971475,0.3856109690475817,0.023997272845877916,0.26154528378023545
DST_0099,66463,41.2125,48.56633333333333,3.9507499999999998,8340,0.03550386995491137,0.39288879248088077,0.45417836443258724,0.36007090974695255,0.011340696462415355,0.25079652661554946
DST_0100,121813,79.28225,83.47916666666667,7.166416666666667,49024,0.06707845785947683,0.997133772283697,0.9957060797361088,0.9654393423591611,0.06841453303798516,0.6187544370552858
DST_0101,178399,39.551,48.42166666666667,3.86675,22743,0.09935812599258867,0.366517381217545,0.45193446148914496,0.34425740865663684,0.03154604667866577,0.25872268480691624
DST_0102,15274,40.94391666666666,45.43866666666667,3.872333333333333,1781,0.006302938062466914,0.38862582435460263,0.40566559641802774,0.34530850446323513,0.002139357014495722,0.2296084440625656
DST_0103,93629,39.975,48.109,4.019,11556,0.05100080319818915,0.37324713046560665,0.447084735772673,0.3729193793828342,0.01585228476314863,0.2520208667164903
DST_0104,241959,40.89991666666666,48.0075,3.99375,29755,0.13561613515634982,0.38792745414961516,0.4455103845139675,0.3681659162574714,0.04138288037417003,0.2757205540903148
DST_0105,368993,39.75025,46.79316666666667,3.9905,47375,0.20808309450356877,0.36967988720263056,0.42667504252558003,0.3675540843700485,0.06610122174821241,0.2876186660700081
DST_0106,566913,79.12899999999999,83.50166666666668,7.088833333333333,224753,0.32098720359248645,0.9947013806038255,0.9960550738574968,0.9508338170465774,0.31493720110376794,0.7155029352408308
DST_0107,227384,40.07183333333333,47.27383333333333,3.878833333333333,29672,0.12730177890144392,0.3747840739849162,0.4341305910150816,0.34653216823808103,0.04126644323829912,0.2648030110755644
DST_0108,230348,39.580666666666666,48.500083333333336,4.128333333333333,28729,0.12899260236213286,0.3669882520375744,0.4531507706307229,0.39350203159562613,0.039943549031958486,0.276515441131603
DST_0109,262672,39.13158333333333,47.92383333333333,4.065083333333333,31521,0.14743193351709535,0.35986037886583616,0.44421264341073236,0.38159484178654907,0.043860325939809014,0.27539202470400437
DST_0110,156632,39.56816666666667,47.72483333333333,3.946833333333333,18924,0.08694106989649696,0.3667898514111576,0.4411259842926793,0.3593335738826224,0.026188535571545008,0.25607580301090027
DST_0111,375912,39.598,48.285833333333336,3.91625,47456,0.21203006060495427,0.36726336757287253,0.449827571052618,0.35357607894200144,0.06621485316996595,0.28978238626848246
DST_0112,376703,39.75308333333333,48.17575,4.05375,46126,0.21248128913309358,0.36972485801128496,0.4481200849994571,0.37946127417912556,0.06434905328191394,0.2948273119209751
DST_0113,359764,58.17933333333334,65.42433333333334,5.938833333333333,129751,0.20281838137310382,0.6621872214124539,0.7156602710262496,0.7343394568815399,0.18166297481450722,0.49933366110157085
DST_0114,325330,39.60166666666667,47.180749999999996,4.001083333333333,39594,0.18317539384093026,0.36732156508995484,0.43268678940919164,0.36954646000345126,0.05518559097457883,0.28158315986362137
DST_0115,297662,38.88783333333333,48.0455,4.0640833333333335,36311,0.1673920930614629,0.35599156665070647,0.44609979680786704,0.38140658582118825,0.05058001125091361,0.28029401071842763
DST_0116,365101,58.373083333333334,65.26391666666667,6.00425,133950,0.20586289041821068,0.665262431121916,0.7131720721978358,0.7466545346155656,0.18755357160392855,0.5037010999914913
DST_0117,401709,41.15116666666667,48.256416666666674,4.0914166666666665,51268,0.2267460433361932,0.39191530674059516,0.44937129355317385,0.38655224887438616,0.07156254427767592,0.30522948735640487
DST_0118,127086,39.55116666666667,45.20141666666667,4.117666666666667,15977,0.07008645789598583,0.36652002655923055,0.4019856472936152,0.3914939679651099,0.022054315819598193,0.25042808310670794
DST_0119,263778,38.31816666666667,49.033166666666666,3.8885833333333335,32614,0.1480628548219273,0.34694978876946647,0.4614193461659764,0.3483676639003499,0.04539364870495251,0.2700386604725345
DST_0120,216543,38.93575,48.01475000000001,3.9811666666666667,27621,0.1211174951169201,0.3567521023853046,0.4456228381753037,0.36579702869334674,0.03838918341093471,0.26553572955636195
DST_0121,279069,38.626333333333335,46.12591666666666,3.9955833333333337,35716,0.1567856556105219,0.35184102554606467,0.4163254279701984,0.36851105219396646,0.04974531130099561,0.2686416945243494
DST_0122,205046,40.425666666666665,48.97841666666667,4.046166666666667,26730,0.11455899399426808,0.3804001343833576,0.46057012713726586,0.37803366644180547,0.03713923777164573,0.2741404319456685
DST_0123,228408,40.226,46.57941666666667,4.089166666666666,28235,0.12788592303900986,0.37723101504405815,0.4233595983723948,0.3861286729523241,0.03925053764496774,0.2707711494105509
DST_0124,133859,40.2305,47.349666666666664,3.834166666666667,16780,0.07395013782150746,0.37730243926956825,0.4353068304612409,0.33812340178529415,0.023180810037722828,0.24957272387506674
DST_0125,153042,41.061749999999996,47.48341666666667,4.038,18392,0.08489314269546011,0.3904960809262928,0.43738140662726915,0.3764962427246914,0.025442215616324208,0.2629418177180075
DST_0126,119973,40.645833333333336,46.83383333333334,3.8300833333333335,15105,0.06602882386228802,0.38389463074998087,0.4273058170857182,0.3373546899267371,0.020831024464424246,0.24708299721782967
DST_0127,249251,41.57725000000001,48.436083333333336,3.9988333333333332,29682,0.13977588032346983,0.39867812275972636,0.45215807624099724,0.3691228840813893,0.04128047180888598,0.2802030870428937
DST_0128,159120,41.62125,47.489000000000004,3.915916666666667,19236,0.08836035760573921,0.39937649296471384,0.43746800887220616,0.35351332695354787,0.026626226973854954,0.26106888267401235
DST_0129,78615,17.158666666666665,20.41508333333333,2.0380833333333332,298,0.04243601796243223,0.011105144395975888,0.017528552889412782,0.0,5.891999646480021e-05,0.014225727048857143
DST_0130,156712,40.235416666666666,48.17225,4.1570833333333335,19463,0.0869867061572443,0.3773804768492922,0.4480657970250189,0.39891439059975214,0.02694467552617661,0.2676584092314968
DST_0131,130283,40.43983333333333,46.13725,4.0222500000000005,16706,0.07191019696610139,0.3806249884266301,0.4165012176017124,0.37353121127025724,0.02307699861538008,0.2531289225760162
DST_0132,121578,40.77583333333334,48.65075,4.00875,14607,0.06694440134353152,0.3859579972647168,0.4554877386732019,0.37098975573788495,0.02013240164919876,0.2599024589337068
DST_0133,199085,41.23891666666667,47.6285,3.9377500000000003,23463,0.11115852211533196,0.3933080791380419,0.43963177242481116,0.3576235821972609,0.03255610376091949,0.26685561192727303
DST_0134,112065,40.51883333333333,49.74666666666667,4.001166666666666,14106,0.06151767948741352,0.38187888038558504,0.4724863375264331,0.3695621480005647,0.01942957026279721,0.2609749231325587
DST_0135,101914,40.159,47.00825,4.07925,13288,0.05572700845183549,0.3761675876864635,0.4300111678118843,0.3842618012958286,0.018282033188792294,0.25288991968696084
DST_0136,85264,17.691333333333333,21.255916666666668,2.13975,337,0.04622896168379548,0.019559656423021876,0.030570592462761045,0.01913935647835839,0.00011363142175354326,0.023122439693938065
DST_0137,118906,38.907916666666665,48.486,3.9280833333333334,14070,0.06542015023457037,0.35631033032381626,0.45293232616215034,0.3558037745321055,0.019379067408684527,0.2499691297322654
DST_0138,150107,39.69016666666666,46.34341666666667,3.8521666666666667,18959,0.08321886237929209,0.3687262415249865,0.41969903781028167,0.3415120091617903,0.02623763556859901,0.24787875728898992
DST_0139,211433,40.608666666666664,47.90175,3.9819166666666663,27106,0.1182024789616838,0.38330471955410117,0.4438701121434443,0.36593822066736736,0.03766671202571156,0.2697964486704616
DST_0140,156587,40.465583333333335,46.06733333333333,4.046833333333334,19888,0.08691539949982659,0.381033693717049,0.4154167506837699,0.3781591704187127,0.02754088977611804,0.2578131808190952
DST_0141,194111,39.4855,47.87558333333333,4.1410833333333334,24009,0.10832108760336613,0.3654777619351204,0.44346424490597836,0.39590229515397773,0.033322063714961894,0.2692974906626809
DST_0142,151401,41.181583333333336,48.17158333333334,3.9455,18383,0.08395702889688031,0.39239808159820966,0.4480554564584594,0.3590825659288079,0.025429589902796035,0.2617845445570307
DST_0143,103530,39.63491666666666,47.04066666666667,3.90175,12593,0.056648860918931745,0.36784931075622374,0.43051397786084694,0.35084636744426834,0.01730704753300572,0.24463311290265527
DST_0144,144474,41.330666666666666,49.417500000000004,4.057416666666667,18203,0.08000549916942006,0.394764339735942,0.46738068278760997,0.38015154605211554,0.025177075632232603,0.269495828675464
DST_0145,146401,39.59016666666666,47.16675,3.9418333333333333,18463,0.08110476260017159,0.3671390365136512,0.43246963751143924,0.3583922940558179,0.02554181846749089,0.2529295098297142
DST_0146,159821,40.33733333333334,48.91766666666667,3.9790833333333335,19897,0.08876024534053778,0.3789981032900116,0.4596278430095185,0.36540482876551156,0.027553515489646213,0.26406890717904513
DST_0147,140453,39.03075,47.335,3.9925833333333336,17563,0.0777117066136069,0.3582599471460731,0.4350793379969288,0.36794628429788373,0.024279247114673743,0.2526553046338333
DST_0148,185265,40.2605,48.052249999999994,4.07825,24696,0.10327485807122908,0.3777786007729689,0.44620449504428333,0.3840735453304676,0.03428582651427898,0.26912346514664554
DST_0149,202042,39.76775,47.878416666666666,4.054583333333333,25026,0.11284535240320549,0.36995764807961423,0.44350819231385685,0.3796181541502597,0.03474876934364527,0.2681356232581163
DST_0150,159646,40.31716666666667,48.925333333333334,4.003416666666667,19516,0.08866041602015297,0.37867801694605896,0.45974675952495436,0.3699857239226269,0.027019026950286955,0.26481798867281603
DST_0151,1356156,79.28316666666666,83.47991666666667,7.22725,547444,0.7712134453551414,0.9971483216629674,0.9957177128734883,0.9768915802519492,0.7676265482281214,0.9017195216743336
DST_0152,801649,57.21908333333333,63.763749999999995,5.807333333333333,294726,0.4548931198773297,0.6469460852911065,0.6899032122970016,0.7095837974365813,0.4130993180711838,0.5828851065946407
DST_0153,374276,49.92783333333333,58.03975,4.710666666666667,61046,0.21109679907267118,0.5312189999021224,0.6011191078159173,0.503129755424125,0.08527968059750488,0.3863688685624681
DST_0154,369759,50.25825,57.46758333333333,4.803833333333333,66398,0.20852006170022452,0.5364633897937428,0.5922443165661045,0.5206689361969158,0.09278777157559084,0.39013689516651573
DST_0155,190392,40.10783333333333,48.32658333333333,3.9265833333333333,24183,0.1061995719318742,0.375355467788997,0.45045963818357604,0.3555213905840641,0.03356616084317321,0.2642204458663369
DST_0156,147677,39.86866666666666,47.443083333333334,4.055666666666666,18399,0.08183266095909165,0.37155940247022,0.4367558023504108,0.3798220981127339,0.025452035615735006,0.25908439990163823
DST_0157,174311,41.98516666666667,47.60875,4.003583333333333,22908,0.09702611306839963,0.4051525965351315,0.4393254331404817,0.3700170999168536,0.031777518093348917,0.26865975215084303
DST_0158,90102,38.51108333333333,47.73833333333334,3.9479166666666665,11803,0.04898881455249083,0.35001177177050075,0.44133538076551215,0.3595375178450967,0.016198790456644,0.24321445507804892
DST_0159,121000,39.51641666666667,48.44775,3.9111666666666665,14560,0.06661467935963199,0.3659684728177916,0.45233903615579096,0.35261911111808353,0.02006646736744053,0.2515215533637477
DST_0160,95083,39.383833333333335,47.547000000000004,4.048166666666666,11851,0.05183024223727205,0.3638641035069295,0.438367638162895,0.37841017837252705,0.016266127595460915,0.2497476579750169
DST_0161,59901,39.503,47.681083333333326,3.8714166666666667,7390,0.03176055566711086,0.36575552281210405,0.4404473846122028,0.3451359364949877,0.010007982256663921,0.23862147636861386
DST_0162,93082,39.22058333333334,47.98225,4.1098333333333334,11705,0.05068876526532922,0.36127299132592466,0.44511873555552106,0.39001929623644954,0.0160613104648928,0.25263221976962347
DST_0163,110807,41.09741666666666,48.373083333333334,3.9223333333333334,13245,0.06080004928716161,0.3910621840470023,0.45118089270111106,0.35472130273128033,0.018221710335268808,0.2551972278203648
DST_0164,42010,40.34041666666667,48.61741666666667,3.94725,5334,0.021554576404227744,0.37904704211119433,0.45497071034521985,0.35941201386818944,0.0071237081440060825,0.24442161017456748
DST_0165,114788,40.89966666666667,47.45633333333333,3.92225,14384,0.06307102371260108,0.38792348613708694,0.4369613211107836,0.3547056147341669,0.019819564525111844,0.25249620204395007
DST_0166,127486,39.38008333333333,47.7535,4.08175,15439,0.07031463919972253,0.3638045833190044,0.441570628654744,0.3847324412092309,0.021299578722025276,0.2563443742209454
DST_0167,150534,40.95816666666666,46.90325,3.9309166666666666,18554,0.08346244592103101,0.388852001068718,0.4283825285787408,0.35633716643396135,0.025669478459831294,0.2565407240924565
DST_0168,72338,41.040499999999994,46.395833333333336,4.145666666666667,8961,0.038855282853544115,0.390158799861384,0.4205120648560335,0.39676513499521526,0.012211870695859188,0.2517006306524072
DST_0169,115303,39.20783333333333,47.83983333333333,4.005166666666667,13987,0.06336480714116208,0.36107062268697937,0.4429097320242176,0.3703151718620084,0.01926263027281361,0.2513845927974362
DST_0170,49548,41.09258333333333,48.01983333333333,3.93075,6047,0.0258546530731458,0.3909854691381212,0.4457016849953208,0.3563057904397346,0.008123945226849,0.24539430857463426
DST_0171,123747,39.98966666666667,48.577083333333334,4.015916666666667,15050,0.06818171446304376,0.37347992053393586,0.4543451060683615,0.37233892348963804,0.02075386732619653,0.2578199063762351
DST_0172,45250,40.42658333333333,48.1875,4.01625,5683,0.02340284496449499,0.3804146837626282,0.44830233748507076,0.3724016754780918,0.0076133052574873985,0.2464269693895546
DST_0173,110691,38.76241666666667,47.37433333333333,3.82925,13732,0.06073387670907796,0.35400094703232343,0.43568943142394767,0.337197809955603,0.018904901722848755,0.24130539336876017
DST_0174,40659,17.233249999999998,21.167166666666667,2.06525,325,0.02078389405085705,0.012288934800263452,0.029194004539508715,0.005114287058971161,9.679713704931463e-05,0.013495583517329938
DST_0175,45768,39.69691666666667,46.42758333333334,4.091666666666667,5908,0.023698339752834013,0.3688333778632517,0.42100453433843643,0.38659931286572646,0.007928948095691685,0.24161290258318807
DST_0176,27095,40.84758333333333,47.959500000000006,4.0525,3194,0.013046266041145652,0.38709681686034975,0.44476586372167337,0.37922595422242444,0.004121594038418643,0.24565129897680235
DST_0177,37140,40.895833333333336,47.187916666666666,3.9598333333333335,4575,0.018776469031233457,0.3878626432783191,0.4327979504997079,0.3617809014323142,0.0060589396364636216,0.24145538077560763
DST_0178,4225,16.459,20.68791666666667,2.12075,292,0.0,0.0,0.021760429753946264,0.015562493136501303,5.05028541126859e-05,0.007474685148912051
DST_0179,68997,39.659416666666665,48.1365,4.0985,8764,0.03694939851408335,0.36823817598400094,0.44751128414325814,0.38788572862902587,0.0119355078552981,0.25050401902513325
DST_0180,86224,40.80475,46.82925,3.9986666666666664,10586,0.04677659681276355,0.38641696404716114,0.4272347256906206,0.36909150808716246,0.01449151341622348,0.24880226161078625
DST_0181,101723,40.52491666666666,48.59641666666666,4.0425,12869,0.05561805187930122,0.3819754353571078,0.45464498249859103,0.3773433945688155,0.017694236081202977,0.2574552200770037
DST_0182,39509,40.06183333333333,47.794999999999995,4.016,4988,0.020127872802614046,0.37462535348378273,0.4422143289230816,0.3723546114867515,0.006638319601700824,0.24319209725958615
DST_0183,42312,39.40525,47.71408333333333,3.95425,4904,0.02172685328854895,0.36420402991352385,0.44095924265690506,0.36072980562571577,0.006520479608771224,0.23882808221869295
DST_0184,943196,79.46283333333334,83.35108333333332,7.224333333333333,384681,0.5356390673773753,1.0,0.9937193983858373,0.9763425003529798,0.5392933247852577,0.80899885818029
DST_0185,779717,40.626,46.860083333333336,3.9255833333333334,97080,0.44238193899344663,0.3835798350893993,0.427712976894004,0.35533313461870325,0.13583023185018608,0.34896762348914784
DST_0186,443693,38.925666666666665,47.802083333333336,3.9309166666666666,52453,0.2506959529763969,0.35659205921332826,0.4423241974427779,0.35633716643396135,0.07322492989221849,0.29583486119173663
DST_0187,389311,39.77891666666667,46.61891666666667,3.9184166666666664,46533,0.21967356382687428,0.3701348859725467,0.42397227694105366,0.35398396686695005,0.06492001610479903,0.2865369419424447
DST_0188,517571,58.071083333333334,65.6565,6.013333333333334,189285,0.2928398988700462,0.6604690719876832,0.7192613733306447,0.7483645263009272,0.2651806669463028,0.5372231074871209
DST_0189,275910,40.17766666666667,46.306083333333326,4.04325,33871,0.15498359376426132,0.3764638659552461,0.41911996608294155,0.377484586542836,0.047157040027720455,0.2750418104746011
DST_0190,231610,39.14475,46.27291666666667,3.8725,29060,0.12971251437542214,0.3600693608589954,0.41860552289659947,0.345339880457462,0.04040789471838346,0.25882703466137247
DST_0191,316884,40.16525,47.119166666666665,3.9930833333333333,39042,0.1783573456125299,0.376266787999672,0.43173157957324476,0.36804041228056417,0.05441121387818431,0.28176146786883904
DST_0192,331752,49.97383333333333,57.70158333333333,4.635666666666666,58765,0.18683884467242293,0.5319491142073365,0.5958738554285389,0.4890105580220573,0.08207976364664275,0.3771504271953997
DST_0193,296936,40.185249999999996,46.729749999999996,4.166166666666666,37346,0.16697794399518082,0.376584229001939,0.42569139613159396,0.4006243822851136,0.05203196830665333,0.28438198394409614
DST_0194,367803,39.95783333333333,47.9725,4.033083333333333,44452,0.20740425512495209,0.37297466027199405,0.44496750476958624,0.37557065089500014,0.06200067056567405,0.2925835483254413
DST_0195,193188,40.54333333333333,48.25808333333334,4.04325,23784,0.1077945592449937,0.3822677456133621,0.44939714496957295,0.377484586542836,0.033006420876757606,0.2699900914495045
DST_0196,224093,40.946083333333334,47.676500000000004,4.071083333333333,28838,0.12542441722495026,0.38866021379651505,0.4403762932171054,0.3827243775787145,0.04009646045135523,0.27545635245372807
DST_0197,118470,39.747749999999996,45.977333333333334,4.0325,15055,0.06517143261349738,0.36964020707734707,0.4140207741982183,0.3754608349152063,0.02076088161148996,0.24901082608315178
DST_0198,14092,39.4385,47.31183333333333,3.8823333333333334,1741,0.005628662309924974,0.36473177557979275,0.43472000330898125,0.34719106411684425,0.0020832427321482933,0.2308709496095383
DST_0199,75655,40.241,47.421749999999996,4.074,9530,0.04074747631478067,0.37746909579575844,0.4364249042205022,0.3832734574776838,0.013010096362251361,0.25018500603419525
DST_0200,125136,39.383583333333334,47.026833333333336,4.003916666666666,15295,0.06897407404026944,0.36386013549440116,0.43029941110473446,0.3700798519053072,0.021097567305574532,0.25086220797005737
DST_0201,138450,39.66441666666666,48.37583333333334,3.948,17123,0.0765690887351454,0.36831753623456764,0.4512235475381697,0.3595532058422101,0.023661990008852028,0.25586507367178896
DST_0202,78649,39.30116666666667,47.676249999999996,3.95275,9632,0.04245541337324985,0.3625520140308923,0.4403724155046454,0.3604474216776744,0.013153187782237305,0.24379609047373982
DST_0203,68863,16.70175,21.470416666666665,2.0884166666666664,291,0.03687295777733156,0.003852940165016429,0.033897669753325754,0.009475550256498712,4.909999705400018e-05,0.016829643589845292
DST_0204,153844,39.100833333333334,48.150999999999996,4.239833333333333,17799,0.08535064620945218,0.35937231332485065,0.44773619146593036,0.4144925717333668,0.024610321380523575,0.2663124088228247
DST_0205,60656,17.586833333333335,20.762083333333333,2.0635833333333333,300,0.03219124787791387,0.01790102718617653,0.02291081778370636,0.0048005271167030255,6.172571058217165e-05,0.015573069135016392
DST_0206,51927,41.17691666666666,47.444583333333334,4.038166666666666,6131,0.027211761377119805,0.39232401203101397,0.43677906862516996,0.3765276187189181,0.008241785219778601,0.24821684919440012
DST_0207,812106,78.01766666666667,83.756,7.240166666666667,329956,0.46085834961026634,0.9770622422445195,1.0,0.9793232198045277,0.4625219722486817,0.775953156781599
DST_0208,240435,39.607166666666664,45.894666666666666,4.106166666666667,30678,0.134746764389113,0.36740886136557827,0.4127385439448227,0.3893290243634595,0.04267771743933695,0.2693801823004621
DST_0209,191366,40.10975,46.473166666666664,3.8691666666666666,24149,0.10675519340647305,0.3753858892183809,0.42171157057695186,0.34471236057292565,0.03351846370317789,0.2564166954955819
DST_0210,93250,39.470666666666666,46.470416666666665,3.9791666666666665,11693,0.05078460141289863,0.36524232652510563,0.42166891573989335,0.3654205167626249,0.01604447618018857,0.2438321673241422
DST_0211,56558,49.871833333333335,58.085166666666666,4.688,9259,0.029853530421131414,0.5303301650957747,0.6018235589127928,0.49886262020927785,0.012629922099347532,0.33469995934766483
DST_0212,88679,38.71566666666667,47.40058333333333,3.884583333333333,11139,0.048177059564447525,0.35325892868952424,0.43609659123223354,0.3476146400389062,0.015267293369676683,0.24008290257895765
DST_0213,83556,56.146499999999996,65.23708333333333,5.964416666666667,31092,0.04525462751683978,0.6299219888736929,0.7127558643938101,0.7391556719953564,0.04325850026163284,0.4340693306082664
DST_0214,92916,40.439,46.556083333333326,3.9836666666666667,12019,0.050594070024278494,0.3806117617182023,0.42299767854280723,0.366267668606749,0.016501807581320117,0.24739459729467145
DST_0215,76328,40.49466666666667,46.27291666666667,3.9226666666666667,9961,0.041131391358317664,0.381495305841179,0.41860552289659947,0.35478405471973395,0.013614727754544906,0.24192620051407504
DST_0216,75471,39.61183333333334,46.55216666666667,3.9435833333333337,9563,0.04064251291506179,0.367482930932774,0.4229369277142695,0.3587217419951995,0.01305639064518799,0.24056810084049857
DST_0217,32858,16.867416666666667,20.36475,2.04,323,0.016333788174732116,0.006482409800461891,0.016747840114159866,0.00036082393360841917,9.39914229319432e-05,0.008003770689178845
DST_0218,51892,39.00225,47.894,4.1457500000000005,6131,0.027191795513042842,0.35780759371784254,0.4437499030571885,0.39678082299232864,0.008241785219778601,0.24675438010003625
DST_0219,46431,38.434333333333335,47.975833333333334,4.051583333333333,5885,0.02407655026377759,0.3487935919243009,0.4450192076023845,0.37905338625417695,0.007896682383341914,0.24096788368559635
DST_0220,50268,38.443333333333335,46.28366666666667,3.899916666666667,6261,0.026265379419871854,0.3489364403753211,0.41877226453237376,0.35050123150777346,0.008424156637407745,0.23057989449454955
DST_0221,46116,40.29025,47.727666666666664,4.014666666666667,5774,0.02389685748708494,0.3782507942638411,0.4411699317005578,0.372103603532937,0.007740965249827799,0.24463243044684974
DST_0222,58119,42.45483333333333,48.12558333333333,4.129416666666667,7083,0.030744007958963874,0.4126071694050362,0.44734195736584403,0.3937059755581005,0.009577305139647406,0.2587952830855184
DST_0223,36244,38.99175,46.38308333333334,4.051666666666667,4472,0.018265342910863257,0.3576409371916524,0.42031430152058036,0.3790690742512904,0.005914445359418993,0.2362408202467611
DST_0224,64124,40.09466666666666,50.049,3.9810000000000003,8045,0.034169579781311035,0.37514648579583776,0.4771757844612306,0.36576565269912,0.010926853630103067,0.25263687127352047
DST_0225,49556,39.03883333333333,46.26983333333333,4.17025,6274,0.025859216699220533,0.35838824621782267,0.4185576977762611,0.40139309414367075,0.00844239377917066,0.24252812972322912
DST_0226,42570,39.037166666666664,45.76,3.9970833333333333,5156,0.021874030229459118,0.3583617928009671,0.41064974949977506,0.36879343614200777,0.0068739995875600245,0.2333106016519538
DST_0227,38961,38.75416666666667,47.27283333333333,4.041083333333334,4734,0.019815264416494772,0.35387000261888835,0.4341150801652422,0.37707669861788756,0.006281993908794651,0.2382318079454615
DST_0228,28741,40.608666666666664,47.866,4.1779166666666665,3629,0.013985232106022162,0.38330471955410117,0.4433155992616835,0.4028363898781042,0.0047318368589469315,0.24963475553177158
DST_0229,27953,40.734,48.20925,3.9745833333333334,3390,0.013535714937660868,0.38529401650164147,0.44863969846907903,0.36455767692138746,0.004396554021921044,0.24328473217033797
DST_0230,32847,39.232,45.584916666666665,4.0400833333333335,4232,0.016327513188879355,0.3614541972313854,0.4079340582070491,0.3768884426525266,0.00557775966533442,0.23363639418903498
DST_0231,28416,39.354416666666665,46.17016666666667,3.846083333333333,3402,0.013799834796736094,0.3633972006994283,0.41701178307559467,0.34036678537251147,0.004413388306625273,0.22779779845017917
DST_0232,18353,40.37016666666667,46.98291666666667,3.9000833333333333,2282,0.008059363647980138,0.3795192356020666,0.42961822628261803,0.3505326075020002,0.0028421884008972675,0.23411432428711249
DST_0233,26491,39.7985,49.04441666666666,3.8329166666666667,3309,0.012701712272503241,0.37044571362059975,0.4615938432266703,0.337888081828593,0.004282922600167501,0.23738245470970676
DST_0234,10572,40.266,47.35916666666667,4.07975,1274,0.00362066683704204,0.37786589704859225,0.4354541835347158,0.384355929278509,0.0014281084857420622,0.24054495703692025
DST_0235,37563,40.87991666666667,47.44625,4.041916666666667,4781,0.019017770759935014,0.38761001314734816,0.436804920041569,0.3772335785890217,0.00634792819055288,0.24540284214568536
DST_0236,34603,39.68233333333333,48.18775,4.089833333333333,4322,0.017329229112283455,0.3686019104657653,0.44830621519753067,0.38625417692923136,0.005704016800616135,0.2452391097010854
DST_0237,25160,39.28416666666667,48.03308333333334,3.996666666666667,3162,0.011942438984319381,0.3622821891789654,0.4459072037556938,0.36871499615644077,0.0040767026125407,0.238584706137592
DST_0238,26492,40.373666666666665,47.45508333333333,3.951,3239,0.012702282725762582,0.3795747877774633,0.43694193254848424,0.36011797373829285,0.0041847226060595,0.2387043398792125
DST_0239,488175,40.18841666666666,47.148916666666665,3.977,64681,0.2760708548584363,0.3766344904939646,0.43219302735596876,0.36501262883767627,0.09037906600582747,0.30805801351037465
DST_0240,232886,41.268249999999995,47.6,4.12775,28896,0.1304404127343422,0.39377365927470015,0.4391897132043865,0.3933922156158323,0.040177826160759,0.27939476539800406
DST_0241,221453,57.70466666666667,64.84658333333333,5.9479999999999995,82521,0.12391842062028806,0.6546532882919822,0.7066988775314998,0.7360651365640147,0.1154060359327807,0.4673483517881132
DST_0242,146693,40.54833333333333,47.38241666666667,4.058916666666667,18368,0.08127133495189938,0.3823471058639289,0.43581481079348344,0.3804339300001569,0.02540854704691575,0.26105514573127686
DST_0243,240028,56.967666666666666,67.07275,5.90925,87224,0.13451458991256093,0.6429555873584412,0.7412286144157838,0.7287702179062799,0.12200367267977964,0.47389453645456914
DST_0244,198155,49.85791666666667,58.12116666666667,4.692333333333334,34815,0.11062800058414414,0.5301092790650304,0.6023819495070135,0.49967839605917524,0.04848133709111978,0.3582557924612966
DST_0245,125799,39.82025,46.65658333333333,3.9165833333333335,15307,0.069352284551213,0.37079093071056524,0.4245565189516733,0.3536388309304552,0.02111440159027876,0.24789059334683708
DST_0246,228378,49.25325,57.350166666666674,4.772166666666666,41298,0.12786880944122964,0.5205119794298232,0.5904230842807877,0.5147074972938204,0.057576059402579295,0.36221748596964803
DST_0247,148056,40.59008333333334,47.13441666666667,3.9985,18618,0.08204886274438218,0.3830097639561615,0.4319681200332966,0.3690601320929357,0.025759261311587178,0.2583692280276726
DST_0248,128454,39.43266666666667,48.080333333333336,4.09,16594,0.07086683795476534,0.36463918862079825,0.4466400914106084,0.38628555292345823,0.022919878624807283,0.2582703099068875
DST_0249,110378,40.24308333333333,46.23066666666667,4.052666666666666,12815,0.060555324838904,0.3775021625668279,0.41795018949088225,0.37925733021665115,0.01761848180003395,0.2505766977826599
DST_0250,112004,40.26916666666667,47.78725,4.0615,13738,0.06148288183859367,0.377916158540618,0.44209411983682584,0.38092025791067247,0.018913318865200868,0.25626534739838214
DST_0251,119146,41.44383333333334,47.18366666666667,3.9425000000000003,14381,0.0655570590168124,0.3965605267404365,0.4327320293878901,0.3585177980327252,0.019815355953935784,0.25463655382636
DST_0252,92577,40.29158333333333,47.922583333333336,3.9688333333333334,11606,0.05040068636936164,0.37827195699732546,0.44419325484843314,0.3634752051205623,0.015922427616082913,0.2504527061903531
DST_0253,77928,40.01875,47.28225,4.05275,9584,0.042044116573264456,0.37394153265806573,0.4342611406678971,0.3792730182137646,0.01308585064342039,0.24852113175128246
DST_0254,73435,38.90958333333333,47.373666666666665,3.971416666666667,8611,0.039481070079042,0.35633678374067185,0.43567909085738804,0.363961533031078,0.011720870725319184,0.24143586968669978
DST_0255,163129,38.56633333333333,47.41591666666667,3.9440833333333334,20608,0.09064730472244026,0.35088870253926346,0.43633442426310537,0.35881586997787995,0.02855094685837176,0.2530474496722122
DST_0256,116523,39.9615,45.88341666666667,4.083333333333333,14574,0.06406076011755901,0.37303285778907636,0.4125640468841288,0.3850305131543855,0.02008610736626213,0.2509548570622823
DST_0257,58023,40.36683333333334,48.696583333333336,4.076416666666667,7507,0.030689244446067066,0.37946632876835545,0.4561986526241773,0.3837284093939727,0.01017211653253015,0.25205095035302055
DST_0258,65662,40.95891666666667,46.295833333333334,3.96725,8385,0.03504693689417864,0.3888639051063031,0.4189609798720872,0.3631771331754075,0.011403825030056212,0.2434905560156065
DST_0259,75720,40.019,47.061166666666665,4.09025,9237,0.040784555776637886,0.3739455006705941,0.43083195028255594,0.38633261691479853,0.012599059244056446,0.24889873657772857
DST_0260,57622,40.59591666666667,47.198,4.04675,7506,0.030460492689071028,0.383102350915156,0.4329543515689224,0.3781434824215993,0.010170713675471465,0.246966278254044
DST_0261,57644,39.193,46.846000000000004,3.97125,7159,0.030473042660776547,0.3608351872769646,0.4274945324254316,0.3639301570368511,0.00968392227610752,0.23848336833522632
DST_0262,75907,39.22308333333333,47.79991666666667,4.1495,9374,0.04089123053613479,0.36131267145120793,0.44229059060145903,0.3974867828624319,0.012791250661096388,0.25095450522246604
DST_0263,78679,39.364000000000004,47.90775,4.116583333333334,9401,0.0424725269710301,0.36354930784634804,0.4439631772424811,0.3912900240026357,0.012829127801680903,0.2508208327728352
DST_0264,54392,40.54816666666667,47.898916666666665,3.93475,6676,0.028617928661397198,0.38234446052224336,0.4438261647355658,0.3570588143011782,0.009006342316762318,0.24417074210742937
DST_0265,72278,41.805,48.101416666666665,3.9033333333333333,8966,0.038821055657983605,0.4022929821730424,0.446967111828057,0.35114443938942314,0.012218884981152615,0.25028889480593175
DST_0266,73251,41.50366666666666,47.38983333333333,4.037416666666667,9551,0.03937610667932312,0.39751020440555196,0.4359298495964593,0.3763864267448976,0.013039556360483762,0.25244842875734314
DST_0267,64144,40.56458333333333,47.01366666666667,4.103833333333333,8210,0.034180988846497874,0.3826050266782709,0.43009518491518156,0.3888897604442841,0.011158325044786211,0.24938585718580414
DST_0268,31119,39.54324999999999,46.98891666666667,3.859583333333333,3765,0.015341769956736825,0.36639437282916637,0.4297112913816548,0.34290824090488364,0.004922625418928189,0.23185566009827396
DST_0269,48673,17.3705,21.0745,2.0834166666666665,318,0.025355506471221773,0.014467373678321164,0.027756665787718512,0.008534270429694221,8.69771376385146e-05,0.015240158700918837
DST_0270,38790,40.92633333333333,48.32533333333333,4.062166666666666,4855,0.019717716909147334,0.3883467408067763,0.4504402496212767,0.3810457618875797,0.006451739612895623,0.24920044176753514
DST_0271,276117,49.966499999999996,57.15866666666667,4.841166666666667,46435,0.15510167758894508,0.5318327191731719,0.5874527565365306,0.5276971589037228,0.06478253611304784,0.37337336966308365
DST_0272,273743,57.79208333333334,64.40383333333334,5.889666666666667,97782,0.15374742155126778,0.6560407700060579,0.699831448765078,0.7250835385846289,0.13681503750538346,0.4743036432824832
DST_0273,251329,58.59875,65.28116666666666,5.924333333333333,93645,0.14096128219638196,0.6688442237641626,0.7134396343575664,0.7316097453838069,0.13101141785360065,0.4771732607111037
DST_0274,151386,40.19325,47.13216666666666,3.9715833333333332,19247,0.08394847209799018,0.37671120540284586,0.43193322062115774,0.36399290902530473,0.026641658401500495,0.2566454931097598
DST_0275,143962,42.186,46.150666666666666,4.0183333333333335,18362,0.07971342710063709,0.40834023326622987,0.41670932150372514,0.37279387540592696,0.025400129904563633,0.2605913974362165
DST_0276,143810,39.64675,47.50033333333333,3.81525,18004,0.07962671820521713,0.3680371300158985,0.4376437985037199,0.3345622264405503,0.024897907077554148,0.248953556048588
DST_0277,151350,39.61516666666667,47.9305,4.144833333333334,18718,0.08392793578065387,0.36753583776648513,0.4443160490763289,0.39660825502408115,0.02589954701745575,0.263657524933001
DST_0278,125886,39.07441666666667,45.758583333333334,4.022083333333333,16184,0.06940191398477574,0.35895302666768963,0.4106277757958358,0.3734998352760302,0.022344707230746136,0.2469654517910155
DST_0279,137195,40.90775,48.05375,3.9881666666666664,17212,0.07585316989467152,0.3880517852088365,0.4462277613190427,0.367114820450873,0.023786844287075056,0.26020687623209976
DST_0280,117613,39.732499999999995,49.227,4.13475,14215,0.0646825541702415,0.36939815831311845,0.46442586589319224,0.3947100073733587,0.019582481682193956,0.262559813486421
DST_0281,117899,40.287166666666664,46.40841666666667,3.92775,14629,0.06484570380241325,0.3782018554426582,0.4207072430498467,0.35574102254365186,0.020163264504489842,0.247931817868612
DST_0282,124868,41.06741666666667,48.00633333333334,4.05875,16129,0.06882119256676585,0.39058602254360186,0.4454922885224882,0.38040255400593004,0.022267550092518424,0.26151392154626085
DST_0283,109539,39.638333333333335,48.36075,3.9480833333333334,13142,0.06007671455431628,0.3679035402607778,0.45098959221975776,0.35956889383932356,0.01807721605822418,0.2513231913864799
DST_0284,106339,40.9535,47.58325,3.9819999999999998,13649,0.0582512641244227,0.3887779315015224,0.4389299064695754,0.36595390866448074,0.01878846458697784,0.25414029506939584
DST_0285,104132,40.34616666666667,47.05616666666666,4.04525,13018,0.05699227378105547,0.3791383063993461,0.4307543960333586,0.3778610984735579,0.01790326178294715,0.252529867294053
DST_0286,98041,40.41141666666667,47.788916666666665,3.88525,12626,0.053517642978404924,0.3801739576692424,0.44211997125322494,0.34774014401581355,0.01735334181594235,0.24818101154652566
DST_0287,93746,38.71691666666666,47.585166666666666,3.963083333333333,11935,0.051067546229532135,0.3532787687521658,0.43895963559843443,0.36239273331973704,0.016383967588390516,0.24441653029765198
DST_0288,113690,40.39091666666666,47.953833333333336,3.8545833333333333,14091,0.062444666033843854,0.37984858064191857,0.4446779689059164,0.34196696107807917,0.019408527406916926,0.24966934081333497
DST_0289,84787,40.755916666666664,47.77408333333334,3.8736666666666664,10090,0.04595685547908947,0.3856418789332924,0.441889893647273,0.3455595124170497,0.013795696315115364,0.24656876735836394
DST_0290,99844,40.21941666666667,47.82891666666667,3.9865,12134,0.054546170204998086,0.3771265240474786,0.4427404052468035,0.36680106050860484,0.016663136143068975,0.25157545923019076
DST_0291,103422,40.966166666666666,46.81766666666667,3.9141666666666666,13171,0.05658725196692284,0.38897897746962484,0.4270550583466468,0.35318387901416626,0.018117898912926065,0.24878461314205733
DST_0292,99079,40.539750000000005,48.28575,3.9388333333333336,12461,0.05410977346160165,0.38221087076712273,0.449826278481798,0.35782752615973523,0.017121870401259204,0.2522192638543034
DST_0293,88587,40.32441666666667,46.540083333333335,3.9876666666666667,10824,0.04812457786458809,0.3787930893093807,0.42274950494537594,0.3670206924681926,0.014825393396190682,0.2463026515967456
DST_0294,82874,39.81183333333333,48.68725,3.839,10086,0.044865578393968715,0.3706573409554445,0.45605388469234226,0.33903330561787176,0.01379008488688062,0.2448800389093016
DST_0295,45127,40.888333333333335,47.277166666666666,4.046,5397,0.023332679213595955,0.38774360290246895,0.4341822938478799,0.3780022904475786,0.007212088138703283,0.24609459091004532
DST_0296,18598,17.89075,20.283833333333334,2.0725,281,0.008199124696518865,0.02272480774979302,0.015492753847983336,0.006479142807837699,3.507142646714298e-05,0.010586180105720013
DST_0297,410505,56.8715,64.94858333333333,5.919666666666667,154002,0.23176375020536316,0.6414292252058736,0.7082809842151251,0.730731217545456,0.2156836613446946,0.5055777677033024
DST_0298,223754,40.678666666666665,47.98641666666666,3.9339166666666667,27160,0.1252310335700334,0.3844157630620359,0.44518336409651876,0.3569019343300441,0.03774246630688059,0.2698949122731026
DST_0299,273246,57.369749999999996,64.33958333333334,5.9,103701,0.15346390628137493,0.6493374741748517,0.6988348766628925,0.7270288502266916,0.14511854843574423,0.47475673115631095
DST_0300,161679,39.44508333333333,48.498583333333336,3.87025,20252,0.08982014749639473,0.3648362665763723,0.45312750435596366,0.34491630453539995,0.028051529745479645,0.2561503505419221
DST_0301,159270,49.65408333333333,57.94466666666666,4.778666666666667,28468,0.08844592559464048,0.5268740261835919,0.5996442845103482,0.5159311610686664,0.03957740333964151,0.3540945601393777
DST_0302,139287,40.02883333333333,47.470416666666665,3.9728333333333334,16700,0.07704655811321444,0.37410157583004205,0.43717976557935606,0.3642282289820059,0.02306858147302797,0.25512494199552926
DST_0303,91420,40.44216666666667,46.27766666666666,4.038083333333334,11159,0.04974067194830324,0.3806620232102281,0.41867919943333687,0.37651193072180483,0.015295350510850398,0.24817783516490466
DST_0304,117518,40.19108333333334,48.874583333333334,4.077166666666667,14678,0.06462836111060404,0.37667681596093366,0.4589595838956016,0.38386960136799336,0.020232004500365445,0.26087327336709965
DST_0305,84406,39.65566666666667,46.904916666666665,4.05175,11203,0.045739512787280265,0.36817865579607595,0.42840837999513987,0.37908476224840376,0.01535707622143257,0.24735367740966646
DST_0306,117908,40.05883333333334,46.89275,3.982666666666667,15413,0.06485083788174732,0.3745777373334428,0.42821966465542644,0.3660794126413881,0.021263104438499447,0.25099815139010084
DST_0307,60481,40.16891666666667,46.63308333333334,3.95925,7289,0.03209141855752907,0.3763249855167543,0.42419201398044604,0.36167108545252025,0.009866293693736664,0.24082915944019723
DST_0308,65878,38.88675,48.59225,3.912583333333333,8191,0.035170154798196455,0.3559743719297503,0.45458035395759333,0.35288580706901146,0.011131670760671184,0.24194847170304454
DST_0309,68734,40.54366666666667,47.6155,3.96775,8954,0.036799369306876474,0.38227303629673326,0.43943013137689807,0.363271261158088,0.012202050696448388,0.24679516976700885
DST_0310,108903,40.662083333333335,46.06916666666667,3.9825,13610,0.05971390628137493,0.3841525515643228,0.41544518724180896,0.36604803664716123,0.018733753161689095,0.2488186869792714
DST_0311,96304,41.01291666666667,48.30083333333334,4.002,12095,0.052526765666928314,0.38972099581242414,0.45006023380020993,0.3697190279716988,0.01660842471778023,0.2557270895938083
DST_0312,114981,40.366166666666665,46.73983333333333,4.0594166666666665,14842,0.06318112119165405,0.3794557474016131,0.42584779720080856,0.3805280579828373,0.020462073057989902,0.2538949593669806
DST_0313,68234,39.88108333333333,47.600833333333334,3.929666666666667,8618,0.036514142677205604,0.3717564804257941,0.439202638912586,0.3561018464772603,0.011730690724729985,0.2430611598435152
DST_0314,86759,40.396499999999996,45.45458333333333,3.9991666666666665,11092,0.047081789306511385,0.3799371995883848,0.40591247744463915,0.36918563606984295,0.015201359087918455,0.24346369229945936
DST_0315,75072,38.26933333333333,47.151833333333336,3.9945833333333334,9459,0.04041490206458444,0.3461747036555976,0.4322382673346673,0.36832279622860553,0.012910493511084675,0.24001223255890788
DST_0316,68563,41.895833333333336,48.60275,3.927583333333333,7928,0.036701821799529036,0.403734693391672,0.45474321788090766,0.355709646549425,0.010762719354236838,0.2523304197951541
DST_0317,69636,39.62033333333333,48.013416666666664,3.9796666666666667,8872,0.037313918146802724,0.3676178433587374,0.44560215704218425,0.3655146447453054,0.012087016417636157,0.24562711594213318
DST_0318,89437,38.86291666666667,48.042,4.1475,11295,0.04860946313502857,0.35559608806871545,0.44604550883342897,0.39711027093171014,0.015486139070831656,0.25256949400794293
DST_0319,48247,39.9795,46.01433333333333,3.900916666666667,5981,0.02511249338274219,0.3733185546911167,0.4145946756422784,0.35068948747313433,0.008031356660975743,0.23434931357004948
DST_0320,74269,40.457166666666666,46.74641666666666,4.095583333333333,9895,0.039956828097333016,0.38090010396192825,0.425949910295585,0.3873366487300566,0.013522139188671648,0.24953312605471495
DST_0321,20940,17.538083333333336,19.285,2.1113333333333335,307,0.009535126229897228,0.017127264743150603,0.0,0.013789749462686147,7.154570999297169e-05,0.00810473722914539
DST_0322,64572,38.5535,45.589166666666664,4.021583333333333,8131,0.03442514284149614,0.3506850112294755,0.40799997931886683,0.3734057072933498,0.01104749933715004,0.2355126680040677
DST_0323,80763,39.59158333333333,49.02891666666667,4.1290000000000004,10394,0.04366135156349829,0.3671615219179785,0.4613534250541587,0.39362753557253355,0.014222164860955823,0.25600519979382497
DST_0324,64149,40.11308333333333,47.00841666666667,4.014916666666667,8087,0.03418384111279458,0.375438796052092,0.43001375295352434,0.3721506675242773,0.010985773626567868,0.24455456625385122
DST_0325,42231,39.95516666666666,49.00266666666666,3.975416666666667,5218,0.02168064657454227,0.372932334805025,0.46094626524587273,0.3647145568925216,0.006960976725198539,0.24544695604863204
DST_0326,112501,40.25808333333334,48.55116666666667,3.9509166666666666,13796,0.06176639710848652,0.37774024331852835,0.4539431165433554,0.3601022857411794,0.01899468457460464,0.2545093454572309
DST_0327,246373,39.97691666666666,45.877500000000005,4.0225,31821,0.13813411584308427,0.37327755189499046,0.412472274355912,0.37357827526159737,0.04428118305741473,0.26834868008259977
DST_0328,286327,41.505583333333334,47.33583333333333,3.9616666666666664,35324,0.16092600536682428,0.397540625834936,0.4350922637051284,0.3621260373688091,0.049195391333990805,0.28097606472193776
DST_0329,328765,51.09458333333334,57.40866666666667,4.7515833333333335,56473,0.18513490078676914,0.549737714371877,0.5913304689963963,0.5108325620068086,0.07886441526813509,0.38318001228599724
DST_0330,377568,58.018,64.372,5.895833333333333,139681,0.2129747312024242,0.6596265306608328,0.6993376867118549,0.726244450371021,0.19559334540725642,0.49875534887067785
DST_0331,183896,40.683499999999995,48.93908333333333,4.065666666666667,24309,0.10249390755919023,0.38449247797091707,0.4599600337102469,0.38170465776634305,0.03374292083256761,0.272478799567853
DST_0332,205284,39.666666666666664,48.01208333333333,3.9503333333333335,25347,0.11469476186999142,0.36835324834732275,0.445581475909065,0.3599924697613856,0.035199086459483386,0.2647642084694496
DST_0333,150950,39.42383333333333,47.799499999999995,3.9556666666666667,18283,0.08369975447691717,0.3644989855114635,0.44228412774735915,0.3609965015766437,0.025289304196927462,0.25535373470186223
DST_0334,162177,40.845749999999995,46.941,3.942333333333333,19763,0.09010423321954693,0.38706771810180857,0.42896806316018055,0.3584864220384983,0.027365532643782327,0.2583983938327633
DST_0335,115479,40.43633333333333,47.3985,4.014583333333333,13913,0.06346520691480623,0.38056943625123335,0.43606427696173466,0.37208791553582354,0.01915881885047087,0.2542691309028137
DST_0336,275494,39.435249999999996,48.402833333333334,3.9189166666666666,35417,0.15474628520837516,0.3646801914169243,0.45164234048383506,0.35407809484963054,0.049325857040448576,0.27489455379984273
DST_0337,88186,41.80825,48.2105,3.8405,10959,0.04789582610759205,0.4023445663359108,0.44865908703137847,0.3393156895659131,0.015014779099113255,0.25064598962798157
DST_0338,52995,38.7125,46.67575,4.00475,6392,0.027821005458096786,0.35320866719749855,0.42485381024026303,0.37023673187644124,0.008607930912095574,0.23694562913687905
DST_0339,46366,40.13458333333333,46.51441666666667,3.7674166666666666,5753,0.024039470801920374,0.3757800451295291,0.42235139313282977,0.32555731609745386,0.0077115052515953995,0.23108794608266572
DST_0340,15080,18.049833333333332,21.673916666666667,2.0543333333333336,282,0.006192270130154616,0.025249786388658876,0.03705412769565645,0.003059159437114724,3.64742835258287e-05,0.014318363587022095
