District_Code,District_Name,State_Union_Territory,Total_Population,Urban_Population_Share_Pct,Rural_Population_Share_Pct,Median_Income_Band,Estimated_Total_Retail_Universe,Census_Demographic_Notes,District_Ref_ID_normalized,Mean_Panel_Coverage_Pct,Coverage_Status
DST_0001,Mumbai Suburban,Maharashtra,9356962,100,0,High,18500,,DST_0001,85.03791666666667,RELIABLE
DST_0002,Mumbai City,Maharashtra,3085411,100,0,High,6787,,DST_0002,82.07041666666667,RELIABLE
DST_0003,Pune,Maharashtra,9429408,61,39,High,15596,,DST_0003,83.36916666666667,RELIABLE
DST_0004,Thane,Maharashtra,8070032,77,23,High,15155,Boundary advisory: Split in 2025-04,DST_0004,41.78333333333333,UNKNOWN
DST_0005,Palghar,Maharashtra,2990116,48,52,Medium,4401,,DST_0005,15.612499999999999,UNKNOWN
DST_0006,Nagpur,Maharashtra,4653570,68,32,High,8153,,DST_0006,55.08083333333334,UNKNOWN
DST_0007,Nashik,Maharashtra,6107187,43,57,Medium-High,8562,,DST_0007,72.07000000000001,RELIABLE
DST_0008,Aurangabad,Maharashtra,3701282,44,56,Medium,5241,Official census spelling variant,DST_0008,57.3225,UNKNOWN
DST_0009,Kolhapur,Maharashtra,3876001,32,68,Medium-High,4837,,DST_0009,68.17625,RELIABLE
DST_0010,Solapur,Maharashtra,4317756,32,68,Medium,5388,,DST_0010,36.1,UNKNOWN
DST_0011,Ahmednagar,Maharashtra,4543159,20,80,Medium,4906,,DST_0011,41.156666666666666,UNKNOWN
DST_0012,Satara,Maharashtra,3003741,19,81,Medium,3201,,DST_0012,51.38125,UNKNOWN
DST_0013,Sangli,Maharashtra,2822143,25,75,Medium,3245,,DST_0013,35.20583333333334,UNKNOWN
DST_0014,Jalgaon,Maharashtra,4229917,32,68,Medium,5278,,DST_0014,40.94833333333333,UNKNOWN
DST_0015,Amravati,Maharashtra,2888445,36,64,Medium,3766,,DST_0015,54.203333333333326,UNKNOWN
DST_0016,Nanded,Maharashtra,3361292,27,73,Low-Medium,3959,,DST_0016,50.695,UNKNOWN
DST_0017,Raigad,Maharashtra,2634200,37,63,Medium-High,3471,,DST_0017,41.13791666666666,UNKNOWN
DST_0018,Ratnagiri,Maharashtra,1615069,16,84,Medium,1653,,DST_0018,52.2175,UNKNOWN
DST_0019,Sindhudurg,Maharashtra,849651,13,87,Medium,834,,DST_0019,25.39833333333333,UNKNOWN
DST_0020,Chandrapur,Maharashtra,2204307,35,65,Medium,2843,,DST_0020,34.93625,UNKNOWN
DST_0021,Yavatmal,Maharashtra,2772348,22,78,Low-Medium,3071,,DST_0021,59.010416666666664,UNKNOWN
DST_0022,Buldhana,Maharashtra,2586258,21,79,Low-Medium,2829,,DST_0022,57.312083333333334,UNKNOWN
DST_0023,Latur,Maharashtra,2455543,25,75,Medium,2823,,DST_0023,45.26166666666666,UNKNOWN
DST_0024,Dhule,Maharashtra,2050862,28,72,Medium,2444,,DST_0024,40.07791666666667,UNKNOWN
DST_0025,Jalna,Maharashtra,1959046,19,81,Low-Medium,2088,,DST_0025,63.903333333333336,RELIABLE
DST_0026,Wardha,Maharashtra,1300774,33,67,Medium,1641,,DST_0026,44.91166666666667,UNKNOWN
DST_0027,Bhandara,Maharashtra,1200334,19,81,Low-Medium,1279,,DST_0027,15.742916666666666,UNKNOWN
DST_0028,Gondia,Maharashtra,1322507,17,83,Low-Medium,1372,,DST_0028,15.417499999999999,UNKNOWN
DST_0029,Washim,Maharashtra,1197160,18,82,Low-Medium,1259,,DST_0029,26.614166666666666,UNKNOWN
DST_0030,Hingoli,Maharashtra,1177345,15,85,Low,1189,,DST_0030,22.2625,UNKNOWN
DST_0031,Gadchiroli,Maharashtra,1072942,11,89,Low,1023,,DST_0031,25.375,UNKNOWN
DST_0032,Nandurbar,Maharashtra,1648295,17,83,Low,1710,,DST_0032,56.965833333333336,UNKNOWN
DST_0033,Beed,Maharashtra,2585049,20,80,Low-Medium,2791,,DST_0033,51.11083333333334,UNKNOWN
DST_0034,Osmanabad,Maharashtra,1657576,17,83,Low-Medium,1720,Official census spelling variant,DST_0034,65.05791666666666,RELIABLE
DST_0035,Parbhani,Maharashtra,1836086,31,69,Low-Medium,2265,,DST_0035,46.354166666666664,UNKNOWN
DST_0036,Bangalore,Karnataka,9621551,91,9,High,18500,Official census spelling variant,DST_0036,85.4975,RELIABLE
DST_0037,Bengaluru Rural,Karnataka,990923,27,73,Medium-High,1167,,DST_0037,59.397083333333335,UNKNOWN
DST_0038,Mysuru,Karnataka,3001127,41,59,Medium-High,4123,,DST_0038,72.08708333333333,RELIABLE
DST_0039,Belagavi,Karnataka,4779661,25,75,Medium-High,5496,,DST_0039,72.03666666666668,RELIABLE
DST_0040,Dharwad,Karnataka,1847023,57,43,Medium-High,2951,,DST_0040,66.22875,RELIABLE
DST_0041,Dakshina Kannada,Karnataka,2089649,48,52,High,3075,,DST_0041,15.219583333333333,UNKNOWN
DST_0042,Udupi,Karnataka,1177361,28,72,Medium-High,1403,,DST_0042,36.59916666666667,UNKNOWN
DST_0043,Shivamogga,Karnataka,1752759,36,64,Medium,2285,,DST_0043,42.64875,UNKNOWN
DST_0044,Tumakuru,Karnataka,2678980,22,78,Medium,2968,,DST_0044,43.73791666666667,UNKNOWN
DST_0045,Ballari,Karnataka,2452595,37,63,Medium,3232,,DST_0045,38.05958333333333,UNKNOWN
DST_0046,Kalaburagi,Karnataka,2566326,33,67,Low-Medium,3238,,DST_0046,41.54,UNKNOWN
DST_0047,Davanagere,Karnataka,1945497,32,68,Medium,2427,,DST_0047,37.842083333333335,UNKNOWN
DST_0048,Hassan,Karnataka,1776421,21,79,Medium,1943,,DST_0048,43.35874999999999,UNKNOWN
DST_0049,Mandya,Karnataka,1805769,17,83,Medium,1874,,DST_0049,53.89125000000001,UNKNOWN
DST_0050,Vijayapura,Karnataka,2177331,23,77,Low-Medium,2442,,DST_0050,46.1,UNKNOWN
DST_0051,Bagalkote,Karnataka,1889552,32,68,Low-Medium,2358,,DST_0051,46.38458333333333,UNKNOWN
DST_0052,Bidar,Karnataka,1700018,25,75,Low-Medium,1955,,DST_0052,41.077083333333334,UNKNOWN
DST_0053,Chitradurga,Karnataka,1659456,20,80,Low-Medium,1792,,DST_0053,42.342083333333335,UNKNOWN
DST_0054,Chikkamagaluru,Karnataka,1137961,21,79,Medium,1244,,DST_0054,63.69166666666666,RELIABLE
DST_0055,Kodagu,Karnataka,554519,15,85,Medium-High,560,,DST_0055,23.668333333333333,UNKNOWN
DST_0056,Kolar,Karnataka,1536401,31,69,Medium,1895,,DST_0056,53.67166666666666,UNKNOWN
DST_0057,Koppal,Karnataka,1389920,17,83,Low,1442,,DST_0057,16.08375,UNKNOWN
DST_0058,Raichur,Karnataka,1928812,25,75,Low,2218,,DST_0058,56.742916666666666,UNKNOWN
DST_0059,Ramanagara,Karnataka,1082636,25,75,Medium,1245,,DST_0059,40.001666666666665,UNKNOWN
DST_0060,Uttara Kannada,Karnataka,1437169,29,71,Medium,1733,,DST_0060,46.98833333333334,UNKNOWN
DST_0061,Yadgir,Karnataka,1174271,19,81,Low,1251,,DST_0061,64.84041666666667,RELIABLE
DST_0062,Chamarajanagar,Karnataka,1020791,17,83,Low-Medium,1059,,DST_0062,56.14208333333334,UNKNOWN
DST_0063,Gadag,Karnataka,1064570,36,64,Low-Medium,1388,,DST_0063,51.35833333333333,UNKNOWN
DST_0064,Haveri,Karnataka,1597668,21,79,Low-Medium,1747,,DST_0064,55.35125,UNKNOWN
DST_0065,Chennai,Tamil Nadu,7088403,100,0,High,15594,,DST_0065,86.90750000000001,RELIABLE
DST_0066,Coimbatore,Tamil Nadu,3458045,76,24,High,6445,,DST_0066,75.52333333333333,RELIABLE
DST_0067,Madurai,Tamil Nadu,3038252,61,39,Medium-High,5025,,DST_0067,41.96375,UNKNOWN
DST_0068,Tiruchirappalli,Tamil Nadu,2722290,49,51,Medium-High,4045,,DST_0068,55.51,UNKNOWN
DST_0069,Salem,Tamil Nadu,3482056,51,49,Medium-High,5271,,DST_0069,62.02708333333334,RELIABLE
DST_0070,Tirunelveli,Tamil Nadu,1665253,49,51,Medium,2474,,DST_0070,43.29791666666667,UNKNOWN
DST_0071,Tiruppur,Tamil Nadu,2479052,61,39,High,4100,,DST_0071,11.182916666666666,UNKNOWN
DST_0072,Erode,Tamil Nadu,2251744,51,49,Medium-High,3409,,DST_0072,63.94916666666666,RELIABLE
DST_0073,Vellore,Tamil Nadu,1614242,43,57,Medium,2263,,DST_0073,61.17916666666667,RELIABLE
DST_0074,Thanjavur,Tamil Nadu,2405890,35,65,Medium,3103,,DST_0074,43.94166666666666,UNKNOWN
DST_0075,Dindigul,Tamil Nadu,2159775,37,63,Medium,2846,,DST_0075,55.00583333333333,UNKNOWN
DST_0076,Kancheepuram,Tamil Nadu,1166401,63,37,Medium-High,1961,Official census spelling variant,DST_0076,12.455833333333333,UNKNOWN
DST_0077,Chengalpattu,Tamil Nadu,2556244,68,32,High,4478,,DST_0077,16.336666666666666,UNKNOWN
DST_0078,Cuddalore,Tamil Nadu,2605914,34,66,Medium,3325,,DST_0078,48.05083333333334,UNKNOWN
DST_0079,Dharmapuri,Tamil Nadu,1506843,17,83,Low-Medium,1564,,DST_0079,45.56125,UNKNOWN
DST_0080,Karur,Tamil Nadu,1064493,41,59,Medium,1462,,DST_0080,42.330416666666665,UNKNOWN
DST_0081,Krishnagiri,Tamil Nadu,1879809,23,77,Medium,2109,,DST_0081,50.907916666666665,UNKNOWN
DST_0082,Nagapattinam,Tamil Nadu,1616450,23,77,Low-Medium,1813,,DST_0082,43.49625,UNKNOWN
DST_0083,Namakkal,Tamil Nadu,1726601,40,60,Medium,2348,,DST_0083,52.369166666666665,UNKNOWN
DST_0084,Nilgiris,Tamil Nadu,735394,59,41,Medium-High,1195,,DST_0084,61.70166666666666,RELIABLE
DST_0085,Perambalur,Tamil Nadu,565223,17,83,Low-Medium,586,,DST_0085,19.179166666666667,UNKNOWN
DST_0086,Pudukkottai,Tamil Nadu,1618345,20,80,Low-Medium,1747,,DST_0086,41.00541666666667,UNKNOWN
DST_0087,Ramanathapuram,Tamil Nadu,1353445,30,70,Low-Medium,1651,,DST_0087,65.16666666666667,RELIABLE
DST_0088,Ranipet,Tamil Nadu,1210277,42,58,Medium,1679,,DST_0088,50.219166666666666,UNKNOWN
DST_0089,Sivaganga,Tamil Nadu,1339101,31,69,Low-Medium,1652,,DST_0089,38.288333333333334,UNKNOWN
DST_0090,Tenkasi,Tamil Nadu,1407627,43,57,Medium,1973,,DST_0090,36.60666666666666,UNKNOWN
DST_0091,Theni,Tamil Nadu,1245899,54,46,Medium,1938,,DST_0091,37.92166666666667,UNKNOWN
DST_0092,Thoothukudi,Tamil Nadu,1750176,50,50,Medium-High,2625,,DST_0092,54.035,UNKNOWN
DST_0093,Tirupathur,Tamil Nadu,1111812,38,62,Low-Medium,1480,,DST_0093,59.01958333333334,UNKNOWN
DST_0094,Tiruvallur,Tamil Nadu,3728104,65,35,High,6375,,DST_0094,48.46083333333333,UNKNOWN
DST_0095,Tiruvannamalai,Tamil Nadu,2464875,20,80,Low-Medium,2662,,DST_0095,37.45375,UNKNOWN
DST_0096,Tiruvarur,Tamil Nadu,1264277,20,80,Low-Medium,1365,,DST_0096,45.64166666666667,UNKNOWN
DST_0097,Villupuram,Tamil Nadu,2093003,15,85,Low-Medium,2113,,DST_0097,66.25458333333333,RELIABLE
DST_0098,Virudhunagar,Tamil Nadu,1942288,51,49,Medium,2940,,DST_0098,51.212916666666665,UNKNOWN
DST_0099,Kallakurichi,Tamil Nadu,1370281,13,87,Low,1345,,DST_0099,27.540000000000003,UNKNOWN
DST_0100,Central Delhi,Delhi NCR,582320,100,0,High,1281,,DST_0100,87.26625,RELIABLE
DST_0101,East Delhi,Delhi NCR,1709346,100,0,High,3760,,DST_0101,34.72375,UNKNOWN
DST_0102,New Delhi,Delhi NCR,142004,100,0,High,312,,DST_0102,56.385,UNKNOWN
DST_0103,North Delhi,Delhi NCR,887978,100,0,High,1953,,DST_0103,55.397083333333335,UNKNOWN
DST_0104,North East Delhi,Delhi NCR,2241624,100,0,Medium-High,4931,,DST_0104,51.305,UNKNOWN
DST_0105,North West Delhi,Delhi NCR,3656539,94,6,High,7737,,DST_0105,43.42208333333334,UNKNOWN
DST_0106,South Delhi,Delhi NCR,2731929,99,1,High,5971,,DST_0106,85.90708333333333,RELIABLE
DST_0107,South East Delhi,Delhi NCR,2150000,100,0,High,4730,,DST_0107,38.60208333333333,UNKNOWN
DST_0108,South West Delhi,Delhi NCR,2292958,94,6,High,4851,,DST_0108,48.31875,UNKNOWN
DST_0109,West Delhi,Delhi NCR,2543243,100,0,High,5595,,DST_0109,49.40833333333333,UNKNOWN
DST_0110,Shahdara,Delhi NCR,1500000,100,0,Medium-High,3300,,DST_0110,62.65541666666667,RELIABLE
DST_0111,Lucknow,Uttar Pradesh,4589838,66,34,High,7912,,DST_0111,62.12916666666666,RELIABLE
DST_0112,Kanpur Nagar,Uttar Pradesh,4581268,66,34,High,7898,,DST_0112,43.02333333333333,UNKNOWN
DST_0113,Varanasi,Uttar Pradesh,3676841,43,57,Medium-High,5154,,DST_0113,70.00208333333333,RELIABLE
DST_0114,Prayagraj,Uttar Pradesh,5954391,25,75,Medium-High,6847,,DST_0114,40.566250000000004,UNKNOWN
DST_0115,Agra,Uttar Pradesh,4418797,46,54,Medium-High,6380,,DST_0115,61.635416666666664,RELIABLE
DST_0116,Meerut,Uttar Pradesh,3443689,51,49,High,5213,,DST_0116,77.50333333333333,RELIABLE
DST_0117,Ghaziabad,Uttar Pradesh,4681645,67,33,High,8136,,DST_0117,44.23458333333334,UNKNOWN
DST_0118,Gautam Buddha Nagar,Uttar Pradesh,1648115,59,41,High,2679,,DST_0118,13.879583333333334,UNKNOWN
DST_0119,Bareilly,Uttar Pradesh,4448359,35,65,Medium,5738,,DST_0119,53.5,UNKNOWN
DST_0120,Aligarh,Uttar Pradesh,3673889,33,67,Medium,4636,,DST_0120,39.69916666666666,UNKNOWN
DST_0121,Moradabad,Uttar Pradesh,4772006,33,67,Medium,6022,,DST_0121,58.03,UNKNOWN
DST_0122,Saharanpur,Uttar Pradesh,3466382,30,70,Medium,4228,,DST_0122,50.83416666666667,UNKNOWN
DST_0123,Gorakhpur,Uttar Pradesh,4440895,19,81,Medium,4733,,DST_0123,57.99583333333334,UNKNOWN
DST_0124,Jhansi,Uttar Pradesh,1998603,42,58,Medium,2774,,DST_0124,51.038333333333334,UNKNOWN
DST_0125,Mathura,Uttar Pradesh,2547184,30,70,Medium,3107,,DST_0125,35.1925,UNKNOWN
DST_0126,Ayodhya,Uttar Pradesh,2470996,14,86,Medium,2461,,DST_0126,44.18083333333333,UNKNOWN
DST_0127,Muzaffarnagar,Uttar Pradesh,4143512,29,71,Medium,4997,,DST_0127,35.33416666666667,UNKNOWN
DST_0128,Firozabad,Uttar Pradesh,2498156,34,66,Medium,3187,,DST_0128,62.91791666666666,RELIABLE
DST_0129,Budaun,Uttar Pradesh,3681896,17,83,Low,3821,,DST_0129,62.26625000000001,RELIABLE
DST_0130,Shahjahanpur,Uttar Pradesh,3006538,20,80,Low-Medium,3247,,DST_0130,59.98083333333333,UNKNOWN
DST_0131,Rampur,Uttar Pradesh,2335819,25,75,Low-Medium,2686,,DST_0131,44.885416666666664,UNKNOWN
DST_0132,Mirzapur,Uttar Pradesh,2496970,14,86,Low-Medium,2486,,DST_0132,37.27166666666667,UNKNOWN
DST_0133,Bulandshahr,Uttar Pradesh,3499171,25,75,Medium,4024,,DST_0133,60.65291666666667,RELIABLE
DST_0134,Sambhal,Uttar Pradesh,2192790,18,82,Low,2306,,DST_0134,63.09625,RELIABLE
DST_0135,Amroha,Uttar Pradesh,1840221,25,75,Low-Medium,2116,,DST_0135,37.389583333333334,UNKNOWN
DST_0136,Hardoi,Uttar Pradesh,4092845,13,87,Low,4019,,DST_0136,52.59375,UNKNOWN
DST_0137,Fatehpur,Uttar Pradesh,2632733,12,88,Low-Medium,2548,,DST_0137,37.4925,UNKNOWN
DST_0138,Raebareli,Uttar Pradesh,3405559,9,91,Low-Medium,3153,,DST_0138,57.80375,UNKNOWN
DST_0139,Sitapur,Uttar Pradesh,4483992,12,88,Low,4340,,DST_0139,57.718333333333334,UNKNOWN
DST_0140,Unnao,Uttar Pradesh,3108367,17,83,Low-Medium,3226,,DST_0140,38.83625,UNKNOWN
DST_0141,Jaunpur,Uttar Pradesh,4494204,8,92,Low-Medium,4098,,DST_0141,48.599583333333335,UNKNOWN
DST_0142,Barabanki,Uttar Pradesh,3260699,10,90,Low-Medium,3065,,DST_0142,50.362500000000004,UNKNOWN
DST_0143,Basti,Uttar Pradesh,2464464,6,94,Low,2178,,DST_0143,42.78,UNKNOWN
DST_0144,Deoria,Uttar Pradesh,3100946,10,90,Low,2914,,DST_0144,61.48375000000001,RELIABLE
DST_0145,Gonda,Uttar Pradesh,3433919,7,93,Low,3083,,DST_0145,47.88708333333333,UNKNOWN
DST_0146,Sultanpur,Uttar Pradesh,3797117,5,95,Low-Medium,3303,,DST_0146,41.08708333333333,UNKNOWN
DST_0147,Ballia,Uttar Pradesh,3239774,9,91,Low-Medium,3000,,DST_0147,51.278333333333336,UNKNOWN
DST_0148,Lakhimpur Kheri,Uttar Pradesh,4021243,11,89,Low,3836,,DST_0148,56.37583333333333,UNKNOWN
DST_0149,Bijnor,Uttar Pradesh,3682713,25,75,Medium,4235,,DST_0149,41.12291666666667,UNKNOWN
DST_0150,Ghazipur,Uttar Pradesh,3620268,8,92,Low-Medium,3301,,DST_0150,44.504999999999995,UNKNOWN
DST_0151,Ahmedabad,Gujarat,7214225,84,16,High,14255,,DST_0151,88.58125,RELIABLE
DST_0152,Surat,Gujarat,6081322,80,20,High,11676,,DST_0152,73.59125,RELIABLE
DST_0153,Vadodara,Gujarat,4165626,50,50,High,6248,,DST_0153,65.11916666666667,RELIABLE
DST_0154,Rajkot,Gujarat,3804556,58,42,High,6132,,DST_0154,65.09083333333334,RELIABLE
DST_0155,Bhavnagar,Gujarat,2880365,41,59,Medium-High,3957,,DST_0155,39.08625,UNKNOWN
DST_0156,Jamnagar,Gujarat,2160119,45,55,Medium-High,3088,,DST_0156,42.27791666666666,UNKNOWN
DST_0157,Junagadh,Gujarat,2743082,33,67,Medium,3461,,DST_0157,44.901250000000005,UNKNOWN
DST_0158,Gandhinagar,Gujarat,1391753,43,57,High,1951,,DST_0158,14.074583333333335,UNKNOWN
DST_0159,Anand,Gujarat,2092745,30,70,Medium-High,2553,,DST_0159,11.340416666666668,UNKNOWN
DST_0160,Navsari,Gujarat,1329672,51,49,Medium-High,2013,,DST_0160,42.16375,UNKNOWN
DST_0161,Morbi,Gujarat,960329,37,63,High,1265,,DST_0161,37.35,UNKNOWN
DST_0162,Bharuch,Gujarat,1551019,34,66,Medium-High,1979,,DST_0162,53.8725,UNKNOWN
DST_0163,Valsad,Gujarat,1705678,37,63,Medium-High,2248,,DST_0163,41.05291666666667,UNKNOWN
DST_0164,Porbandar,Gujarat,585449,49,51,Medium,869,,DST_0164,62.20458333333334,RELIABLE
DST_0165,Mehsana,Gujarat,2035064,25,75,Medium-High,2340,,DST_0165,61.03541666666666,RELIABLE
DST_0166,Kutch,Gujarat,2092371,35,65,Medium,2699,,DST_0166,37.214166666666664,UNKNOWN
DST_0167,Banaskantha,Gujarat,3120506,13,87,Low-Medium,3064,,DST_0167,41.88166666666667,UNKNOWN
DST_0168,Patan,Gujarat,1343734,21,79,Low-Medium,1470,,DST_0168,54.32125,UNKNOWN
DST_0169,Sabarkantha,Gujarat,2428697,15,85,Low-Medium,2452,,DST_0169,41.871249999999996,UNKNOWN
DST_0170,Aravalli,Gujarat,1039918,12,88,Low-Medium,1006,,DST_0170,16.268333333333334,UNKNOWN
DST_0171,Kheda,Gujarat,2299885,23,77,Medium,2580,,DST_0171,62.718333333333334,RELIABLE
DST_0172,Mahisagar,Gujarat,994624,10,90,Low,934,,DST_0172,21.628333333333334,UNKNOWN
DST_0173,Panchmahal,Gujarat,2390776,14,86,Low-Medium,2381,,DST_0173,49.199999999999996,UNKNOWN
DST_0174,Dahod,Gujarat,2127086,9,91,Low,1969,,DST_0174,60.44416666666667,RELIABLE
DST_0175,Chhota Udaipur,Gujarat,1071831,7,93,Low,962,,DST_0175,25.50708333333333,UNKNOWN
DST_0176,Narmada,Gujarat,590297,10,90,Low,554,,DST_0176,16.919583333333332,UNKNOWN
DST_0177,Tapi,Gujarat,807022,10,90,Low,758,,DST_0177,15.101666666666667,UNKNOWN
DST_0178,Dang,Gujarat,228291,11,89,Low,217,,DST_0178,49.94416666666667,UNKNOWN
DST_0179,Gir Somnath,Gujarat,1217477,28,72,Medium,1451,,DST_0179,47.51958333333334,UNKNOWN
DST_0180,Amreli,Gujarat,1514120,26,74,Medium,1762,,DST_0180,48.38375,UNKNOWN
DST_0181,Surendranagar,Gujarat,1756268,28,72,Medium,2093,,DST_0181,56.80375,UNKNOWN
DST_0182,Botad,Gujarat,652556,33,67,Medium,823,,DST_0182,55.31625,UNKNOWN
DST_0183,Devbhumi Dwarka,Gujarat,752484,28,72,Medium,896,,DST_0183,64.93166666666666,RELIABLE
DST_0184,Kolkata,West Bengal,4496694,100,0,High,9892,,DST_0184,83.06125,RELIABLE
DST_0185,North 24 Parganas,West Bengal,10009781,57,43,High,15995,,DST_0185,46.845416666666665,UNKNOWN
DST_0186,South 24 Parganas,West Bengal,8161961,26,74,Medium,9500,,DST_0186,45.812916666666666,UNKNOWN
DST_0187,Howrah,West Bengal,4850029,63,37,High,8157,,DST_0187,16.594583333333333,UNKNOWN
DST_0188,Hooghly,West Bengal,5519145,39,61,Medium-High,7428,,DST_0188,64.43583333333333,RELIABLE
DST_0189,Paschim Medinipur,West Bengal,5913457,12,88,Low-Medium,5724,,DST_0189,40.53,UNKNOWN
DST_0190,Purba Medinipur,West Bengal,5095875,12,88,Medium,4932,,DST_0190,48.213750000000005,UNKNOWN
DST_0191,Purba Bardhaman,West Bengal,4835532,40,60,Medium-High,6576,,DST_0191,47.430416666666666,UNKNOWN
DST_0192,Paschim Bardhaman,West Bengal,2882031,80,20,High,5533,,DST_0192,60.54291666666666,RELIABLE
DST_0193,Nadia,West Bengal,5167600,28,72,Medium,6159,,DST_0193,41.77583333333333,UNKNOWN
DST_0194,Murshidabad,West Bengal,7103808,20,80,Low-Medium,7672,,DST_0194,62.486250000000005,RELIABLE
DST_0195,Malda,West Bengal,3988845,14,86,Low-Medium,3972,,DST_0195,48.248333333333335,UNKNOWN
DST_0196,Jalpaiguri,West Bengal,3872846,27,73,Medium,4562,,DST_0196,61.32583333333333,RELIABLE
DST_0197,Darjeeling,West Bengal,1846823,39,61,Medium-High,2485,,DST_0197,51.376666666666665,UNKNOWN
DST_0198,Kalimpong,West Bengal,251642,28,72,Medium,299,,DST_0198,36.348333333333336,UNKNOWN
DST_0199,Alipurduar,West Bengal,1491250,18,82,Low-Medium,1568,,DST_0199,27.555000000000003,UNKNOWN
DST_0200,Cooch Behar,West Bengal,2819086,10,90,Low-Medium,2649,,DST_0200,60.55041666666667,RELIABLE
DST_0201,Uttar Dinajpur,West Bengal,3007134,12,88,Low,2910,,DST_0201,64.54625,RELIABLE
DST_0202,Dakshin Dinajpur,West Bengal,1676276,14,86,Low,1669,,DST_0202,62.1475,RELIABLE
DST_0203,Birbhum,West Bengal,3502404,13,87,Low-Medium,3439,,DST_0203,60.3175,RELIABLE
DST_0204,Bankura,West Bengal,3596674,8,92,Low,3280,,DST_0204,40.606249999999996,UNKNOWN
DST_0205,Purulia,West Bengal,2930115,13,87,Low,2877,,DST_0205,52.142500000000005,UNKNOWN
DST_0206,Jhargram,West Bengal,1136548,9,91,Low,1052,,DST_0206,16.932916666666667,UNKNOWN
DST_0207,Hyderabad,Telangana,3943323,100,0,High,8675,,DST_0207,83.76,RELIABLE
DST_0208,Medchal-Malkajgiri,Telangana,2440073,91,9,High,5060,,DST_0208,36.9625,UNKNOWN
DST_0209,Rangareddy,Telangana,2446265,59,41,High,3977,,DST_0209,12.164583333333333,UNKNOWN
DST_0210,Sangareddy,Telangana,1527462,35,65,Medium-High,1970,,DST_0210,17.420416666666668,UNKNOWN
DST_0211,Warangal,Telangana,718338,37,63,Medium-High,946,,DST_0211,60.32666666666666,RELIABLE
DST_0212,Hanumakonda,Telangana,1081852,69,31,Medium-High,1910,,DST_0212,59.23458333333334,UNKNOWN
DST_0213,Karimnagar,Telangana,1005711,31,69,Medium-High,1241,,DST_0213,68.73666666666666,RELIABLE
DST_0214,Nizamabad,Telangana,1571022,30,70,Medium,1916,,DST_0214,47.916666666666664,UNKNOWN
DST_0215,Khammam,Telangana,1401639,23,77,Medium,1572,,DST_0215,63.44875,RELIABLE
DST_0216,Nalgonda,Telangana,1618416,13,87,Medium,1589,,DST_0216,65.73833333333333,RELIABLE
DST_0217,Mahabubnagar,Telangana,1486777,21,79,Low-Medium,1626,,DST_0217,54.43208333333333,UNKNOWN
DST_0218,Suryapet,Telangana,1099526,15,85,Low-Medium,1110,,DST_0218,24.328333333333333,UNKNOWN
DST_0219,Siddipet,Telangana,1012065,14,86,Medium,1008,,DST_0219,15.862499999999999,UNKNOWN
DST_0220,Jagtial,Telangana,985417,22,78,Medium,1091,,DST_0220,43.752916666666664,UNKNOWN
DST_0221,Kamareddy,Telangana,972625,13,87,Low-Medium,955,,DST_0221,27.53916666666667,UNKNOWN
DST_0222,Mancherial,Telangana,807037,44,56,Medium,1142,,DST_0222,52.465833333333336,UNKNOWN
DST_0223,Nirmal,Telangana,709418,21,79,Low-Medium,776,,DST_0223,51.185833333333335,UNKNOWN
DST_0224,Bhadradri Kothagudem,Telangana,1069261,32,68,Medium,1334,,DST_0224,57.18541666666667,UNKNOWN
DST_0225,Peddapalli,Telangana,795332,38,62,Medium,1059,,DST_0225,36.483333333333334,UNKNOWN
DST_0226,Vikarabad,Telangana,927140,13,87,Low-Medium,910,,DST_0226,22.57166666666667,UNKNOWN
DST_0227,Nagarkurnool,Telangana,893308,10,90,Low,839,,DST_0227,21.364583333333332,UNKNOWN
DST_0228,Wanaparthy,Telangana,577758,16,84,Low-Medium,591,,DST_0228,26.805000000000003,UNKNOWN
DST_0229,Jogulamba Gadwal,Telangana,609990,10,90,Low,573,,DST_0229,16.204583333333336,UNKNOWN
DST_0230,Medak,Telangana,767428,8,92,Low-Medium,699,,DST_0230,26.879166666666666,UNKNOWN
DST_0231,Rajanna Sircilla,Telangana,552037,21,79,Low-Medium,603,,DST_0231,37.567083333333336,UNKNOWN
DST_0232,Jayashankar Bhupalpally,Telangana,416763,8,92,Low,380,,DST_0232,16.665416666666665,UNKNOWN
DST_0233,Jangaon,Telangana,566376,13,87,Low-Medium,556,,DST_0233,22.207916666666666,UNKNOWN
DST_0234,Mulugu,Telangana,257744,4,96,Low,220,,DST_0234,23.12875,UNKNOWN
DST_0235,Yadadri Bhuvanagiri,Telangana,739448,17,83,Medium,767,,DST_0235,17.15625,UNKNOWN
DST_0236,Mahabubabad,Telangana,774549,10,90,Low,728,,DST_0236,15.589583333333332,UNKNOWN
DST_0237,Kumuram Bheem Asifabad,Telangana,515812,17,83,Low,535,,DST_0237,26.194999999999997,UNKNOWN
DST_0238,Narayanpet,Telangana,566874,12,88,Low,548,,DST_0238,17.917083333333334,UNKNOWN
DST_0239,Jaipur,Rajasthan,6626178,52,48,High,10124,,DST_0239,52.419999999999995,UNKNOWN
DST_0240,Jodhpur,Rajasthan,3687002,34,66,Medium-High,4704,,DST_0240,53.63666666666666,UNKNOWN
DST_0241,Kota,Rajasthan,1951014,60,40,High,3199,,DST_0241,68.01291666666667,RELIABLE
DST_0242,Bikaner,Rajasthan,2363937,34,66,Medium,3016,,DST_0242,52.82833333333334,UNKNOWN
DST_0243,Ajmer,Rajasthan,2583052,40,60,Medium-High,3512,,DST_0243,70.20833333333333,RELIABLE
DST_0244,Udaipur,Rajasthan,3068420,20,80,Medium-High,3313,,DST_0244,73.79916666666666,RELIABLE
DST_0245,Bhilwara,Rajasthan,2408523,21,79,Medium,2634,,DST_0245,41.930416666666666,UNKNOWN
DST_0246,Alwar,Rajasthan,3674179,18,82,Medium-High,3865,,DST_0246,69.42958333333333,RELIABLE
DST_0247,Sikar,Rajasthan,2677333,24,76,Medium,3041,,DST_0247,10.704166666666666,UNKNOWN
DST_0248,Bharatpur,Rajasthan,2548462,19,81,Low-Medium,2716,,DST_0248,47.245000000000005,UNKNOWN
DST_0249,Pali,Rajasthan,2038533,23,77,Medium,2287,,DST_0249,54.76541666666666,UNKNOWN
DST_0250,Sri Ganganagar,Rajasthan,1969168,27,73,Medium-High,2319,,DST_0250,43.50958333333333,UNKNOWN
DST_0251,Jhunjhunu,Rajasthan,2137045,23,77,Medium,2397,,DST_0251,44.010416666666664,UNKNOWN
DST_0252,Hanumangarh,Rajasthan,1774692,20,80,Medium,1916,,DST_0252,57.90708333333333,UNKNOWN
DST_0253,Chittorgarh,Rajasthan,1544338,18,82,Medium,1624,,DST_0253,36.83208333333334,UNKNOWN
DST_0254,Tonk,Rajasthan,1421411,22,78,Low-Medium,1574,,DST_0254,48.637499999999996,UNKNOWN
DST_0255,Nagaur,Rajasthan,3307743,19,81,Low-Medium,3526,,DST_0255,64.8,RELIABLE
DST_0256,Churu,Rajasthan,2039547,28,72,Low-Medium,2431,,DST_0256,65.40708333333333,RELIABLE
DST_0257,Bundi,Rajasthan,1110906,20,80,Low-Medium,1199,,DST_0257,38.069583333333334,UNKNOWN
DST_0258,Baran,Rajasthan,1222755,21,79,Low-Medium,1337,,DST_0258,42.01416666666667,UNKNOWN
DST_0259,Dausa,Rajasthan,1631061,12,88,Low-Medium,1578,,DST_0259,43.568333333333335,UNKNOWN
DST_0260,Rajsamand,Rajasthan,1156597,16,84,Medium,1184,,DST_0260,27.107916666666668,UNKNOWN
DST_0261,Dungarpur,Rajasthan,1388552,6,94,Low,1227,,DST_0261,26.912499999999998,UNKNOWN
DST_0262,Banswara,Rajasthan,1797485,7,93,Low,1614,,DST_0262,61.31,RELIABLE
DST_0263,Jalore,Rajasthan,1828730,8,92,Low,1667,,DST_0263,46.14458333333334,UNKNOWN
DST_0264,Sirohi,Rajasthan,1036346,20,80,Low-Medium,1119,,DST_0264,40.33541666666667,UNKNOWN
DST_0265,Sawai Madhopur,Rajasthan,1335551,20,80,Low-Medium,1442,,DST_0265,60.05791666666667,RELIABLE
DST_0266,Karauli,Rajasthan,1458248,15,85,Low,1472,,DST_0266,23.878333333333334,UNKNOWN
DST_0267,Dholpur,Rajasthan,1206516,21,79,Low-Medium,1319,,DST_0267,53.0825,UNKNOWN
DST_0268,Jaisalmer,Rajasthan,669919,13,87,Medium,657,,DST_0268,28.325416666666666,UNKNOWN
DST_0269,Barmer,Rajasthan,2603751,7,93,Low,2338,,DST_0269,56.2775,UNKNOWN
DST_0270,Pratapgarh,Rajasthan,867848,8,92,Low,791,,DST_0270,13.633333333333333,UNKNOWN
DST_0271,Vizag,Andhra Pradesh,2315000,85,15,High,4606,Official census spelling variant,DST_0271,70.21541666666667,RELIABLE
DST_0272,Vijayawada,Andhra Pradesh,2218000,70,30,High,3948,,DST_0272,65.16625,RELIABLE
DST_0273,Guntur,Andhra Pradesh,2091000,65,35,High,3575,,DST_0273,73.24041666666666,RELIABLE
DST_0274,Tirupathi,Andhra Pradesh,2196000,45,55,Medium-High,3140,Official census spelling variant,DST_0274,17.174583333333334,UNKNOWN
DST_0275,Kakinada,Andhra Pradesh,2092000,40,60,Medium-High,2845,,DST_0275,39.76791666666667,UNKNOWN
DST_0276,Kurnool,Andhra Pradesh,2271000,38,62,Medium,3024,,DST_0276,39.096666666666664,UNKNOWN
DST_0277,Nellore,Andhra Pradesh,2469000,35,65,Medium-High,3185,,DST_0277,39.02708333333333,UNKNOWN
DST_0278,Kadapa,Andhra Pradesh,2060000,36,64,Medium,2686,,DST_0278,50.87166666666667,UNKNOWN
DST_0279,Anantapur,Andhra Pradesh,2241000,32,68,Medium,2796,,DST_0279,44.302083333333336,UNKNOWN
DST_0280,Eluru,Andhra Pradesh,2071000,28,72,Medium,2468,,DST_0280,52.779583333333335,UNKNOWN
DST_0281,Rajahmundry,Andhra Pradesh,1832000,38,62,Medium-High,2440,,DST_0281,55.56041666666667,UNKNOWN
DST_0282,Prakasam,Andhra Pradesh,2288000,22,78,Low-Medium,2535,,DST_0282,41.53916666666667,UNKNOWN
DST_0283,Srikakulam,Andhra Pradesh,2191000,18,82,Low-Medium,2304,,DST_0283,53.65625,UNKNOWN
DST_0284,Vizianagaram,Andhra Pradesh,1930000,23,77,Low-Medium,2165,,DST_0284,43.10166666666667,UNKNOWN
DST_0285,Chittoor,Andhra Pradesh,1872000,25,75,Medium,2152,,DST_0285,49.63791666666666,UNKNOWN
DST_0286,Nandyal,Andhra Pradesh,1781000,24,76,Low-Medium,2023,,DST_0286,62.13041666666666,RELIABLE
DST_0287,Krishna,Andhra Pradesh,1735000,26,74,Medium,2019,,DST_0287,60.03791666666667,RELIABLE
DST_0288,Palnadu,Andhra Pradesh,2041000,25,75,Low-Medium,2347,,DST_0288,38.168749999999996,UNKNOWN
DST_0289,Bapatla,Andhra Pradesh,1586000,21,79,Low-Medium,1735,,DST_0289,47.32,UNKNOWN
DST_0290,West Godavari,Andhra Pradesh,1779000,26,74,Medium-High,2070,,DST_0290,42.73166666666666,UNKNOWN
DST_0291,Anakapalli,Andhra Pradesh,1726000,30,70,Medium,2105,,DST_0291,35.62166666666667,UNKNOWN
DST_0292,Sri Sathya Sai,Andhra Pradesh,1840000,22,78,Low-Medium,2038,,DST_0292,57.67583333333334,UNKNOWN
DST_0293,Annamayya,Andhra Pradesh,1697000,20,80,Low-Medium,1832,,DST_0293,54.645,UNKNOWN
DST_0294,Dr. B.R. Ambedkar Konaseema,Andhra Pradesh,1719000,15,85,Medium,1736,,DST_0294,42.69083333333333,UNKNOWN
DST_0295,Parvathipuram Manyam,Andhra Pradesh,925000,14,86,Low,921,,DST_0295,24.211250000000003,UNKNOWN
DST_0296,Alluri Sitharama Raju,Andhra Pradesh,953000,8,92,Low,869,,DST_0296,54.27125,UNKNOWN
DST_0297,Indore,Madhya Pradesh,3276697,74,26,High,6016,,DST_0297,68.48875,RELIABLE
DST_0298,Bhopal,Madhya Pradesh,2371061,81,19,High,4585,,DST_0298,36.310833333333335,UNKNOWN
DST_0299,Jabalpur,Madhya Pradesh,2463289,58,42,Medium-High,3970,,DST_0299,60.99208333333333,RELIABLE
DST_0300,Gwalior,Madhya Pradesh,2032036,63,37,Medium-High,3417,,DST_0300,61.73375000000001,RELIABLE
DST_0301,Ujjain,Madhya Pradesh,1986864,39,61,Medium-High,2674,,DST_0301,73.36708333333333,RELIABLE
DST_0302,Sagar,Madhya Pradesh,2378458,30,70,Medium,2901,,DST_0302,51.91375,UNKNOWN
DST_0303,Dewas,Madhya Pradesh,1563715,29,71,Medium,1885,,DST_0303,16.449166666666667,UNKNOWN
DST_0304,Satna,Madhya Pradesh,2228935,21,79,Medium,2438,,DST_0304,52.42291666666667,UNKNOWN
DST_0305,Ratlam,Madhya Pradesh,1455069,30,70,Medium,1775,,DST_0305,39.40083333333333,UNKNOWN
DST_0306,Rewa,Madhya Pradesh,2365106,17,83,Medium,2454,,DST_0306,38.944583333333334,UNKNOWN
DST_0307,Singrauli,Madhya Pradesh,1178272,19,81,Medium,1256,,DST_0307,17.550833333333333,UNKNOWN
DST_0308,Katni,Madhya Pradesh,1292042,21,79,Low-Medium,1413,,DST_0308,62.03958333333333,RELIABLE
DST_0309,Khandwa,Madhya Pradesh,1310061,20,80,Low-Medium,1414,,DST_0309,58.880833333333335,UNKNOWN
DST_0310,Morena,Madhya Pradesh,1965970,24,76,Low-Medium,2233,,DST_0310,60.82749999999999,RELIABLE
DST_0311,Bhind,Madhya Pradesh,1703005,25,75,Low-Medium,1958,,DST_0311,61.97208333333333,RELIABLE
DST_0312,Chhindwara,Madhya Pradesh,2090922,24,76,Medium,2375,,DST_0312,41.34875,UNKNOWN
DST_0313,Guna,Madhya Pradesh,1241519,25,75,Low-Medium,1427,,DST_0313,41.915416666666665,UNKNOWN
DST_0314,Shivpuri,Madhya Pradesh,1726050,17,83,Low-Medium,1791,,DST_0314,38.027499999999996,UNKNOWN
DST_0315,Vidisha,Madhya Pradesh,1458875,23,77,Low-Medium,1636,,DST_0315,58.61083333333334,UNKNOWN
DST_0316,Damoh,Madhya Pradesh,1264219,20,80,Low-Medium,1365,,DST_0316,61.67625,RELIABLE
DST_0317,Mandsaur,Madhya Pradesh,1340411,21,79,Medium,1466,,DST_0317,47.23833333333334,UNKNOWN
DST_0318,Khargone,Madhya Pradesh,1874309,16,84,Low-Medium,1919,,DST_0318,53.865,UNKNOWN
DST_0319,Neemuch,Madhya Pradesh,826067,30,70,Medium,1007,,DST_0319,40.04333333333333,UNKNOWN
DST_0320,Narmadapuram,Madhya Pradesh,1241350,31,69,Medium,1531,,DST_0320,62.67333333333334,RELIABLE
DST_0321,Panna,Madhya Pradesh,1016520,13,87,Low,998,,DST_0321,60.98,RELIABLE
DST_0322,Sehore,Madhya Pradesh,1311332,19,81,Low-Medium,1397,,DST_0322,27.832916666666666,UNKNOWN
DST_0323,Betul,Madhya Pradesh,1575362,20,80,Low-Medium,1701,,DST_0323,59.54208333333333,UNKNOWN
DST_0324,Seoni,Madhya Pradesh,1379131,12,88,Low-Medium,1334,,DST_0324,26.102500000000003,UNKNOWN
DST_0325,Datia,Madhya Pradesh,786725,23,77,Low-Medium,882,,DST_0325,35.24125,UNKNOWN
DST_0326,Dhar,Madhya Pradesh,2185793,19,81,Low-Medium,2330,,DST_0326,56.75958333333333,UNKNOWN
DST_0327,Thiruvananthapuram,Kerala,3301427,54,46,High,5137,,DST_0327,45.030833333333334,UNKNOWN
DST_0328,Ernakulam,Kerala,3282388,68,32,High,5750,,DST_0328,16.712083333333332,UNKNOWN
DST_0329,Kozhikode,Kerala,3086293,67,33,High,5363,,DST_0329,71.46458333333334,RELIABLE
DST_0330,Thrissur,Kerala,3121200,67,33,High,5424,,DST_0330,76.81916666666667,RELIABLE
DST_0331,Kollam,Kerala,2635375,45,55,Medium-High,3768,,DST_0331,58.925000000000004,UNKNOWN
DST_0332,Kannur,Kerala,2523003,65,35,Medium-High,4314,,DST_0332,42.624583333333334,UNKNOWN
DST_0333,Palakkad,Kerala,2809934,24,76,Medium,3192,,DST_0333,58.93375,UNKNOWN
DST_0334,Alappuzha,Kerala,2127789,54,46,Medium-High,3310,,DST_0334,37.663333333333334,UNKNOWN
DST_0335,Kottayam,Kerala,1974551,29,71,High,2381,,DST_0335,60.73833333333334,RELIABLE
DST_0336,Malappuram,Kerala,4112920,44,56,Medium,5823,,DST_0336,60.68333333333334,RELIABLE
DST_0337,Kasaragod,Kerala,1307375,39,61,Medium,1759,,DST_0337,41.124583333333334,UNKNOWN
DST_0338,Pathanamthitta,Kerala,1197412,11,89,Medium-High,1142,,DST_0338,25.370416666666667,UNKNOWN
DST_0339,Idukki,Kerala,1108974,5,95,Low-Medium,964,,DST_0339,19.36916666666667,UNKNOWN
DST_0340,Wayanad,Kerala,817420,4,96,Low-Medium,699,,DST_0340,47.70458333333334,UNKNOWN
