district_id,Demand_Signal,Mean_Distribution_Gap,Valid_Audit_Cycles,Competitive_Intensity,Mean_Panel_Coverage_Pct_x,Coverage_Status_x,Total_Population,Estimated_Total_Retail_Universe,District_Code_x,Mean_Panel_Coverage_Pct_y,Coverage_Status_y,District_Code_y,Mean_Panel_Coverage_Pct,Coverage_Status,Market_Opportunity
DST_0001,0.4950980392156863,0.3651084395292642,23,0.6403514318104626,85.03791666666667,RELIABLE,9356962,18500,DST_0001,85.03791666666667,RELIABLE,DST_0001,85.03791666666667,RELIABLE,OTHER
DST_0002,0.9264705882352942,0.3784997734846147,24,0.5631466559311816,82.07041666666667,RELIABLE,3085411,6787,DST_0002,82.07041666666667,RELIABLE,DST_0002,82.07041666666667,RELIABLE,OTHER
DST_0003,0.6338235294117647,0.36911897154047413,24,0.7544317246396937,83.36916666666667,RELIABLE,9429408,15596,DST_0003,83.36916666666667,RELIABLE,DST_0003,83.36916666666667,RELIABLE,OTHER
DST_0004,0.4534313725490196,0.4380375202462465,24,0.7187189311089655,41.78333333333333,UNKNOWN,8070032,15155,DST_0004,41.78333333333333,UNKNOWN,DST_0004,41.78333333333333,UNKNOWN,OTHER
DST_0005,0.4980392156862745,0.5767653509441684,24,0.6143910742876361,15.612499999999999,UNKNOWN,2990116,4401,DST_0005,15.612499999999999,UNKNOWN,DST_0005,15.612499999999999,UNKNOWN,OTHER
DST_0006,0.5137254901960784,0.4654636559996163,24,0.6629995101517954,55.08083333333334,UNKNOWN,4653570,8153,DST_0006,55.08083333333334,UNKNOWN,DST_0006,55.08083333333334,UNKNOWN,OTHER
DST_0007,0.5151960784313725,0.9309446701428855,24,0.6308694185862924,72.07000000000001,RELIABLE,6107187,8562,DST_0007,72.07000000000001,RELIABLE,DST_0007,72.07000000000001,RELIABLE,OTHER
DST_0008,0.8735294117647059,0.9265534524573217,24,0.6420123876369015,57.3225,UNKNOWN,3701282,5241,DST_0008,57.3225,UNKNOWN,DST_0008,57.3225,UNKNOWN,HIGH_OPPORTUNITY
DST_0009,0.8117647058823529,0.6726206181500823,23,0.8044147090572951,68.17625,RELIABLE,3876001,4837,DST_0009,68.17625,RELIABLE,DST_0009,68.17625,RELIABLE,HIGH_OPPORTUNITY
DST_0010,0.28431372549019607,0.45291181441987044,24,0.6274636373785208,36.1,UNKNOWN,4317756,5388,DST_0010,36.1,UNKNOWN,DST_0010,36.1,UNKNOWN,OTHER
DST_0011,0.32745098039215687,0.5002028262447588,24,0.6362287484509692,41.156666666666666,UNKNOWN,4543159,4906,DST_0011,41.156666666666666,UNKNOWN,DST_0011,41.156666666666666,UNKNOWN,OTHER
DST_0012,0.48137254901960785,0.44276287947116894,24,0.6128765980130308,51.38125,UNKNOWN,3003741,3201,DST_0012,51.38125,UNKNOWN,DST_0012,51.38125,UNKNOWN,OTHER
DST_0013,0.4073529411764706,0.4411206673906123,24,0.6213983037363334,35.20583333333334,UNKNOWN,2822143,3245,DST_0013,35.20583333333334,UNKNOWN,DST_0013,35.20583333333334,UNKNOWN,OTHER
DST_0014,0.19264705882352942,0.4673855569214833,24,0.6061880766769093,40.94833333333333,UNKNOWN,4229917,5278,DST_0014,40.94833333333333,UNKNOWN,DST_0014,40.94833333333333,UNKNOWN,OTHER
DST_0015,0.6465686274509804,0.4016479636668921,24,0.7267578004141114,54.203333333333326,UNKNOWN,2888445,3766,DST_0015,54.203333333333326,UNKNOWN,DST_0015,54.203333333333326,UNKNOWN,OTHER
DST_0016,0.65,0.39038459513118057,24,0.6311504939470223,50.695,UNKNOWN,3361292,3959,DST_0016,50.695,UNKNOWN,DST_0016,50.695,UNKNOWN,OTHER
DST_0017,0.4519607843137255,0.4974374392415141,23,0.6611430804268337,41.13791666666666,UNKNOWN,2634200,3471,DST_0017,41.13791666666666,UNKNOWN,DST_0017,41.13791666666666,UNKNOWN,OTHER
DST_0018,0.607843137254902,0.43721024320573826,24,0.6229764451353034,52.2175,UNKNOWN,1615069,1653,DST_0018,52.2175,UNKNOWN,DST_0018,52.2175,UNKNOWN,OTHER
DST_0019,0.2926470588235294,0.6180032746035794,24,0.6476509482252097,25.39833333333333,UNKNOWN,849651,834,DST_0019,25.39833333333333,UNKNOWN,DST_0019,25.39833333333333,UNKNOWN,OTHER
DST_0020,0.22941176470588237,0.45711099245302417,24,0.6510275264530867,34.93625,UNKNOWN,2204307,2843,DST_0020,34.93625,UNKNOWN,DST_0020,34.93625,UNKNOWN,OTHER
DST_0021,0.43529411764705883,0.4367529265099605,24,0.6812748948602967,59.010416666666664,UNKNOWN,2772348,3071,DST_0021,59.010416666666664,UNKNOWN,DST_0021,59.010416666666664,UNKNOWN,OTHER
DST_0022,0.029411764705882353,0.12209195329807561,15,0.7361714590421142,57.312083333333334,UNKNOWN,2586258,2829,DST_0022,57.312083333333334,UNKNOWN,DST_0022,57.312083333333334,UNKNOWN,OTHER
DST_0023,0.7725490196078431,0.4780439339752829,24,0.6053089833384474,45.26166666666666,UNKNOWN,2455543,2823,DST_0023,45.26166666666666,UNKNOWN,DST_0023,45.26166666666666,UNKNOWN,OTHER
DST_0024,0.4372549019607843,0.4098674345114026,24,0.6226898941722608,40.07791666666667,UNKNOWN,2050862,2444,DST_0024,40.07791666666667,UNKNOWN,DST_0024,40.07791666666667,UNKNOWN,OTHER
DST_0025,0.6769607843137255,0.4298822714651423,24,0.640744285092381,63.903333333333336,RELIABLE,1959046,2088,DST_0025,63.903333333333336,RELIABLE,DST_0025,63.903333333333336,RELIABLE,OTHER
DST_0026,0.5642156862745098,0.3893272916111205,24,0.6295540998643685,44.91166666666667,UNKNOWN,1300774,1641,DST_0026,44.91166666666667,UNKNOWN,DST_0026,44.91166666666667,UNKNOWN,OTHER
DST_0027,0.3573529411764706,0.5975647448269529,24,0.6112569116685245,15.742916666666666,UNKNOWN,1200334,1279,DST_0027,15.742916666666666,UNKNOWN,DST_0027,15.742916666666666,UNKNOWN,OTHER
DST_0028,0.27990196078431373,0.6050888719577036,24,0.6611189454640654,15.417499999999999,UNKNOWN,1322507,1372,DST_0028,15.417499999999999,UNKNOWN,DST_0028,15.417499999999999,UNKNOWN,OTHER
DST_0029,0.4352941176470589,0.6160400063404445,24,0.6468284606667458,26.614166666666666,UNKNOWN,1197160,1259,DST_0029,26.614166666666666,UNKNOWN,DST_0029,26.614166666666666,UNKNOWN,OTHER
DST_0030,0.221078431372549,0.6006291583685349,24,0.600572060563332,22.2625,UNKNOWN,1177345,1189,DST_0030,22.2625,UNKNOWN,DST_0030,22.2625,UNKNOWN,OTHER
DST_0031,0.4230392156862745,0.5984030434575954,24,0.6172732976694175,25.375,UNKNOWN,1072942,1023,DST_0031,25.375,UNKNOWN,DST_0031,25.375,UNKNOWN,OTHER
DST_0032,0.346078431372549,0.4175247664968301,22,0.5796185435509911,56.965833333333336,UNKNOWN,1648295,1710,DST_0032,56.965833333333336,UNKNOWN,DST_0032,56.965833333333336,UNKNOWN,OTHER
DST_0033,0.48921568627450984,0.45127431927738276,24,0.6645001479226817,51.11083333333334,UNKNOWN,2585049,2791,DST_0033,51.11083333333334,UNKNOWN,DST_0033,51.11083333333334,UNKNOWN,OTHER
DST_0034,0.5019607843137255,0.4610204360564834,24,0.6455743632735417,65.05791666666666,RELIABLE,1657576,1720,DST_0034,65.05791666666666,RELIABLE,DST_0034,65.05791666666666,RELIABLE,OTHER
DST_0035,0.5186274509803922,0.448928092621004,24,0.6132388640758792,46.354166666666664,UNKNOWN,1836086,2265,DST_0035,46.354166666666664,UNKNOWN,DST_0035,46.354166666666664,UNKNOWN,OTHER
DST_0036,0.4970588235294118,0.34926200651304745,24,0.5795169010100927,85.4975,RELIABLE,9621551,18500,DST_0036,85.4975,RELIABLE,DST_0036,85.4975,RELIABLE,OTHER
DST_0037,0.6318627450980392,0.4631149760766288,24,0.7598997923643137,59.397083333333335,UNKNOWN,990923,1167,DST_0037,59.397083333333335,UNKNOWN,DST_0037,59.397083333333335,UNKNOWN,OTHER
DST_0038,0.928921568627451,0.6837774362705891,24,0.8545821808697673,72.08708333333333,RELIABLE,3001127,4123,DST_0038,72.08708333333333,RELIABLE,DST_0038,72.08708333333333,RELIABLE,HIGH_OPPORTUNITY
DST_0039,0.7343137254901961,0.9306873269103043,24,0.7187050212074542,72.03666666666668,RELIABLE,4779661,5496,DST_0039,72.03666666666668,RELIABLE,DST_0039,72.03666666666668,RELIABLE,HIGH_OPPORTUNITY
DST_0040,0.9352941176470588,0.9316018119557624,24,0.6230079681545139,66.22875,RELIABLE,1847023,2951,DST_0040,66.22875,RELIABLE,DST_0040,66.22875,RELIABLE,HIGH_OPPORTUNITY
DST_0041,0.5544117647058823,0.5846307838839787,24,0.6930512040094626,15.219583333333333,UNKNOWN,2089649,3075,DST_0041,15.219583333333333,UNKNOWN,DST_0041,15.219583333333333,UNKNOWN,OTHER
DST_0042,0.471078431372549,0.4479586149684774,24,0.5685344841442246,36.59916666666667,UNKNOWN,1177361,1403,DST_0042,36.59916666666667,UNKNOWN,DST_0042,36.59916666666667,UNKNOWN,OTHER
DST_0043,0.7872549019607843,0.42448188739868625,24,0.8033906240672516,42.64875,UNKNOWN,1752759,2285,DST_0043,42.64875,UNKNOWN,DST_0043,42.64875,UNKNOWN,OTHER
DST_0044,0.45245098039215687,0.3870373655075516,24,0.651768096218107,43.73791666666667,UNKNOWN,2678980,2968,DST_0044,43.73791666666667,UNKNOWN,DST_0044,43.73791666666667,UNKNOWN,OTHER
DST_0045,0.7078431372549019,0.441337725013903,24,0.6722597752555931,38.05958333333333,UNKNOWN,2452595,3232,DST_0045,38.05958333333333,UNKNOWN,DST_0045,38.05958333333333,UNKNOWN,OTHER
DST_0046,0.4392156862745098,0.4296612818333645,24,0.66959268565544,41.54,UNKNOWN,2566326,3238,DST_0046,41.54,UNKNOWN,DST_0046,41.54,UNKNOWN,OTHER
DST_0047,0.4975490196078431,0.4906879321055497,24,0.5947023214052309,37.842083333333335,UNKNOWN,1945497,2427,DST_0047,37.842083333333335,UNKNOWN,DST_0047,37.842083333333335,UNKNOWN,OTHER
DST_0048,0.5892156862745098,0.45930424991286883,24,0.6922534951060858,43.35874999999999,UNKNOWN,1776421,1943,DST_0048,43.35874999999999,UNKNOWN,DST_0048,43.35874999999999,UNKNOWN,OTHER
DST_0049,0.7833333333333333,0.4926735194028707,23,0.5975158075569568,53.89125000000001,UNKNOWN,1805769,1874,DST_0049,53.89125000000001,UNKNOWN,DST_0049,53.89125000000001,UNKNOWN,OTHER
DST_0050,0.517156862745098,0.4534974279642478,24,0.6273561039837068,46.1,UNKNOWN,2177331,2442,DST_0050,46.1,UNKNOWN,DST_0050,46.1,UNKNOWN,OTHER
DST_0051,0.4911764705882353,0.44748896496241836,24,0.6417512031465651,46.38458333333333,UNKNOWN,1889552,2358,DST_0051,46.38458333333333,UNKNOWN,DST_0051,46.38458333333333,UNKNOWN,OTHER
DST_0052,0.7519607843137255,0.5011293259127266,23,0.7531475602624513,41.077083333333334,UNKNOWN,1700018,1955,DST_0052,41.077083333333334,UNKNOWN,DST_0052,41.077083333333334,UNKNOWN,OTHER
DST_0053,0.48529411764705876,0.4749392969580113,24,0.6068722094499432,42.342083333333335,UNKNOWN,1659456,1792,DST_0053,42.342083333333335,UNKNOWN,DST_0053,42.342083333333335,UNKNOWN,OTHER
DST_0054,0.33676470588235297,0.40627880645839415,24,0.6403428919998059,63.69166666666666,RELIABLE,1137961,1244,DST_0054,63.69166666666666,RELIABLE,DST_0054,63.69166666666666,RELIABLE,OTHER
DST_0055,0.3431372549019608,0.6107851953309479,24,0.5597709992029986,23.668333333333333,UNKNOWN,554519,560,DST_0055,23.668333333333333,UNKNOWN,DST_0055,23.668333333333333,UNKNOWN,OTHER
DST_0056,0.4764705882352942,0.40231148066702893,23,0.5859312345143693,53.67166666666666,UNKNOWN,1536401,1895,DST_0056,53.67166666666666,UNKNOWN,DST_0056,53.67166666666666,UNKNOWN,OTHER
DST_0057,0.3397058823529412,0.5885712640010478,24,0.6199150638265976,16.08375,UNKNOWN,1389920,1442,DST_0057,16.08375,UNKNOWN,DST_0057,16.08375,UNKNOWN,OTHER
DST_0058,0.41617647058823526,0.41155724847390934,24,0.6120012497975421,56.742916666666666,UNKNOWN,1928812,2218,DST_0058,56.742916666666666,UNKNOWN,DST_0058,56.742916666666666,UNKNOWN,OTHER
DST_0059,0.3514705882352941,0.44066983307843466,24,0.5959672787064284,40.001666666666665,UNKNOWN,1082636,1245,DST_0059,40.001666666666665,UNKNOWN,DST_0059,40.001666666666665,UNKNOWN,OTHER
DST_0060,0.5696078431372549,0.48962839760512883,24,0.5552794857261978,46.98833333333334,UNKNOWN,1437169,1733,DST_0060,46.98833333333334,UNKNOWN,DST_0060,46.98833333333334,UNKNOWN,OTHER
DST_0061,0.018137254901960782,0.10404332635818256,14,0.5542326570176259,64.84041666666667,RELIABLE,1174271,1251,DST_0061,64.84041666666667,RELIABLE,DST_0061,64.84041666666667,RELIABLE,OTHER
DST_0062,0.008823529411764706,0.13372019801418808,14,0.5963238352170124,56.14208333333334,UNKNOWN,1020791,1059,DST_0062,56.14208333333334,UNKNOWN,DST_0062,56.14208333333334,UNKNOWN,OTHER
DST_0063,0.4857843137254902,0.5149305009157671,23,0.5890280309862163,51.35833333333333,UNKNOWN,1064570,1388,DST_0063,51.35833333333333,UNKNOWN,DST_0063,51.35833333333333,UNKNOWN,OTHER
DST_0064,0.5563725490196079,0.4783891857359383,24,0.5856474746067957,55.35125,UNKNOWN,1597668,1747,DST_0064,55.35125,UNKNOWN,DST_0064,55.35125,UNKNOWN,OTHER
DST_0065,0.5122549019607843,0.34597328951376216,24,0.586499864807168,86.90750000000001,RELIABLE,7088403,15594,DST_0065,86.90750000000001,RELIABLE,DST_0065,86.90750000000001,RELIABLE,OTHER
DST_0066,0.8941176470588235,0.671181879611095,23,0.8735373782683076,75.52333333333333,RELIABLE,3458045,6445,DST_0066,75.52333333333333,RELIABLE,DST_0066,75.52333333333333,RELIABLE,HIGH_OPPORTUNITY
DST_0067,0.6980392156862745,0.4682479599860447,24,0.6866299320465663,41.96375,UNKNOWN,3038252,5025,DST_0067,41.96375,UNKNOWN,DST_0067,41.96375,UNKNOWN,OTHER
DST_0068,0.8999999999999999,0.9239549030731222,24,0.6342810319594602,55.51,UNKNOWN,2722290,4045,DST_0068,55.51,UNKNOWN,DST_0068,55.51,UNKNOWN,HIGH_OPPORTUNITY
DST_0069,0.8887254901960784,0.9222669176529403,24,0.6466938951472484,62.02708333333334,RELIABLE,3482056,5271,DST_0069,62.02708333333334,RELIABLE,DST_0069,62.02708333333334,RELIABLE,HIGH_OPPORTUNITY
DST_0070,0.6568627450980392,0.43146961119006616,24,0.5163642200416623,43.29791666666667,UNKNOWN,1665253,2474,DST_0070,43.29791666666667,UNKNOWN,DST_0070,43.29791666666667,UNKNOWN,OTHER
DST_0071,0.5171568627450981,0.5513870051081082,24,0.5985844948158866,11.182916666666666,UNKNOWN,2479052,4100,DST_0071,11.182916666666666,UNKNOWN,DST_0071,11.182916666666666,UNKNOWN,OTHER
DST_0072,0.6490196078431373,0.44938132938543923,24,0.59838270762002,63.94916666666666,RELIABLE,2251744,3409,DST_0072,63.94916666666666,RELIABLE,DST_0072,63.94916666666666,RELIABLE,OTHER
DST_0073,0.6367647058823529,0.47859881217764255,24,0.6352567693263305,61.17916666666667,RELIABLE,1614242,2263,DST_0073,61.17916666666667,RELIABLE,DST_0073,61.17916666666667,RELIABLE,OTHER
DST_0074,0.6147058823529412,0.4585320813657596,24,0.6062599128621726,43.94166666666666,UNKNOWN,2405890,3103,DST_0074,43.94166666666666,UNKNOWN,DST_0074,43.94166666666666,UNKNOWN,OTHER
DST_0075,0.6122549019607844,0.42680215482579603,24,0.6069816299368438,55.00583333333333,UNKNOWN,2159775,2846,DST_0075,55.00583333333333,UNKNOWN,DST_0075,55.00583333333333,UNKNOWN,OTHER
DST_0076,0.5161764705882353,0.5726467521672332,24,0.5667439391682734,12.455833333333333,UNKNOWN,1166401,1961,DST_0076,12.455833333333333,UNKNOWN,DST_0076,12.455833333333333,UNKNOWN,OTHER
DST_0077,0.5588235294117647,0.5823028248800382,24,0.6670815135118504,16.336666666666666,UNKNOWN,2556244,4478,DST_0077,16.336666666666666,UNKNOWN,DST_0077,16.336666666666666,UNKNOWN,OTHER
DST_0078,0.5720588235294117,0.46282486967396236,24,0.5044935426290106,48.05083333333334,UNKNOWN,2605914,3325,DST_0078,48.05083333333334,UNKNOWN,DST_0078,48.05083333333334,UNKNOWN,OTHER
DST_0079,0.0696078431372549,0.133177523298431,18,0.7947427224376757,45.56125,UNKNOWN,1506843,1564,DST_0079,45.56125,UNKNOWN,DST_0079,45.56125,UNKNOWN,OTHER
DST_0080,0.3700980392156863,0.44888283603532264,23,0.5616749728912703,42.330416666666665,UNKNOWN,1064493,1462,DST_0080,42.330416666666665,UNKNOWN,DST_0080,42.330416666666665,UNKNOWN,OTHER
DST_0081,0.7058823529411764,0.4631549695569712,24,0.6345518663960088,50.907916666666665,UNKNOWN,1879809,2109,DST_0081,50.907916666666665,UNKNOWN,DST_0081,50.907916666666665,UNKNOWN,OTHER
DST_0082,0.538235294117647,0.4178030167275726,24,0.637717777024161,43.49625,UNKNOWN,1616450,1813,DST_0082,43.49625,UNKNOWN,DST_0082,43.49625,UNKNOWN,OTHER
DST_0083,0.43039215686274507,0.4626064349560885,23,0.6559074728420039,52.369166666666665,UNKNOWN,1726601,2348,DST_0083,52.369166666666665,UNKNOWN,DST_0083,52.369166666666665,UNKNOWN,OTHER
DST_0084,0.6759803921568628,0.40434069729534244,24,0.5783737523912117,61.70166666666666,RELIABLE,735394,1195,DST_0084,61.70166666666666,RELIABLE,DST_0084,61.70166666666666,RELIABLE,OTHER
DST_0085,0.19607843137254904,0.6143200925993717,23,0.6566730219370847,19.179166666666667,UNKNOWN,565223,586,DST_0085,19.179166666666667,UNKNOWN,DST_0085,19.179166666666667,UNKNOWN,OTHER
DST_0086,0.328921568627451,0.4130169030220791,24,0.6439301140754071,41.00541666666667,UNKNOWN,1618345,1747,DST_0086,41.00541666666667,UNKNOWN,DST_0086,41.00541666666667,UNKNOWN,OTHER
DST_0087,0.4627450980392157,0.42405798976127335,24,0.666326043597221,65.16666666666667,RELIABLE,1353445,1651,DST_0087,65.16666666666667,RELIABLE,DST_0087,65.16666666666667,RELIABLE,OTHER
DST_0088,0.5455882352941177,0.44083688978452135,23,0.6697662297658049,50.219166666666666,UNKNOWN,1210277,1679,DST_0088,50.219166666666666,UNKNOWN,DST_0088,50.219166666666666,UNKNOWN,OTHER
DST_0089,0.8205882352941176,0.4338641397867417,24,0.5837209627069441,38.288333333333334,UNKNOWN,1339101,1652,DST_0089,38.288333333333334,UNKNOWN,DST_0089,38.288333333333334,UNKNOWN,OTHER
DST_0090,0.596078431372549,0.3732508399611922,22,0.6039823900031909,36.60666666666666,UNKNOWN,1407627,1973,DST_0090,36.60666666666666,UNKNOWN,DST_0090,36.60666666666666,UNKNOWN,OTHER
DST_0091,0.6583333333333334,0.41731623564583,24,0.5989027697034686,37.92166666666667,UNKNOWN,1245899,1938,DST_0091,37.92166666666667,UNKNOWN,DST_0091,37.92166666666667,UNKNOWN,OTHER
DST_0092,0.5549019607843138,0.45476751654176245,24,0.6095864632635365,54.035,UNKNOWN,1750176,2625,DST_0092,54.035,UNKNOWN,DST_0092,54.035,UNKNOWN,OTHER
DST_0093,0.41470588235294115,0.40340785276960966,24,0.6325954276646105,59.01958333333334,UNKNOWN,1111812,1480,DST_0093,59.01958333333334,UNKNOWN,DST_0093,59.01958333333334,UNKNOWN,OTHER
DST_0094,0.5509803921568627,0.46720884189611783,23,0.5732885267099703,48.46083333333333,UNKNOWN,3728104,6375,DST_0094,48.46083333333333,UNKNOWN,DST_0094,48.46083333333333,UNKNOWN,OTHER
DST_0095,0.4799019607843137,0.498414838904115,23,0.6767169046976172,37.45375,UNKNOWN,2464875,2662,DST_0095,37.45375,UNKNOWN,DST_0095,37.45375,UNKNOWN,OTHER
DST_0096,0.3112745098039216,0.4652907253004915,24,0.6100077270007576,45.64166666666667,UNKNOWN,1264277,1365,DST_0096,45.64166666666667,UNKNOWN,DST_0096,45.64166666666667,UNKNOWN,OTHER
DST_0097,0.3730392156862745,0.45706592709722554,24,0.6128012850903386,66.25458333333333,RELIABLE,2093003,2113,DST_0097,66.25458333333333,RELIABLE,DST_0097,66.25458333333333,RELIABLE,OTHER
DST_0098,0.7534313725490196,0.4219297567828578,23,0.6583724096270558,51.212916666666665,UNKNOWN,1942288,2940,DST_0098,51.212916666666665,UNKNOWN,DST_0098,51.212916666666665,UNKNOWN,OTHER
DST_0099,0.3975490196078431,0.6218481046401648,24,0.6620054408200249,27.540000000000003,UNKNOWN,1370281,1345,DST_0099,27.540000000000003,UNKNOWN,DST_0099,27.540000000000003,UNKNOWN,OTHER
DST_0100,0.9568627450980391,0.35480044845966746,23,0.6178133160975738,87.26625,RELIABLE,582320,1281,DST_0100,87.26625,RELIABLE,DST_0100,87.26625,RELIABLE,OTHER
DST_0101,0.7382352941176471,0.47028805959389913,24,0.6766471427168221,34.72375,UNKNOWN,1709346,3760,DST_0101,34.72375,UNKNOWN,DST_0101,34.72375,UNKNOWN,OTHER
DST_0102,0.6813725490196079,0.4545387198979515,24,0.6527647729117207,56.385,UNKNOWN,142004,312,DST_0102,56.385,UNKNOWN,DST_0102,56.385,UNKNOWN,OTHER
DST_0103,0.7063725490196079,0.5026812743819253,24,0.6155884432220586,55.397083333333335,UNKNOWN,887978,1953,DST_0103,55.397083333333335,UNKNOWN,DST_0103,55.397083333333335,UNKNOWN,OTHER
DST_0104,0.7916666666666667,0.4556257581061678,24,0.6018484748212923,51.305,UNKNOWN,2241624,4931,DST_0104,51.305,UNKNOWN,DST_0104,51.305,UNKNOWN,OTHER
DST_0105,0.6367647058823529,0.4741779774511437,24,0.5919827390176822,43.42208333333334,UNKNOWN,3656539,7737,DST_0105,43.42208333333334,UNKNOWN,DST_0105,43.42208333333334,UNKNOWN,OTHER
DST_0106,0.8931372549019607,0.4102968446353299,24,0.5986725390324659,85.90708333333333,RELIABLE,2731929,5971,DST_0106,85.90708333333333,RELIABLE,DST_0106,85.90708333333333,RELIABLE,OTHER
DST_0107,0.5612745098039216,0.46774307802492626,24,0.6226363823400316,38.60208333333333,UNKNOWN,2150000,4730,DST_0107,38.60208333333333,UNKNOWN,DST_0107,38.60208333333333,UNKNOWN,OTHER
DST_0108,0.6485294117647058,0.44623912723495734,24,0.6134965234521992,48.31875,UNKNOWN,2292958,4851,DST_0108,48.31875,UNKNOWN,DST_0108,48.31875,UNKNOWN,OTHER
DST_0109,0.6990196078431372,0.40000236806696976,24,0.6608868226675444,49.40833333333333,UNKNOWN,2543243,5595,DST_0109,49.40833333333333,UNKNOWN,DST_0109,49.40833333333333,UNKNOWN,OTHER
DST_0110,0.6936274509803921,0.4440511838149162,24,0.6002890874604782,62.65541666666667,RELIABLE,1500000,3300,DST_0110,62.65541666666667,RELIABLE,DST_0110,62.65541666666667,RELIABLE,OTHER
DST_0111,0.6970588235294117,0.4554086076067648,23,0.6158096246920515,62.12916666666666,RELIABLE,4589838,7912,DST_0111,62.12916666666666,RELIABLE,DST_0111,62.12916666666666,RELIABLE,OTHER
DST_0112,0.4519607843137255,0.441670303499129,23,0.6011785596938484,43.02333333333333,UNKNOWN,4581268,7898,DST_0112,43.02333333333333,UNKNOWN,DST_0112,43.02333333333333,UNKNOWN,OTHER
DST_0113,0.8588235294117648,0.6597263801488291,24,0.8806253711444416,70.00208333333333,RELIABLE,3676841,5154,DST_0113,70.00208333333333,RELIABLE,DST_0113,70.00208333333333,RELIABLE,HIGH_OPPORTUNITY
DST_0114,0.24166666666666664,0.4115773949745177,24,0.5693192562710262,40.566250000000004,UNKNOWN,5954391,6847,DST_0114,40.566250000000004,UNKNOWN,DST_0114,40.566250000000004,UNKNOWN,OTHER
DST_0115,0.6039215686274509,0.42025665856320926,24,0.6078278110251709,61.635416666666664,RELIABLE,4418797,6380,DST_0115,61.635416666666664,RELIABLE,DST_0115,61.635416666666664,RELIABLE,OTHER
DST_0116,0.8794117647058823,0.6603856859486427,24,0.8743499156631922,77.50333333333333,RELIABLE,3443689,5213,DST_0116,77.50333333333333,RELIABLE,DST_0116,77.50333333333333,RELIABLE,HIGH_OPPORTUNITY
DST_0117,0.4818627450980392,0.46749740809884305,24,0.6118678684768837,44.23458333333334,UNKNOWN,4681645,8136,DST_0117,44.23458333333334,UNKNOWN,DST_0117,44.23458333333334,UNKNOWN,OTHER
DST_0118,0.46372549019607845,0.5919123549085077,24,0.7098091148367338,13.879583333333334,UNKNOWN,1648115,2679,DST_0118,13.879583333333334,UNKNOWN,DST_0118,13.879583333333334,UNKNOWN,OTHER
DST_0119,0.3897058823529411,0.48610774199110396,24,0.6146239307415384,53.5,UNKNOWN,4448359,5738,DST_0119,53.5,UNKNOWN,DST_0119,53.5,UNKNOWN,OTHER
DST_0120,0.4495098039215686,0.442245156789316,24,0.5934927581632069,39.69916666666666,UNKNOWN,3673889,4636,DST_0120,39.69916666666666,UNKNOWN,DST_0120,39.69916666666666,UNKNOWN,OTHER
DST_0121,0.3313725490196079,0.4839918310524518,24,0.6383083431639187,58.03,UNKNOWN,4772006,6022,DST_0121,58.03,UNKNOWN,DST_0121,58.03,UNKNOWN,OTHER
DST_0122,0.6779411764705883,0.41787808045298047,24,0.7193752299316978,50.83416666666667,UNKNOWN,3466382,4228,DST_0122,50.83416666666667,UNKNOWN,DST_0122,50.83416666666667,UNKNOWN,OTHER
DST_0123,0.30098039215686273,0.4570740594623692,24,0.6402039351528395,57.99583333333334,UNKNOWN,4440895,4733,DST_0123,57.99583333333334,UNKNOWN,DST_0123,57.99583333333334,UNKNOWN,OTHER
DST_0124,0.5519607843137255,0.43911968054063966,24,0.6258251609843539,51.038333333333334,UNKNOWN,1998603,2774,DST_0124,51.038333333333334,UNKNOWN,DST_0124,51.038333333333334,UNKNOWN,OTHER
DST_0125,0.4632352941176471,0.4185186288625585,23,0.5566844190176989,35.1925,UNKNOWN,2547184,3107,DST_0125,35.1925,UNKNOWN,DST_0125,35.1925,UNKNOWN,OTHER
DST_0126,0.42843137254901964,0.48051506965426904,24,0.630498077531749,44.18083333333333,UNKNOWN,2470996,2461,DST_0126,44.18083333333333,UNKNOWN,DST_0126,44.18083333333333,UNKNOWN,OTHER
DST_0127,0.4602941176470588,0.42035545078079717,24,0.6255862329246343,35.33416666666667,UNKNOWN,4143512,4997,DST_0127,35.33416666666667,UNKNOWN,DST_0127,35.33416666666667,UNKNOWN,OTHER
DST_0128,0.44705882352941173,0.44581752746674846,24,0.6345612057814756,62.91791666666666,RELIABLE,2498156,3187,DST_0128,62.91791666666666,RELIABLE,DST_0128,62.91791666666666,RELIABLE,OTHER
DST_0129,0.020098039215686276,0.0879275836460076,14,0.6113845233517465,62.26625000000001,RELIABLE,3681896,3821,DST_0129,62.26625000000001,RELIABLE,DST_0129,62.26625000000001,RELIABLE,OTHER
DST_0130,0.5245098039215687,0.4401473189510318,24,0.5383414910928055,59.98083333333333,UNKNOWN,3006538,3247,DST_0130,59.98083333333333,UNKNOWN,DST_0130,59.98083333333333,UNKNOWN,OTHER
DST_0131,0.5073529411764706,0.45481327431047774,24,0.5552940050496858,44.885416666666664,UNKNOWN,2335819,2686,DST_0131,44.885416666666664,UNKNOWN,DST_0131,44.885416666666664,UNKNOWN,OTHER
DST_0132,0.5338235294117647,0.42256422477242506,24,0.624654309051343,37.27166666666667,UNKNOWN,2496970,2486,DST_0132,37.27166666666667,UNKNOWN,DST_0132,37.27166666666667,UNKNOWN,OTHER
DST_0133,0.5446078431372549,0.4296896675586761,23,0.6392932705044874,60.65291666666667,RELIABLE,3499171,4024,DST_0133,60.65291666666667,RELIABLE,DST_0133,60.65291666666667,RELIABLE,OTHER
DST_0134,0.6965686274509804,0.3840646200798658,24,0.5244763992525755,63.09625,RELIABLE,2192790,2306,DST_0134,63.09625,RELIABLE,DST_0134,63.09625,RELIABLE,OTHER
DST_0135,0.5823529411764706,0.46660556687328975,24,0.5567830334667453,37.389583333333334,UNKNOWN,1840221,2116,DST_0135,37.389583333333334,UNKNOWN,DST_0135,37.389583333333334,UNKNOWN,OTHER
DST_0136,0.025490196078431372,0.12277860390712263,20,0.6207563570845692,52.59375,UNKNOWN,4092845,4019,DST_0136,52.59375,UNKNOWN,DST_0136,52.59375,UNKNOWN,OTHER
DST_0137,0.5387254901960784,0.4368449690314889,24,0.5949080732403871,37.4925,UNKNOWN,2632733,2548,DST_0137,37.4925,UNKNOWN,DST_0137,37.4925,UNKNOWN,OTHER
DST_0138,0.5377450980392157,0.4233542459414196,24,0.6472731375398704,57.80375,UNKNOWN,3405559,3153,DST_0138,57.80375,UNKNOWN,DST_0138,57.80375,UNKNOWN,OTHER
DST_0139,0.2068627450980392,0.43627543738489916,24,0.6201848058148602,57.718333333333334,UNKNOWN,4483992,4340,DST_0139,57.718333333333334,UNKNOWN,DST_0139,57.718333333333334,UNKNOWN,OTHER
DST_0140,0.5220588235294118,0.47077748429581234,24,0.5499716814330853,38.83625,UNKNOWN,3108367,3226,DST_0140,38.83625,UNKNOWN,DST_0140,38.83625,UNKNOWN,OTHER
DST_0141,0.4485294117647059,0.4023691412938876,24,0.6535462242436211,48.599583333333335,UNKNOWN,4494204,4098,DST_0141,48.599583333333335,UNKNOWN,DST_0141,48.599583333333335,UNKNOWN,OTHER
DST_0142,0.3200980392156863,0.4582369714981754,23,0.6250279202410396,50.362500000000004,UNKNOWN,3260699,3065,DST_0142,50.362500000000004,UNKNOWN,DST_0142,50.362500000000004,UNKNOWN,OTHER
DST_0143,0.4607843137254902,0.4173098685059728,24,0.6036131671551047,42.78,UNKNOWN,2464464,2178,DST_0143,42.78,UNKNOWN,DST_0143,42.78,UNKNOWN,OTHER
DST_0144,0.403921568627451,0.46248817617867527,24,0.6207917975049645,61.48375000000001,RELIABLE,3100946,2914,DST_0144,61.48375000000001,RELIABLE,DST_0144,61.48375000000001,RELIABLE,OTHER
DST_0145,0.31470588235294117,0.47871858157199254,24,0.6193055299877339,47.88708333333333,UNKNOWN,3433919,3083,DST_0145,47.88708333333333,UNKNOWN,DST_0145,47.88708333333333,UNKNOWN,OTHER
DST_0146,0.3647058823529411,0.4577121541466728,24,0.6101656760937524,41.08708333333333,UNKNOWN,3797117,3303,DST_0146,41.08708333333333,UNKNOWN,DST_0146,41.08708333333333,UNKNOWN,OTHER
DST_0147,0.30000000000000004,0.4758884322755315,24,0.6031986078730627,51.278333333333336,UNKNOWN,3239774,3000,DST_0147,51.278333333333336,UNKNOWN,DST_0147,51.278333333333336,UNKNOWN,OTHER
DST_0148,0.4254901960784314,0.46238945062819536,24,0.6889665254072332,56.37583333333333,UNKNOWN,4021243,3836,DST_0148,56.37583333333333,UNKNOWN,DST_0148,56.37583333333333,UNKNOWN,OTHER
DST_0149,0.48872549019607847,0.38873468236784486,24,0.6504908461796681,41.12291666666667,UNKNOWN,3682713,4235,DST_0149,41.12291666666667,UNKNOWN,DST_0149,41.12291666666667,UNKNOWN,OTHER
DST_0150,0.4549019607843137,0.4610261245911595,23,0.7081530448907993,44.504999999999995,UNKNOWN,3620268,3301,DST_0150,44.504999999999995,UNKNOWN,DST_0150,44.504999999999995,UNKNOWN,OTHER
DST_0151,0.6313725490196078,0.3618241290018751,24,0.6380804533271767,88.58125,RELIABLE,7214225,14255,DST_0151,88.58125,RELIABLE,DST_0151,88.58125,RELIABLE,OTHER
DST_0152,0.5465686274509804,0.6811346175326413,24,0.9007930439001849,73.59125,RELIABLE,6081322,11676,DST_0152,73.59125,RELIABLE,DST_0152,73.59125,RELIABLE,OTHER
DST_0153,0.7828431372549018,0.9305140013474963,24,0.6700993248157461,65.11916666666667,RELIABLE,4165626,6248,DST_0153,65.11916666666667,RELIABLE,DST_0153,65.11916666666667,RELIABLE,HIGH_OPPORTUNITY
DST_0154,0.8666666666666667,0.9268485604152441,24,0.730907850275484,65.09083333333334,RELIABLE,3804556,6132,DST_0154,65.09083333333334,RELIABLE,DST_0154,65.09083333333334,RELIABLE,HIGH_OPPORTUNITY
DST_0155,0.6014705882352942,0.4377038995878966,24,0.7222034269149447,39.08625,UNKNOWN,2880365,3957,DST_0155,39.08625,UNKNOWN,DST_0155,39.08625,UNKNOWN,OTHER
DST_0156,0.6151960784313726,0.42106197019891356,24,0.644155904621458,42.27791666666666,UNKNOWN,2160119,3088,DST_0156,42.27791666666666,UNKNOWN,DST_0156,42.27791666666666,UNKNOWN,OTHER
DST_0157,0.4245098039215687,0.43838590037693864,24,0.644487453716258,44.901250000000005,UNKNOWN,2743082,3461,DST_0157,44.901250000000005,UNKNOWN,DST_0157,44.901250000000005,UNKNOWN,OTHER
DST_0158,0.5259803921568628,0.5851257903408994,24,0.7101518133866146,14.074583333333335,UNKNOWN,1391753,1951,DST_0158,14.074583333333335,UNKNOWN,DST_0158,14.074583333333335,UNKNOWN,OTHER
DST_0159,0.4661764705882353,0.561097856791036,24,0.5425785788482498,11.340416666666668,UNKNOWN,2092745,2553,DST_0159,11.340416666666668,UNKNOWN,DST_0159,11.340416666666668,UNKNOWN,OTHER
DST_0160,0.5877450980392156,0.41598847708876924,24,0.6578114341900484,42.16375,UNKNOWN,1329672,2013,DST_0160,42.16375,UNKNOWN,DST_0160,42.16375,UNKNOWN,OTHER
DST_0161,0.5705882352941176,0.49323550377077435,24,0.6508520709606611,37.35,UNKNOWN,960329,1265,DST_0161,37.35,UNKNOWN,DST_0161,37.35,UNKNOWN,OTHER
DST_0162,0.38970588235294124,0.47345896833287915,24,0.6012267830105475,53.8725,UNKNOWN,1551019,1979,DST_0162,53.8725,UNKNOWN,DST_0162,53.8725,UNKNOWN,OTHER
DST_0163,0.471078431372549,0.46375798546165115,24,0.6422512505436708,41.05291666666667,UNKNOWN,1705678,2248,DST_0163,41.05291666666667,UNKNOWN,DST_0163,41.05291666666667,UNKNOWN,OTHER
DST_0164,0.27303921568627454,0.4258121772662408,24,0.6148223304219386,62.20458333333334,RELIABLE,585449,869,DST_0164,62.20458333333334,RELIABLE,DST_0164,62.20458333333334,RELIABLE,OTHER
DST_0165,0.6308823529411764,0.45943659374713314,24,0.8008794901589025,61.03541666666666,RELIABLE,2035064,2340,DST_0165,61.03541666666666,RELIABLE,DST_0165,61.03541666666666,RELIABLE,OTHER
DST_0166,0.25441176470588234,0.4496454667043653,24,0.6381307705642788,37.214166666666664,UNKNOWN,2092371,2699,DST_0166,37.214166666666664,UNKNOWN,DST_0166,37.214166666666664,UNKNOWN,OTHER
DST_0167,0.5401960784313725,0.39508499249711576,24,0.5441773834308702,41.88166666666667,UNKNOWN,3120506,3064,DST_0167,41.88166666666667,UNKNOWN,DST_0167,41.88166666666667,UNKNOWN,OTHER
DST_0168,0.6098039215686274,0.4155546623572907,24,0.6317182118014274,54.32125,UNKNOWN,1343734,1470,DST_0168,54.32125,UNKNOWN,DST_0168,54.32125,UNKNOWN,OTHER
DST_0169,0.6725490196078432,0.45766529938480344,24,0.6020514038177597,41.871249999999996,UNKNOWN,2428697,2452,DST_0169,41.871249999999996,UNKNOWN,DST_0169,41.871249999999996,UNKNOWN,OTHER
DST_0170,0.4553921568627451,0.566988336214268,24,0.8182370764721628,16.268333333333334,UNKNOWN,1039918,1006,DST_0170,16.268333333333334,UNKNOWN,DST_0170,16.268333333333334,UNKNOWN,OTHER
DST_0171,0.5068627450980392,0.4676112318182694,24,0.550458040921943,62.718333333333334,RELIABLE,2299885,2580,DST_0171,62.718333333333334,RELIABLE,DST_0171,62.718333333333334,RELIABLE,OTHER
DST_0172,0.31862745098039214,0.5983026854360537,24,0.6925847784507044,21.628333333333334,UNKNOWN,994624,934,DST_0172,21.628333333333334,UNKNOWN,DST_0172,21.628333333333334,UNKNOWN,OTHER
DST_0173,0.5294117647058824,0.4378519867018056,24,0.5941216860798915,49.199999999999996,UNKNOWN,2390776,2381,DST_0173,49.199999999999996,UNKNOWN,DST_0173,49.199999999999996,UNKNOWN,OTHER
DST_0174,0.03431372549019608,0.15518900029676577,17,0.7202777139942736,60.44416666666667,RELIABLE,2127086,1969,DST_0174,60.44416666666667,RELIABLE,DST_0174,60.44416666666667,RELIABLE,OTHER
DST_0175,0.24460784313725492,0.6112815422974108,24,0.605746905906029,25.50708333333333,UNKNOWN,1071831,962,DST_0175,25.50708333333333,UNKNOWN,DST_0175,25.50708333333333,UNKNOWN,OTHER
DST_0176,0.44754901960784316,0.5906806645419802,23,0.5829693231506299,16.919583333333332,UNKNOWN,590297,554,DST_0176,16.919583333333332,UNKNOWN,DST_0176,16.919583333333332,UNKNOWN,OTHER
DST_0177,0.4225490196078432,0.5745605541982374,24,0.5852360437967619,15.101666666666667,UNKNOWN,807022,758,DST_0177,15.101666666666667,UNKNOWN,DST_0177,15.101666666666667,UNKNOWN,OTHER
DST_0178,0.04558823529411765,0.10045421041000983,19,0.7072192546862098,49.94416666666667,UNKNOWN,228291,217,DST_0178,49.94416666666667,UNKNOWN,DST_0178,49.94416666666667,UNKNOWN,OTHER
DST_0179,0.6642156862745098,0.40676164403341514,24,0.6361732209801267,47.51958333333334,UNKNOWN,1217477,1451,DST_0179,47.51958333333334,UNKNOWN,DST_0179,47.51958333333334,UNKNOWN,OTHER
DST_0180,0.6475490196078432,0.4499105838171291,24,0.6156562753218987,48.38375,UNKNOWN,1514120,1762,DST_0180,48.38375,UNKNOWN,DST_0180,48.38375,UNKNOWN,OTHER
DST_0181,0.7338235294117647,0.4549437250638273,24,0.6250088799757942,56.80375,UNKNOWN,1756268,2093,DST_0181,56.80375,UNKNOWN,DST_0181,56.80375,UNKNOWN,OTHER
DST_0182,0.2803921568627451,0.49047977446956487,24,0.6016821058132148,55.31625,UNKNOWN,652556,823,DST_0182,55.31625,UNKNOWN,DST_0182,55.31625,UNKNOWN,OTHER
DST_0183,0.6480392156862744,0.4270655124984056,24,0.6566157810285114,64.93166666666666,RELIABLE,752484,896,DST_0183,64.93166666666666,RELIABLE,DST_0183,64.93166666666666,RELIABLE,OTHER
DST_0184,0.7142156862745098,0.37456379191293704,24,0.6112647412970111,83.06125,RELIABLE,4496694,9892,DST_0184,83.06125,RELIABLE,DST_0184,83.06125,RELIABLE,OTHER
DST_0185,0.5053921568627451,0.422411326224478,24,0.6283517757242039,46.845416666666665,UNKNOWN,10009781,15995,DST_0185,46.845416666666665,UNKNOWN,DST_0185,46.845416666666665,UNKNOWN,OTHER
DST_0186,0.23529411764705882,0.4475037635148766,24,0.6332902307662248,45.812916666666666,UNKNOWN,8161961,9500,DST_0186,45.812916666666666,UNKNOWN,DST_0186,45.812916666666666,UNKNOWN,OTHER
DST_0187,0.2338235294117647,0.5673917522485404,24,0.576752140726425,16.594583333333333,UNKNOWN,4850029,8157,DST_0187,16.594583333333333,UNKNOWN,DST_0187,16.594583333333333,UNKNOWN,OTHER
DST_0188,0.6004901960784313,0.6632379270980094,24,0.8897665036309597,64.43583333333333,RELIABLE,5519145,7428,DST_0188,64.43583333333333,RELIABLE,DST_0188,64.43583333333333,RELIABLE,HIGH_OPPORTUNITY
DST_0189,0.36617647058823527,0.4434434338259455,24,0.5782330208097219,40.53,UNKNOWN,5913457,5724,DST_0189,40.53,UNKNOWN,DST_0189,40.53,UNKNOWN,OTHER
DST_0190,0.32598039215686275,0.42692564038012476,24,0.6005096625907916,48.213750000000005,UNKNOWN,5095875,4932,DST_0190,48.213750000000005,UNKNOWN,DST_0190,48.213750000000005,UNKNOWN,OTHER
DST_0191,0.5068627450980392,0.4713848311008438,24,0.7289494464575923,47.430416666666666,UNKNOWN,4835532,6576,DST_0191,47.430416666666666,UNKNOWN,DST_0191,47.430416666666666,UNKNOWN,OTHER
DST_0192,0.9446078431372549,0.9246012898315672,24,0.6056202961642607,60.54291666666666,RELIABLE,2882031,5533,DST_0192,60.54291666666666,RELIABLE,DST_0192,60.54291666666666,RELIABLE,HIGH_OPPORTUNITY
DST_0193,0.2872549019607843,0.4118481001766447,24,0.6122554469001232,41.77583333333333,UNKNOWN,5167600,6159,DST_0193,41.77583333333333,UNKNOWN,DST_0193,41.77583333333333,UNKNOWN,OTHER
DST_0194,0.4357843137254902,0.4351245370376141,23,0.611079719209227,62.486250000000005,RELIABLE,7103808,7672,DST_0194,62.486250000000005,RELIABLE,DST_0194,62.486250000000005,RELIABLE,OTHER
DST_0195,0.4455882352941176,0.40929302362865094,24,0.6525471711351425,48.248333333333335,UNKNOWN,3988845,3972,DST_0195,48.248333333333335,UNKNOWN,DST_0195,48.248333333333335,UNKNOWN,OTHER
DST_0196,0.3289215686274509,0.47043721989450077,24,0.6104934314175903,61.32583333333333,RELIABLE,3872846,4562,DST_0196,61.32583333333333,RELIABLE,DST_0196,61.32583333333333,RELIABLE,OTHER
DST_0197,0.503921568627451,0.46572297015965836,24,0.6101026540253046,51.376666666666665,UNKNOWN,1846823,2485,DST_0197,51.376666666666665,UNKNOWN,DST_0197,51.376666666666665,UNKNOWN,OTHER
DST_0198,0.27303921568627454,0.45818060962581386,24,0.5554080525101064,36.348333333333336,UNKNOWN,251642,299,DST_0198,36.348333333333336,UNKNOWN,DST_0198,36.348333333333336,UNKNOWN,OTHER
DST_0199,0.3137254901960784,0.5886310341716888,24,0.6491273158658454,27.555000000000003,UNKNOWN,1491250,1568,DST_0199,27.555000000000003,UNKNOWN,DST_0199,27.555000000000003,UNKNOWN,OTHER
DST_0200,0.6470588235294117,0.44720554114819433,24,0.6634462458094672,60.55041666666667,RELIABLE,2819086,2649,DST_0200,60.55041666666667,RELIABLE,DST_0200,60.55041666666667,RELIABLE,OTHER
DST_0201,0.41617647058823526,0.4262817492120187,23,0.5950000018042361,64.54625,RELIABLE,3007134,2910,DST_0201,64.54625,RELIABLE,DST_0201,64.54625,RELIABLE,OTHER
DST_0202,0.35,0.5008247551195951,24,0.6344286506812578,62.1475,RELIABLE,1676276,1669,DST_0202,62.1475,RELIABLE,DST_0202,62.1475,RELIABLE,OTHER
DST_0203,0.015196078431372547,0.11748156958644286,19,0.6195227104678855,60.3175,RELIABLE,3502404,3439,DST_0203,60.3175,RELIABLE,DST_0203,60.3175,RELIABLE,OTHER
DST_0204,0.25049019607843137,0.37730315487073157,24,0.6168340289277231,40.606249999999996,UNKNOWN,3596674,3280,DST_0204,40.606249999999996,UNKNOWN,DST_0204,40.606249999999996,UNKNOWN,OTHER
DST_0205,0.00980392156862745,0.13053102561862884,18,0.6071775360816885,52.142500000000005,UNKNOWN,2930115,2877,DST_0205,52.142500000000005,UNKNOWN,DST_0205,52.142500000000005,UNKNOWN,OTHER
DST_0206,0.30392156862745096,0.5969785654510403,24,0.6578915238859806,16.932916666666667,UNKNOWN,1136548,1052,DST_0206,16.932916666666667,UNKNOWN,DST_0206,16.932916666666667,UNKNOWN,OTHER
DST_0207,0.8524509803921568,0.38004499655947543,24,0.583535367779832,83.76,RELIABLE,3943323,8675,DST_0207,83.76,RELIABLE,DST_0207,83.76,RELIABLE,OTHER
DST_0208,0.6044117647058823,0.4248423990362866,24,0.6037159446741498,36.9625,UNKNOWN,2440073,5060,DST_0208,36.9625,UNKNOWN,DST_0208,36.9625,UNKNOWN,OTHER
DST_0209,0.5279411764705882,0.5945054197349551,24,0.5577291636316245,12.164583333333333,UNKNOWN,2446265,3977,DST_0209,12.164583333333333,UNKNOWN,DST_0209,12.164583333333333,UNKNOWN,OTHER
DST_0210,0.5264705882352941,0.5702255705676167,24,0.5593888634761773,17.420416666666668,UNKNOWN,1527462,1970,DST_0210,17.420416666666668,UNKNOWN,DST_0210,17.420416666666668,UNKNOWN,OTHER
DST_0211,0.919607843137255,0.92840945492283,24,0.6027889458584502,60.32666666666666,RELIABLE,718338,946,DST_0211,60.32666666666666,RELIABLE,DST_0211,60.32666666666666,RELIABLE,HIGH_OPPORTUNITY
DST_0212,0.5558823529411765,0.4362053780623191,24,0.6110958999659984,59.23458333333334,UNKNOWN,1081852,1910,DST_0212,59.23458333333334,UNKNOWN,DST_0212,59.23458333333334,UNKNOWN,OTHER
DST_0213,0.9524509803921569,0.6580435345118696,24,0.8741368762110024,68.73666666666666,RELIABLE,1005711,1241,DST_0213,68.73666666666666,RELIABLE,DST_0213,68.73666666666666,RELIABLE,HIGH_OPPORTUNITY
DST_0214,0.39264705882352935,0.42192420969917643,24,0.6381433234510074,47.916666666666664,UNKNOWN,1571022,1916,DST_0214,47.916666666666664,UNKNOWN,DST_0214,47.916666666666664,UNKNOWN,OTHER
DST_0215,0.30098039215686273,0.471080302818459,24,0.6449857608928583,63.44875,RELIABLE,1401639,1572,DST_0215,63.44875,RELIABLE,DST_0215,63.44875,RELIABLE,OTHER
DST_0216,0.5343137254901961,0.4404329668416565,24,0.6101063210810087,65.73833333333333,RELIABLE,1618416,1589,DST_0216,65.73833333333333,RELIABLE,DST_0216,65.73833333333333,RELIABLE,OTHER
DST_0217,0.0196078431372549,0.1067489761698453,19,0.6626541937891959,54.43208333333333,UNKNOWN,1486777,1626,DST_0217,54.43208333333333,UNKNOWN,DST_0217,54.43208333333333,UNKNOWN,OTHER
DST_0218,0.12205882352941178,0.5930419964683012,24,0.6421870879371414,24.328333333333333,UNKNOWN,1099526,1110,DST_0218,24.328333333333333,UNKNOWN,DST_0218,24.328333333333333,UNKNOWN,OTHER
DST_0219,0.2549019607843137,0.6199737058406435,24,0.6556413688828926,15.862499999999999,UNKNOWN,1012065,1008,DST_0219,15.862499999999999,UNKNOWN,DST_0219,15.862499999999999,UNKNOWN,OTHER
DST_0220,0.46715686274509804,0.4955368213540605,24,0.6606179316665637,43.752916666666664,UNKNOWN,985417,1091,DST_0220,43.752916666666664,UNKNOWN,DST_0220,43.752916666666664,UNKNOWN,OTHER
DST_0221,0.4759803921568627,0.5731263557943777,24,0.6298659489803692,27.53916666666667,UNKNOWN,972625,955,DST_0221,27.53916666666667,UNKNOWN,DST_0221,27.53916666666667,UNKNOWN,OTHER
DST_0222,0.48921568627450973,0.47445883933292365,22,0.5988638689773118,52.465833333333336,UNKNOWN,807037,1142,DST_0222,52.465833333333336,UNKNOWN,DST_0222,52.465833333333336,UNKNOWN,OTHER
DST_0223,0.40441176470588236,0.4788339690993339,24,0.5546246180827625,51.185833333333335,UNKNOWN,709418,776,DST_0223,51.185833333333335,UNKNOWN,DST_0223,51.185833333333335,UNKNOWN,OTHER
DST_0224,0.6259803921568627,0.4501312609966426,24,0.6213665730768227,57.18541666666667,UNKNOWN,1069261,1334,DST_0224,57.18541666666667,UNKNOWN,DST_0224,57.18541666666667,UNKNOWN,OTHER
DST_0225,0.582843137254902,0.3920904880378131,24,0.6945977558628412,36.483333333333334,UNKNOWN,795332,1059,DST_0225,36.483333333333334,UNKNOWN,DST_0225,36.483333333333334,UNKNOWN,OTHER
DST_0226,0.22107843137254904,0.5760754188437615,24,0.6082968020850175,22.57166666666667,UNKNOWN,927140,910,DST_0226,22.57166666666667,UNKNOWN,DST_0226,22.57166666666667,UNKNOWN,OTHER
DST_0227,0.14656862745098037,0.6085733580895263,24,0.5663490088441598,21.364583333333332,UNKNOWN,893308,839,DST_0227,21.364583333333332,UNKNOWN,DST_0227,21.364583333333332,UNKNOWN,OTHER
DST_0228,0.1926470588235294,0.5672528536689291,23,0.7538738273591565,26.805000000000003,UNKNOWN,577758,591,DST_0228,26.805000000000003,UNKNOWN,DST_0228,26.805000000000003,UNKNOWN,OTHER
DST_0229,0.13088235294117648,0.6062804502131572,24,0.69414504593133,16.204583333333336,UNKNOWN,609990,573,DST_0229,16.204583333333336,UNKNOWN,DST_0229,16.204583333333336,UNKNOWN,OTHER
DST_0230,0.3357843137254902,0.6124121924891704,23,0.7176057823956064,26.879166666666666,UNKNOWN,767428,699,DST_0230,26.879166666666666,UNKNOWN,DST_0230,26.879166666666666,UNKNOWN,OTHER
DST_0231,0.2122549019607843,0.39465243561747415,24,0.6280897659848972,37.567083333333336,UNKNOWN,552037,603,DST_0231,37.567083333333336,UNKNOWN,DST_0231,37.567083333333336,UNKNOWN,OTHER
DST_0232,0.19215686274509802,0.5896315960986014,24,0.6182302402286113,16.665416666666665,UNKNOWN,416763,380,DST_0232,16.665416666666665,UNKNOWN,DST_0232,16.665416666666665,UNKNOWN,OTHER
DST_0233,0.36715686274509807,0.6220119376793801,24,0.6266964031431307,22.207916666666666,UNKNOWN,566376,556,DST_0233,22.207916666666666,UNKNOWN,DST_0233,22.207916666666666,UNKNOWN,OTHER
DST_0234,0.30294117647058827,0.6198584822082096,24,0.725844956158657,23.12875,UNKNOWN,257744,220,DST_0234,23.12875,UNKNOWN,DST_0234,23.12875,UNKNOWN,OTHER
DST_0235,0.3186274509803922,0.5583965131906337,24,0.5982455274381205,17.15625,UNKNOWN,739448,767,DST_0235,17.15625,UNKNOWN,DST_0235,17.15625,UNKNOWN,OTHER
DST_0236,0.296078431372549,0.6087305115454261,24,0.7363715677642902,15.589583333333332,UNKNOWN,774549,728,DST_0236,15.589583333333332,UNKNOWN,DST_0236,15.589583333333332,UNKNOWN,OTHER
DST_0237,0.12009803921568629,0.6253106504239153,24,0.6055337214565297,26.194999999999997,UNKNOWN,515812,535,DST_0237,26.194999999999997,UNKNOWN,DST_0237,26.194999999999997,UNKNOWN,OTHER
DST_0238,0.3848039215686274,0.5820591955457467,24,0.9010832366736663,17.917083333333334,UNKNOWN,566874,548,DST_0238,17.917083333333334,UNKNOWN,DST_0238,17.917083333333334,UNKNOWN,OTHER
DST_0239,0.5906862745098039,0.4426841297762559,24,0.6277914853033044,52.419999999999995,UNKNOWN,6626178,10124,DST_0239,52.419999999999995,UNKNOWN,DST_0239,52.419999999999995,UNKNOWN,OTHER
DST_0240,0.39950980392156865,0.4673118844243598,24,0.6134609551862162,53.63666666666666,UNKNOWN,3687002,4704,DST_0240,53.63666666666666,UNKNOWN,DST_0240,53.63666666666666,UNKNOWN,OTHER
DST_0241,0.9686274509803923,0.6674860923701722,24,0.8468289332801751,68.01291666666667,RELIABLE,1951014,3199,DST_0241,68.01291666666667,RELIABLE,DST_0241,68.01291666666667,RELIABLE,HIGH_OPPORTUNITY
DST_0242,0.31519607843137254,0.4736370177380604,24,0.6079525956415193,52.82833333333334,UNKNOWN,2363937,3016,DST_0242,52.82833333333334,UNKNOWN,DST_0242,52.82833333333334,UNKNOWN,OTHER
DST_0243,0.9333333333333333,0.6567107760844606,24,0.8747856401711457,70.20833333333333,RELIABLE,2583052,3512,DST_0243,70.20833333333333,RELIABLE,DST_0243,70.20833333333333,RELIABLE,HIGH_OPPORTUNITY
DST_0244,0.8612745098039215,0.9279735350898389,23,0.5723748056399005,73.79916666666666,RELIABLE,3068420,3313,DST_0244,73.79916666666666,RELIABLE,DST_0244,73.79916666666666,RELIABLE,HIGH_OPPORTUNITY
DST_0245,0.4970588235294118,0.4117423730250051,23,0.6099840172806256,41.930416666666666,UNKNOWN,2408523,2634,DST_0245,41.930416666666666,UNKNOWN,DST_0245,41.930416666666666,UNKNOWN,OTHER
DST_0246,0.8529411764705883,0.9290787536675932,24,0.6701388830632564,69.42958333333333,RELIABLE,3674179,3865,DST_0246,69.42958333333333,RELIABLE,DST_0246,69.42958333333333,RELIABLE,HIGH_OPPORTUNITY
DST_0247,0.4681372549019608,0.56768499344953,23,0.6042132396800561,10.704166666666666,UNKNOWN,2677333,3041,DST_0247,10.704166666666666,UNKNOWN,DST_0247,10.704166666666666,UNKNOWN,OTHER
DST_0248,0.7362745098039216,0.44104519355641775,24,0.7386658642399846,47.245000000000005,UNKNOWN,2548462,2716,DST_0248,47.245000000000005,UNKNOWN,DST_0248,47.245000000000005,UNKNOWN,OTHER
DST_0249,0.6102941176470589,0.4800305065814989,24,0.7162087136608313,54.76541666666666,UNKNOWN,2038533,2287,DST_0249,54.76541666666666,UNKNOWN,DST_0249,54.76541666666666,UNKNOWN,OTHER
DST_0250,0.46372549019607845,0.44110492241730875,24,0.6180508867104213,43.50958333333333,UNKNOWN,1969168,2319,DST_0250,43.50958333333333,UNKNOWN,DST_0250,43.50958333333333,UNKNOWN,OTHER
DST_0251,0.6122549019607844,0.4515236120136519,24,0.6204940397894193,44.010416666666664,UNKNOWN,2137045,2397,DST_0251,44.010416666666664,UNKNOWN,DST_0251,44.010416666666664,UNKNOWN,OTHER
DST_0252,0.4661764705882353,0.47425203652142484,24,0.6147698986722239,57.90708333333333,UNKNOWN,1774692,1916,DST_0252,57.90708333333333,UNKNOWN,DST_0252,57.90708333333333,UNKNOWN,OTHER
DST_0253,0.638235294117647,0.4072331188914062,24,0.5527458825500222,36.83208333333334,UNKNOWN,1544338,1624,DST_0253,36.83208333333334,UNKNOWN,DST_0253,36.83208333333334,UNKNOWN,OTHER
DST_0254,0.7916666666666667,0.45262085918350026,23,0.6638325412510446,48.637499999999996,UNKNOWN,1421411,1574,DST_0254,48.637499999999996,UNKNOWN,DST_0254,48.637499999999996,UNKNOWN,OTHER
DST_0255,0.544607843137255,0.41991754512027124,24,0.6297408433876415,64.8,RELIABLE,3307743,3526,DST_0255,64.8,RELIABLE,DST_0255,64.8,RELIABLE,OTHER
DST_0256,0.3063725490196078,0.3784379100478079,23,0.6043445726931156,65.40708333333333,RELIABLE,2039547,2431,DST_0256,65.40708333333333,RELIABLE,DST_0256,65.40708333333333,RELIABLE,OTHER
DST_0257,0.31029411764705883,0.40975482294979093,24,0.6465215367833852,38.069583333333334,UNKNOWN,1110906,1199,DST_0257,38.069583333333334,UNKNOWN,DST_0257,38.069583333333334,UNKNOWN,OTHER
DST_0258,0.3784313725490196,0.40330557710978865,24,0.6604277433793762,42.01416666666667,UNKNOWN,1222755,1337,DST_0258,42.01416666666667,UNKNOWN,DST_0258,42.01416666666667,UNKNOWN,OTHER
DST_0259,0.3480392156862745,0.44311071219355247,24,0.6211897308455414,43.568333333333335,UNKNOWN,1631061,1578,DST_0259,43.568333333333335,UNKNOWN,DST_0259,43.568333333333335,UNKNOWN,OTHER
DST_0260,0.27598039215686276,0.5780923918846348,24,0.6378554833785971,27.107916666666668,UNKNOWN,1156597,1184,DST_0260,27.107916666666668,UNKNOWN,DST_0260,27.107916666666668,UNKNOWN,OTHER
DST_0261,0.2068627450980392,0.5996723464707368,24,0.6805536967174277,26.912499999999998,UNKNOWN,1388552,1227,DST_0261,26.912499999999998,UNKNOWN,DST_0261,26.912499999999998,UNKNOWN,OTHER
DST_0262,0.36127450980392156,0.42326457919490634,24,0.5759372281239159,61.31,RELIABLE,1797485,1614,DST_0262,61.31,RELIABLE,DST_0262,61.31,RELIABLE,OTHER
DST_0263,0.46225490196078434,0.45124201581071915,24,0.6640989065066808,46.14458333333334,UNKNOWN,1828730,1667,DST_0263,46.14458333333334,UNKNOWN,DST_0263,46.14458333333334,UNKNOWN,OTHER
DST_0264,0.7127450980392157,0.4412309926337253,24,0.691046053320928,40.33541666666667,UNKNOWN,1036346,1119,DST_0264,40.33541666666667,UNKNOWN,DST_0264,40.33541666666667,UNKNOWN,OTHER
DST_0265,0.5705882352941176,0.45050396483786354,24,0.6256336308830683,60.05791666666667,RELIABLE,1335551,1442,DST_0265,60.05791666666667,RELIABLE,DST_0265,60.05791666666667,RELIABLE,OTHER
DST_0266,0.19215686274509802,0.6217106423734277,24,0.673415267125616,23.878333333333334,UNKNOWN,1458248,1472,DST_0266,23.878333333333334,UNKNOWN,DST_0266,23.878333333333334,UNKNOWN,OTHER
DST_0267,0.6318627450980392,0.4427811015741481,23,0.7339516279193847,53.0825,UNKNOWN,1206516,1319,DST_0267,53.0825,UNKNOWN,DST_0267,53.0825,UNKNOWN,OTHER
DST_0268,0.432843137254902,0.5377224396229612,24,0.6403299042060133,28.325416666666666,UNKNOWN,669919,657,DST_0268,28.325416666666666,UNKNOWN,DST_0268,28.325416666666666,UNKNOWN,OTHER
DST_0269,0.029901960784313727,0.11819702789915688,17,0.5924132160410003,56.2775,UNKNOWN,2603751,2338,DST_0269,56.2775,UNKNOWN,DST_0269,56.2775,UNKNOWN,OTHER
DST_0270,0.3034313725490196,0.620555407595242,24,0.5937966411189954,13.633333333333333,UNKNOWN,867848,791,DST_0270,13.633333333333333,UNKNOWN,DST_0270,13.633333333333333,UNKNOWN,OTHER
DST_0271,0.9142156862745098,0.930130816549594,24,0.6403170968735351,70.21541666666667,RELIABLE,2315000,4606,DST_0271,70.21541666666667,RELIABLE,DST_0271,70.21541666666667,RELIABLE,HIGH_OPPORTUNITY
DST_0272,0.9583333333333333,0.6677405949217836,24,0.891312479840682,65.16625,RELIABLE,2218000,3948,DST_0272,65.16625,RELIABLE,DST_0272,65.16625,RELIABLE,HIGH_OPPORTUNITY
DST_0273,0.9549019607843138,0.6561216686728497,24,0.884282930357628,73.24041666666666,RELIABLE,2091000,3575,DST_0273,73.24041666666666,RELIABLE,DST_0273,73.24041666666666,RELIABLE,HIGH_OPPORTUNITY
DST_0274,0.5098039215686274,0.5788494307432704,24,0.682873482897409,17.174583333333334,UNKNOWN,2196000,3140,DST_0274,17.174583333333334,UNKNOWN,DST_0274,17.174583333333334,UNKNOWN,OTHER
DST_0275,0.5558823529411765,0.4491682980639973,23,0.6032835231999945,39.76791666666667,UNKNOWN,2092000,2845,DST_0275,39.76791666666667,UNKNOWN,DST_0275,39.76791666666667,UNKNOWN,OTHER
DST_0276,0.5627450980392157,0.457729539789355,24,0.6352413053205715,39.096666666666664,UNKNOWN,2271000,3024,DST_0276,39.096666666666664,UNKNOWN,DST_0276,39.096666666666664,UNKNOWN,OTHER
DST_0277,0.5127450980392156,0.43816741822542754,24,0.601533086427854,39.02708333333333,UNKNOWN,2469000,3185,DST_0277,39.02708333333333,UNKNOWN,DST_0277,39.02708333333333,UNKNOWN,OTHER
DST_0278,0.4151960784313725,0.45630265292341293,24,0.5759448501648838,50.87166666666667,UNKNOWN,2060000,2686,DST_0278,50.87166666666667,UNKNOWN,DST_0278,50.87166666666667,UNKNOWN,OTHER
DST_0279,0.5406862745098039,0.414215629604584,24,0.5844524133242637,44.302083333333336,UNKNOWN,2241000,2796,DST_0279,44.302083333333336,UNKNOWN,DST_0279,44.302083333333336,UNKNOWN,OTHER
DST_0280,0.5240196078431373,0.4635896813545335,24,0.6382771421281751,52.779583333333335,UNKNOWN,2071000,2468,DST_0280,52.779583333333335,UNKNOWN,DST_0280,52.779583333333335,UNKNOWN,OTHER
DST_0281,0.45539215686274503,0.49367223948181455,24,0.5920476762263641,55.56041666666667,UNKNOWN,1832000,2440,DST_0281,55.56041666666667,UNKNOWN,DST_0281,55.56041666666667,UNKNOWN,OTHER
DST_0282,0.4759803921568627,0.441685756633079,24,0.6365714445321848,41.53916666666667,UNKNOWN,2288000,2535,DST_0282,41.53916666666667,UNKNOWN,DST_0282,41.53916666666667,UNKNOWN,OTHER
DST_0283,0.4985294117647059,0.4610334361337327,24,0.6171929955289698,53.65625,UNKNOWN,2191000,2304,DST_0283,53.65625,UNKNOWN,DST_0283,53.65625,UNKNOWN,OTHER
DST_0284,0.4573529411764705,0.4303877472268147,23,0.5835800330162321,43.10166666666667,UNKNOWN,1930000,2165,DST_0284,43.10166666666667,UNKNOWN,DST_0284,43.10166666666667,UNKNOWN,OTHER
DST_0285,0.2892156862745098,0.38912006081158046,22,0.6301614405467666,49.63791666666666,UNKNOWN,1872000,2152,DST_0285,49.63791666666666,UNKNOWN,DST_0285,49.63791666666666,UNKNOWN,OTHER
DST_0286,0.5004901960784314,0.4070603996333789,23,0.6219819366067006,62.13041666666666,RELIABLE,1781000,2023,DST_0286,62.13041666666666,RELIABLE,DST_0286,62.13041666666666,RELIABLE,OTHER
DST_0287,0.5098039215686274,0.4693855456049156,24,0.616256177220154,60.03791666666667,RELIABLE,1735000,2019,DST_0287,60.03791666666667,RELIABLE,DST_0287,60.03791666666667,RELIABLE,OTHER
DST_0288,0.6911764705882353,0.47582843526913426,24,0.5656402276261514,38.168749999999996,UNKNOWN,2041000,2347,DST_0288,38.168749999999996,UNKNOWN,DST_0288,38.168749999999996,UNKNOWN,OTHER
DST_0289,0.4088235294117647,0.4800496306256496,24,0.6169078102224748,47.32,UNKNOWN,1586000,1735,DST_0289,47.32,UNKNOWN,DST_0289,47.32,UNKNOWN,OTHER
DST_0290,0.5563725490196079,0.40568914473593626,23,0.6871224486738909,42.73166666666666,UNKNOWN,1779000,2070,DST_0290,42.73166666666666,UNKNOWN,DST_0290,42.73166666666666,UNKNOWN,OTHER
DST_0291,0.5078431372549019,0.39667122266935717,24,0.6221806182448961,35.62166666666667,UNKNOWN,1726000,2105,DST_0291,35.62166666666667,UNKNOWN,DST_0291,35.62166666666667,UNKNOWN,OTHER
DST_0292,0.5397058823529413,0.38992985283298753,24,0.6348107070404398,57.67583333333334,UNKNOWN,1840000,2038,DST_0292,57.67583333333334,UNKNOWN,DST_0292,57.67583333333334,UNKNOWN,OTHER
DST_0293,0.4387254901960784,0.4292901562341737,24,0.5837063926186675,54.645,UNKNOWN,1697000,1832,DST_0293,54.645,UNKNOWN,DST_0293,54.645,UNKNOWN,OTHER
DST_0294,0.5367647058823529,0.513827512581121,23,0.5769509375432523,42.69083333333333,UNKNOWN,1719000,1736,DST_0294,42.69083333333333,UNKNOWN,DST_0294,42.69083333333333,UNKNOWN,OTHER
DST_0295,0.4259803921568628,0.583362302699674,24,0.8188685694484612,24.211250000000003,UNKNOWN,925000,921,DST_0295,24.211250000000003,UNKNOWN,DST_0295,24.211250000000003,UNKNOWN,OTHER
DST_0296,0.023529411764705882,0.1424786056777177,16,0.5629727072514179,54.27125,UNKNOWN,953000,869,DST_0296,54.27125,UNKNOWN,DST_0296,54.27125,UNKNOWN,OTHER
DST_0297,0.9299019607843138,0.6681036413719633,24,0.8598116977312089,68.48875,RELIABLE,3276697,6016,DST_0297,68.48875,RELIABLE,DST_0297,68.48875,RELIABLE,HIGH_OPPORTUNITY
DST_0298,0.6245098039215686,0.45029358659219304,24,0.6915925524147271,36.310833333333335,UNKNOWN,2371061,4585,DST_0298,36.310833333333335,UNKNOWN,DST_0298,36.310833333333335,UNKNOWN,OTHER
DST_0299,0.9220588235294118,0.6726655671944985,23,0.8618764751428217,60.99208333333333,RELIABLE,2463289,3970,DST_0299,60.99208333333333,RELIABLE,DST_0299,60.99208333333333,RELIABLE,HIGH_OPPORTUNITY
DST_0300,0.6911764705882353,0.4555362726272558,24,0.6269985827001852,61.73375000000001,RELIABLE,2032036,3417,DST_0300,61.73375000000001,RELIABLE,DST_0300,61.73375000000001,RELIABLE,OTHER
DST_0301,0.9083333333333332,0.9331183626593318,24,0.6646036220318114,73.36708333333333,RELIABLE,1986864,2674,DST_0301,73.36708333333333,RELIABLE,DST_0301,73.36708333333333,RELIABLE,HIGH_OPPORTUNITY
DST_0302,0.509313725490196,0.43159606618476065,24,0.6012668188809648,51.91375,UNKNOWN,2378458,2901,DST_0302,51.91375,UNKNOWN,DST_0302,51.91375,UNKNOWN,OTHER
DST_0303,0.5740196078431373,0.5747195890950766,24,0.6329983084930151,16.449166666666667,UNKNOWN,1563715,1885,DST_0303,16.449166666666667,UNKNOWN,DST_0303,16.449166666666667,UNKNOWN,OTHER
DST_0304,0.6044117647058824,0.41059684507174304,24,0.6310646269831419,52.42291666666667,UNKNOWN,2228935,2438,DST_0304,52.42291666666667,UNKNOWN,DST_0304,52.42291666666667,UNKNOWN,OTHER
DST_0305,0.6838235294117647,0.43865383440366884,24,0.6143356705169114,39.40083333333333,UNKNOWN,1455069,1775,DST_0305,39.40083333333333,UNKNOWN,DST_0305,39.40083333333333,UNKNOWN,OTHER
DST_0306,0.4495098039215686,0.4364359160151167,24,0.6349265414684147,38.944583333333334,UNKNOWN,2365106,2454,DST_0306,38.944583333333334,UNKNOWN,DST_0306,38.944583333333334,UNKNOWN,OTHER
DST_0307,0.28921568627450983,0.618675011386631,24,0.5979315443490982,17.550833333333333,UNKNOWN,1178272,1256,DST_0307,17.550833333333333,UNKNOWN,DST_0307,17.550833333333333,UNKNOWN,OTHER
DST_0308,0.5053921568627451,0.4856916361825603,24,0.5956575004070457,62.03958333333333,RELIABLE,1292042,1413,DST_0308,62.03958333333333,RELIABLE,DST_0308,62.03958333333333,RELIABLE,OTHER
DST_0309,0.3931372549019608,0.4585086337028406,23,0.5830662233954287,58.880833333333335,UNKNOWN,1310061,1414,DST_0309,58.880833333333335,UNKNOWN,DST_0309,58.880833333333335,UNKNOWN,OTHER
DST_0310,0.5897058823529412,0.4055800424255722,24,0.6287686627064505,60.82749999999999,RELIABLE,1965970,2233,DST_0310,60.82749999999999,RELIABLE,DST_0310,60.82749999999999,RELIABLE,OTHER
DST_0311,0.8691176470588236,0.3695801473675336,23,0.6388667003262497,61.97208333333333,RELIABLE,1703005,1958,DST_0311,61.97208333333333,RELIABLE,DST_0311,61.97208333333333,RELIABLE,OTHER
DST_0312,0.5926470588235294,0.4700633785698103,24,0.6671838763809285,41.34875,UNKNOWN,2090922,2375,DST_0312,41.34875,UNKNOWN,DST_0312,41.34875,UNKNOWN,OTHER
DST_0313,0.8848039215686274,0.464044310413648,23,0.6731613718282218,41.915416666666665,UNKNOWN,1241519,1427,DST_0313,41.915416666666665,UNKNOWN,DST_0313,41.915416666666665,UNKNOWN,OTHER
DST_0314,0.5299019607843137,0.4669436613298595,24,0.6355692983498713,38.027499999999996,UNKNOWN,1726050,1791,DST_0314,38.027499999999996,UNKNOWN,DST_0314,38.027499999999996,UNKNOWN,OTHER
DST_0315,0.5936274509803922,0.4833605549039492,24,0.6034788359518513,58.61083333333334,UNKNOWN,1458875,1636,DST_0315,58.61083333333334,UNKNOWN,DST_0315,58.61083333333334,UNKNOWN,OTHER
DST_0316,0.5862745098039216,0.46154994553709333,24,0.5881776576115012,61.67625,RELIABLE,1264219,1365,DST_0316,61.67625,RELIABLE,DST_0316,61.67625,RELIABLE,OTHER
DST_0317,0.4004901960784314,0.45911443836759114,24,0.5782444217491916,47.23833333333334,UNKNOWN,1340411,1466,DST_0317,47.23833333333334,UNKNOWN,DST_0317,47.23833333333334,UNKNOWN,OTHER
DST_0318,0.4323529411764706,0.4414082483656671,24,0.605431458586424,53.865,UNKNOWN,1874309,1919,DST_0318,53.865,UNKNOWN,DST_0318,53.865,UNKNOWN,OTHER
DST_0319,0.41323529411764703,0.40217504799252385,24,0.5856001100572237,40.04333333333333,UNKNOWN,826067,1007,DST_0319,40.04333333333333,UNKNOWN,DST_0319,40.04333333333333,UNKNOWN,OTHER
DST_0320,0.7519607843137255,0.4176900229723939,24,0.5402812335905187,62.67333333333334,RELIABLE,1241350,1531,DST_0320,62.67333333333334,RELIABLE,DST_0320,62.67333333333334,RELIABLE,OTHER
DST_0321,0.1823529411764706,0.1437077351175406,15,0.6163650063638496,60.98,RELIABLE,1016520,998,DST_0321,60.98,RELIABLE,DST_0321,60.98,RELIABLE,OTHER
DST_0322,0.403921568627451,0.5877882316165975,24,0.6812348398801497,27.832916666666666,UNKNOWN,1311332,1397,DST_0322,27.832916666666666,UNKNOWN,DST_0322,27.832916666666666,UNKNOWN,OTHER
DST_0323,0.6735294117647059,0.4512770438522027,24,0.7481085558926435,59.54208333333333,UNKNOWN,1575362,1701,DST_0323,59.54208333333333,UNKNOWN,DST_0323,59.54208333333333,UNKNOWN,OTHER
DST_0324,0.29901960784313725,0.6017954432085267,24,0.8231882210811861,26.102500000000003,UNKNOWN,1379131,1334,DST_0324,26.102500000000003,UNKNOWN,DST_0324,26.102500000000003,UNKNOWN,OTHER
DST_0325,0.4647058823529412,0.459213102474147,23,0.6662522791911079,35.24125,UNKNOWN,786725,882,DST_0325,35.24125,UNKNOWN,DST_0325,35.24125,UNKNOWN,OTHER
DST_0326,0.6215686274509804,0.47642892146446786,24,0.6365941281489309,56.75958333333333,UNKNOWN,2185793,2330,DST_0326,56.75958333333333,UNKNOWN,DST_0326,56.75958333333333,UNKNOWN,OTHER
DST_0327,0.5985294117647059,0.44574922693260755,24,0.6776925649373762,45.030833333333334,UNKNOWN,3301427,5137,DST_0327,45.030833333333334,UNKNOWN,DST_0327,45.030833333333334,UNKNOWN,OTHER
DST_0328,0.5181372549019608,0.5774395971877517,24,0.6319116309526498,16.712083333333332,UNKNOWN,3282388,5750,DST_0328,16.712083333333332,UNKNOWN,DST_0328,16.712083333333332,UNKNOWN,OTHER
DST_0329,0.865686274509804,0.928676161200475,24,0.6038175684587346,71.46458333333334,RELIABLE,3086293,5363,DST_0329,71.46458333333334,RELIABLE,DST_0329,71.46458333333334,RELIABLE,HIGH_OPPORTUNITY
DST_0330,0.9303921568627451,0.662416708031781,24,0.8877260617518017,76.81916666666667,RELIABLE,3121200,5424,DST_0330,76.81916666666667,RELIABLE,DST_0330,76.81916666666667,RELIABLE,HIGH_OPPORTUNITY
DST_0331,0.5333333333333333,0.4463213435238471,23,0.6009592939634533,58.925000000000004,UNKNOWN,2635375,3768,DST_0331,58.925000000000004,UNKNOWN,DST_0331,58.925000000000004,UNKNOWN,OTHER
DST_0332,0.6642156862745098,0.5008171739129385,24,0.6043880012214937,42.624583333333334,UNKNOWN,2523003,4314,DST_0332,42.624583333333334,UNKNOWN,DST_0332,42.624583333333334,UNKNOWN,OTHER
DST_0333,0.43676470588235294,0.4534435727090025,24,0.6131570471823747,58.93375,UNKNOWN,2809934,3192,DST_0333,58.93375,UNKNOWN,DST_0333,58.93375,UNKNOWN,OTHER
DST_0334,0.5960784313725491,0.49836328503202515,24,0.6136702235604898,37.663333333333334,UNKNOWN,2127789,3310,DST_0334,37.663333333333334,UNKNOWN,DST_0334,37.663333333333334,UNKNOWN,OTHER
DST_0335,0.40147058823529413,0.4790303404549447,24,0.642549017570313,60.73833333333334,RELIABLE,1974551,2381,DST_0335,60.73833333333334,RELIABLE,DST_0335,60.73833333333334,RELIABLE,OTHER
DST_0336,0.2642156862745098,0.48481448543095085,23,0.6161122159466832,60.68333333333334,RELIABLE,4112920,5823,DST_0336,60.68333333333334,RELIABLE,DST_0336,60.68333333333334,RELIABLE,OTHER
DST_0337,0.40147058823529413,0.4372178449470497,24,0.6344064597264666,41.124583333333334,UNKNOWN,1307375,1759,DST_0337,41.124583333333334,UNKNOWN,DST_0337,41.124583333333334,UNKNOWN,OTHER
DST_0338,0.2980392156862745,0.6285180253043843,24,0.5637909918360244,25.370416666666667,UNKNOWN,1197412,1142,DST_0338,25.370416666666667,UNKNOWN,DST_0338,25.370416666666667,UNKNOWN,OTHER
DST_0339,0.4549019607843138,0.6079760025200841,24,0.7820936228136297,19.36916666666667,UNKNOWN,1108974,964,DST_0339,19.36916666666667,UNKNOWN,DST_0339,19.36916666666667,UNKNOWN,OTHER
DST_0340,0.033823529411764704,0.13908974808010202,19,0.6311155018946304,47.70458333333334,UNKNOWN,817420,699,DST_0340,47.70458333333334,UNKNOWN,DST_0340,47.70458333333334,UNKNOWN,OTHER
