district_id,Category_Velocity,Estimated_Total_Retail_Universe,Velocity_per_Retail_Outlet,Category_Velocity_Score,district_id_normalized,Audience_Signal,Demand_Signal,District_ID,Mean_Distribution_Gap,Valid_Audit_Cycles
DST_0001,10574067.481186667,18500,571.5712151992793,0.9411764705882353,DST_0001,0.049019607843137254,0.4950980392156863,DST_0001,0.3651084395292642,23
DST_0002,4038331.216666667,6787,595.0097563970336,0.9441176470588235,DST_0002,0.9088235294117647,0.9264705882352942,DST_0002,0.3784997734846147,24
DST_0003,8839758.900649166,15596,566.7965440272612,0.9352941176470588,DST_0003,0.3323529411764706,0.6338235294117647,DST_0003,0.36911897154047413,24
DST_0004,5113577.29688,15155,337.41849534015176,0.8470588235294118,DST_0004,0.059803921568627454,0.4534313725490196,DST_0004,0.4380375202462465,24
DST_0005,198780.62593916667,4401,45.167149724873134,0.15,DST_0005,0.846078431372549,0.4980392156862745,DST_0005,0.5767653509441684,24
DST_0006,3042545.350275833,8153,373.1810806176663,0.8705882352941177,DST_0006,0.1568627450980392,0.5137254901960784,DST_0006,0.4654636559996163,24
DST_0007,3002475.258741667,8562,350.6745221609048,0.8558823529411764,DST_0007,0.17450980392156865,0.5151960784313725,DST_0007,0.9309446701428855,24
DST_0008,2564127.9631783334,5241,489.2440303717484,0.9176470588235294,DST_0008,0.8294117647058824,0.8735294117647059,DST_0008,0.9265534524573217,24
DST_0009,8706946.727852082,4837,1800.0716824172177,0.9735294117647059,DST_0009,0.6499999999999999,0.8117647058823529,DST_0009,0.6726206181500823,23
DST_0010,1021970.4315866666,5388,189.6752842588468,0.3264705882352941,DST_0010,0.24215686274509807,0.28431372549019607,DST_0010,0.45291181441987044,24
DST_0011,1028051.7614229167,4906,209.54989022073312,0.5176470588235295,DST_0011,0.1372549019607843,0.32745098039215687,DST_0011,0.5002028262447588,24
DST_0012,648579.8153983334,3201,202.61787422628348,0.4647058823529412,DST_0012,0.4980392156862745,0.48137254901960785,DST_0012,0.44276287947116894,24
DST_0013,649817.3692333334,3245,200.25188574216745,0.4323529411764706,DST_0013,0.38235294117647056,0.4073529411764706,DST_0013,0.4411206673906123,24
DST_0014,913082.5299483334,5278,172.997826818555,0.2411764705882353,DST_0014,0.14411764705882354,0.19264705882352942,DST_0014,0.4673855569214833,24
DST_0015,1014477.307535,3766,269.3779361484334,0.7794117647058824,DST_0015,0.5137254901960785,0.6465686274509804,DST_0015,0.4016479636668921,24
DST_0016,1081227.4945820833,3959,273.1062123218195,0.8058823529411765,DST_0016,0.4941176470588235,0.65,DST_0016,0.39038459513118057,24
DST_0017,693108.5717166667,3471,199.68555797080572,0.4235294117647059,DST_0017,0.4803921568627451,0.4519607843137255,DST_0017,0.4974374392415141,23
DST_0018,369061.19940000004,1653,223.26751324863886,0.6029411764705882,DST_0018,0.6127450980392157,0.607843137254902,DST_0018,0.43721024320573826,24
DST_0019,28673.66025,834,34.38088758992806,0.05,DST_0019,0.5352941176470588,0.2926470588235294,DST_0019,0.6180032746035794,24
DST_0020,544976.8248920833,2843,191.69075796415171,0.3382352941176471,DST_0020,0.12058823529411765,0.22941176470588237,DST_0020,0.45711099245302417,24
DST_0021,737811.7391691668,3071,240.2512989805167,0.6676470588235294,DST_0021,0.20294117647058826,0.43529411764705883,DST_0021,0.4367529265099605,24
DST_0022,86387.62183291667,2829,30.536451690673974,0.03823529411764706,DST_0022,0.020588235294117647,0.029411764705882353,DST_0022,0.12209195329807561,15
DST_0023,728545.0776716666,2823,258.0747706948872,0.7558823529411764,DST_0023,0.7892156862745098,0.7725490196078431,DST_0023,0.4780439339752829,24
DST_0024,434768.51562666666,2444,177.89219133660666,0.26176470588235295,DST_0024,0.6127450980392157,0.4372549019607843,DST_0024,0.4098674345114026,24
DST_0025,492422.34015583334,2088,235.83445409762135,0.6588235294117647,DST_0025,0.6950980392156864,0.6769607843137255,DST_0025,0.4298822714651423,24
DST_0026,362933.16134000005,1641,221.16585090798296,0.5911764705882353,DST_0026,0.5372549019607843,0.5642156862745098,DST_0026,0.3893272916111205,24
DST_0027,49698.699265,1279,38.85746619624707,0.09705882352941177,DST_0027,0.6176470588235294,0.3573529411764706,DST_0027,0.5975647448269529,24
DST_0028,56181.45756625,1372,40.94858423196064,0.1264705882352941,DST_0028,0.43333333333333335,0.27990196078431373,DST_0028,0.6050888719577036,24
DST_0029,68111.37392916666,1259,54.099582151840075,0.18235294117647058,DST_0029,0.6882352941176472,0.4352941176470589,DST_0029,0.6160400063404445,24
DST_0030,52139.912995,1189,43.85190327586207,0.14411764705882352,DST_0030,0.2980392156862745,0.221078431372549,DST_0030,0.6006291583685349,24
DST_0031,39987.11324375,1023,39.08808723729228,0.1,DST_0031,0.746078431372549,0.4230392156862745,DST_0031,0.5984030434575954,24
DST_0032,356283.72894583334,1710,208.35305786306043,0.5029411764705882,DST_0032,0.1892156862745098,0.346078431372549,DST_0032,0.4175247664968301,22
DST_0033,607993.8604354167,2791,217.8408672287412,0.5676470588235294,DST_0033,0.41078431372549024,0.48921568627450984,DST_0033,0.45127431927738276,24
DST_0034,345635.75217249995,1720,200.95101870494184,0.4470588235294118,DST_0034,0.5568627450980392,0.5019607843137255,DST_0034,0.4610204360564834,24
DST_0035,451856.79183249996,2265,199.49527233222958,0.4176470588235294,DST_0035,0.6196078431372549,0.5186274509803922,DST_0035,0.448928092621004,24
DST_0036,11144467.182455001,18500,602.4036314840541,0.9470588235294117,DST_0036,0.047058823529411764,0.4970588235294118,DST_0036,0.34926200651304745,24
DST_0037,273382.20764375,1167,234.26067493037704,0.6470588235294118,DST_0037,0.6166666666666667,0.6318627450980392,DST_0037,0.4631149760766288,24
DST_0038,7345882.922493334,4123,1781.683949185868,0.9676470588235294,DST_0038,0.8901960784313725,0.928921568627451,DST_0038,0.6837774362705891,24
DST_0039,2812697.1198420837,5496,511.77167391595407,0.9264705882352942,DST_0039,0.542156862745098,0.7343137254901961,DST_0039,0.9306873269103043,24
DST_0040,1464755.1872033335,2951,496.3589248401672,0.9235294117647059,DST_0040,0.9470588235294118,0.9352941176470588,DST_0040,0.9316018119557624,24
DST_0041,145679.29306916668,3075,47.3753798598916,0.16176470588235295,DST_0041,0.9470588235294116,0.5544117647058823,DST_0041,0.5846307838839787,24
DST_0042,310887.22731166665,1403,221.5874749192207,0.5941176470588235,DST_0042,0.34803921568627455,0.471078431372549,DST_0042,0.4479586149684774,24
DST_0043,1045679.737125,2285,457.62789370897156,0.9058823529411765,DST_0043,0.6686274509803921,0.7872549019607843,DST_0043,0.42448188739868625,24
DST_0044,698146.8515308333,2968,235.22468043491688,0.6558823529411765,DST_0044,0.24901960784313726,0.45245098039215687,DST_0044,0.3870373655075516,24
DST_0045,823854.6046966667,3232,254.90550887891916,0.7411764705882353,DST_0045,0.6745098039215686,0.7078431372549019,DST_0045,0.441337725013903,24
DST_0046,646838.5471145833,3238,199.76483851593062,0.4264705882352941,DST_0046,0.4519607843137255,0.4392156862745098,DST_0046,0.4296612818333645,24
DST_0047,487084.90027083334,2427,200.6942316731905,0.4411764705882353,DST_0047,0.5539215686274509,0.4975490196078431,DST_0047,0.4906879321055497,24
DST_0048,492327.2938758333,1943,253.3851229417567,0.7382352941176471,DST_0048,0.44019607843137254,0.5892156862745098,DST_0048,0.45930424991286883,24
DST_0049,567489.9981874999,1874,302.8228378802027,0.8264705882352941,DST_0049,0.7401960784313726,0.7833333333333333,DST_0049,0.4926735194028707,23
DST_0050,502945.46927666664,2442,205.9563756251706,0.48823529411764705,DST_0050,0.546078431372549,0.517156862745098,DST_0050,0.4534974279642478,24
DST_0051,510870.88111666666,2358,216.6543176915465,0.5529411764705883,DST_0051,0.4294117647058823,0.4911764705882353,DST_0051,0.44748896496241836,24
DST_0052,652188.97564,1955,333.60049904859335,0.8441176470588235,DST_0052,0.6598039215686274,0.7519607843137255,DST_0052,0.5011293259127266,23
DST_0053,357764.48565416667,1792,199.64536029808409,0.42058823529411765,DST_0053,0.5499999999999999,0.48529411764705876,DST_0053,0.4749392969580113,24
DST_0054,221834.2027316667,1244,178.32331409297967,0.2647058823529412,DST_0054,0.40882352941176475,0.33676470588235297,DST_0054,0.40627880645839415,24
DST_0055,37502.576027916664,560,66.9688857641369,0.19117647058823528,DST_0055,0.4950980392156863,0.3431372549019608,DST_0055,0.6107851953309479,24
DST_0056,339973.1108166667,1895,179.40533552330695,0.2676470588235294,DST_0056,0.6852941176470589,0.4764705882352942,DST_0056,0.40231148066702893,23
DST_0057,74151.57619,1442,51.4227296740638,0.17058823529411765,DST_0057,0.5088235294117647,0.3397058823529412,DST_0057,0.5885712640010478,24
DST_0058,406899.86539291666,2218,183.45350107886233,0.2911764705882353,DST_0058,0.5411764705882353,0.41617647058823526,DST_0058,0.41155724847390934,24
DST_0059,243294.17476249998,1245,195.41700784136546,0.37941176470588234,DST_0059,0.32352941176470584,0.3514705882352941,DST_0059,0.44066983307843466,24
DST_0060,387610.8793,1733,223.66467357184072,0.6058823529411764,DST_0060,0.5333333333333333,0.5696078431372549,DST_0060,0.48962839760512883,24
DST_0061,30306.0097375,1251,24.225427448041568,0.01764705882352941,DST_0061,0.018627450980392157,0.018137254901960782,DST_0061,0.10404332635818256,14
DST_0062,23805.788505,1059,22.479498116147308,0.0058823529411764705,DST_0062,0.011764705882352941,0.008823529411764706,DST_0062,0.13372019801418808,14
DST_0063,270488.34689,1388,194.8763306123919,0.3735294117647059,DST_0063,0.5980392156862745,0.4857843137254902,DST_0063,0.5149305009157671,23
DST_0064,341214.1560166667,1747,195.31434231062775,0.3764705882352941,DST_0064,0.7362745098039216,0.5563725490196079,DST_0064,0.4783891857359383,24
DST_0065,7991953.945940416,15594,512.5018562229329,0.9294117647058824,DST_0065,0.09509803921568627,0.5122549019607843,DST_0065,0.34597328951376216,24
DST_0066,13616724.16168,6445,2112.7578218277736,0.9882352941176471,DST_0066,0.7999999999999999,0.8941176470588235,DST_0066,0.671181879611095,23
DST_0067,1360873.6402116667,5025,270.8206249177446,0.7911764705882353,DST_0067,0.6049019607843137,0.6980392156862745,DST_0067,0.4682479599860447,24
DST_0068,1671674.8112416668,4045,413.269421814998,0.888235294117647,DST_0068,0.9117647058823529,0.8999999999999999,DST_0068,0.9239549030731222,24
DST_0069,2559898.6583858333,5271,485.6571159904825,0.9147058823529411,DST_0069,0.8627450980392157,0.8887254901960784,DST_0069,0.9222669176529403,24
DST_0070,718328.3698666667,2474,290.3509983292913,0.8147058823529412,DST_0070,0.49901960784313726,0.6568627450980392,DST_0070,0.43146961119006616,24
DST_0071,168956.16774666667,4100,41.20882140162602,0.1323529411764706,DST_0071,0.9019607843137255,0.5171568627450981,DST_0071,0.5513870051081082,24
DST_0072,995191.7717066667,3409,291.9307045194094,0.8176470588235294,DST_0072,0.4803921568627451,0.6490196078431373,DST_0072,0.44938132938543923,24
DST_0073,454089.3565166667,2263,200.65813367948152,0.43823529411764706,DST_0073,0.8352941176470589,0.6367647058823529,DST_0073,0.47859881217764255,24
DST_0074,785603.6009783334,3103,253.17550788860245,0.7323529411764705,DST_0074,0.4970588235294118,0.6147058823529412,DST_0074,0.4585320813657596,24
DST_0075,651437.0965866667,2846,228.89567694542046,0.6323529411764706,DST_0075,0.592156862745098,0.6122549019607844,DST_0075,0.42680215482579603,24
DST_0076,72230.96071333333,1961,36.83373825259221,0.07058823529411765,DST_0076,0.961764705882353,0.5161764705882353,DST_0076,0.5726467521672332,24
DST_0077,299842.5430966667,4478,66.95903150885813,0.18823529411764706,DST_0077,0.9294117647058823,0.5588235294117647,DST_0077,0.5823028248800382,24
DST_0078,971910.0082295834,3325,292.3037618735589,0.8205882352941176,DST_0078,0.3235294117647059,0.5720588235294117,DST_0078,0.46282486967396236,24
DST_0079,64329.8159375,1564,41.13159586796675,0.12941176470588237,DST_0079,0.00980392156862745,0.0696078431372549,DST_0079,0.133177523298431,18
DST_0080,298492.63088916667,1462,204.16732618958048,0.47941176470588237,DST_0080,0.2607843137254902,0.3700980392156863,DST_0080,0.44888283603532264,23
DST_0081,531105.7640999999,2109,251.82824281650068,0.7235294117647059,DST_0081,0.688235294117647,0.7058823529411764,DST_0081,0.4631549695569712,24
DST_0082,396721.0102833333,1813,218.82019320647177,0.5705882352941176,DST_0082,0.5058823529411764,0.538235294117647,DST_0082,0.4178030167275726,24
DST_0083,470063.57000375,2348,200.19743185849657,0.4294117647058823,DST_0083,0.4313725490196078,0.43039215686274507,DST_0083,0.4626064349560885,23
DST_0084,335627.7607370833,1195,280.86005082601116,0.8088235294117647,DST_0084,0.5431372549019607,0.6759803921568628,DST_0084,0.40434069729534244,24
DST_0085,19559.712323333333,586,33.37834867463026,0.041176470588235294,DST_0085,0.3509803921568628,0.19607843137254904,DST_0085,0.6143200925993717,23
DST_0086,292768.05299791665,1747,167.58331596904216,0.22058823529411764,DST_0086,0.4372549019607843,0.328921568627451,DST_0086,0.4130169030220791,24
DST_0087,330652.24059666664,1651,200.27391919846556,0.43529411764705883,DST_0087,0.49019607843137253,0.4627450980392157,DST_0087,0.42405798976127335,24
DST_0088,354162.08726666664,1679,210.93632356561443,0.5205882352941177,DST_0088,0.5705882352941177,0.5455882352941177,DST_0088,0.44083688978452135,23
DST_0089,579394.6196083333,1652,350.723135356134,0.8588235294117647,DST_0089,0.7823529411764706,0.8205882352941176,DST_0089,0.4338641397867417,24
DST_0090,455829.4250133333,1973,231.03366701131947,0.6411764705882353,DST_0090,0.5509803921568627,0.596078431372549,DST_0090,0.3732508399611922,22
DST_0091,424805.27452333336,1938,219.19776807189544,0.5794117647058824,DST_0091,0.7372549019607844,0.6583333333333334,DST_0091,0.41731623564583,24
DST_0092,530076.0411466666,2625,201.9337299606349,0.45588235294117646,DST_0092,0.653921568627451,0.5549019607843138,DST_0092,0.45476751654176245,24
DST_0093,340837.1850666667,1480,230.29539531531532,0.6352941176470588,DST_0093,0.19411764705882353,0.41470588235294115,DST_0093,0.40340785276960966,24
DST_0094,1644825.8175691667,6375,258.01189295202613,0.7529411764705882,DST_0094,0.3490196078431372,0.5509803921568627,DST_0094,0.46720884189611783,23
DST_0095,493492.35823000007,2662,185.3840564350113,0.3,DST_0095,0.6598039215686274,0.4799019607843137,DST_0095,0.498414838904115,23
DST_0096,235351.83836666666,1365,172.4189292063492,0.23529411764705882,DST_0096,0.38725490196078427,0.3112745098039216,DST_0096,0.4652907253004915,24
DST_0097,365033.76913125004,2113,172.75616144403693,0.23823529411764705,DST_0097,0.5078431372549019,0.3730392156862745,DST_0097,0.45706592709722554,24
DST_0098,898167.1721075,2940,305.4990381318027,0.8323529411764706,DST_0098,0.6745098039215686,0.7534313725490196,DST_0098,0.4219297567828578,23
DST_0099,65139.574865,1345,48.4309106802974,0.1676470588235294,DST_0099,0.6274509803921569,0.3975490196078431,DST_0099,0.6218481046401648,24
DST_0100,867122.8200516667,1281,676.9108665508718,0.9529411764705882,DST_0100,0.9607843137254902,0.9568627450980391,DST_0100,0.35480044845966746,23
DST_0101,1343465.696855,3760,357.30470661037236,0.8647058823529412,DST_0101,0.611764705882353,0.7382352941176471,DST_0101,0.47028805959389913,24
DST_0102,84318.05500916667,312,270.25017631143163,0.7852941176470588,DST_0102,0.5774509803921569,0.6813725490196079,DST_0102,0.4545387198979515,24
DST_0103,595026.0227316667,1953,304.6728226992661,0.8294117647058824,DST_0103,0.5833333333333334,0.7063725490196079,DST_0103,0.5026812743819253,24
DST_0104,1859236.3395104166,4931,377.0505657088657,0.8764705882352941,DST_0104,0.7068627450980394,0.7916666666666667,DST_0104,0.4556257581061678,24
DST_0105,2097493.8081,7737,271.0991092283831,0.7941176470588235,DST_0105,0.4794117647058824,0.6367647058823529,DST_0105,0.4741779774511437,24
DST_0106,2248139.1494020834,5971,376.50965489902586,0.8735294117647059,DST_0106,0.9127450980392157,0.8931372549019607,DST_0106,0.4102968446353299,24
DST_0107,1077550.5700041668,4730,227.81195983174774,0.6264705882352941,DST_0107,0.49607843137254903,0.5612745098039216,DST_0107,0.46774307802492626,24
DST_0108,1264757.4943125,4851,260.7209841914039,0.7647058823529411,DST_0108,0.5323529411764706,0.6485294117647058,DST_0108,0.44623912723495734,24
DST_0109,1416600.50708,5595,253.1904391563896,0.7352941176470589,DST_0109,0.6627450980392157,0.6990196078431372,DST_0109,0.40000236806696976,24
DST_0110,843410.6225041667,3300,255.57897651641414,0.7441176470588236,DST_0110,0.6431372549019607,0.6936274509803921,DST_0110,0.4440511838149162,24
DST_0111,2160037.4085520837,7912,273.0077614449044,0.8029411764705883,DST_0111,0.5911764705882353,0.6970588235294117,DST_0111,0.4554086076067648,23
DST_0112,1920239.46593125,7898,243.12983868463536,0.6823529411764706,DST_0112,0.2215686274509804,0.4519607843137255,DST_0112,0.441670303499129,23
DST_0113,7916378.834129167,5154,1535.9679538473354,0.961764705882353,DST_0113,0.7558823529411764,0.8588235294117648,DST_0113,0.6597263801488291,24
DST_0114,1308774.82139,6847,191.14573118007885,0.3352941176470588,DST_0114,0.1480392156862745,0.24166666666666664,DST_0114,0.4115773949745177,24
DST_0115,1644516.0119824999,6380,257.76113040478054,0.75,DST_0115,0.45784313725490194,0.6039215686274509,DST_0115,0.42025665856320926,24
DST_0116,10341337.646010833,5213,1983.7593796299316,0.9852941176470589,DST_0116,0.7735294117647059,0.8794117647058823,DST_0116,0.6603856859486427,24
DST_0117,2153600.9646579167,8136,264.7002168950242,0.7705882352941177,DST_0117,0.19313725490196076,0.4818627450980392,DST_0117,0.46749740809884305,24
DST_0118,106937.67173875,2679,39.917010727416944,0.10588235294117647,DST_0118,0.8215686274509805,0.46372549019607845,DST_0118,0.5919123549085077,24
DST_0119,1195727.0794733332,5738,208.3874310688974,0.5058823529411764,DST_0119,0.27352941176470585,0.3897058823529411,DST_0119,0.48610774199110396,24
DST_0120,884935.6627345834,4636,190.88344752687303,0.3323529411764706,DST_0120,0.5666666666666667,0.4495098039215686,DST_0120,0.442245156789316,24
DST_0121,1297030.9045358333,6022,215.38208311787335,0.5470588235294118,DST_0121,0.11568627450980391,0.3313725490196079,DST_0121,0.4839918310524518,24
DST_0122,1117779.0370108334,4228,264.3753635314175,0.7676470588235295,DST_0122,0.5882352941176471,0.6779411764705883,DST_0122,0.41787808045298047,24
DST_0123,896987.3131383335,4733,189.5177082481161,0.3235294117647059,DST_0123,0.27843137254901956,0.30098039215686273,DST_0123,0.4570740594623692,24
DST_0124,578388.8891425,2774,208.5035649396179,0.5088235294117647,DST_0124,0.5950980392156863,0.5519607843137255,DST_0124,0.43911968054063966,24
DST_0125,740250.04004375,3107,238.2523463288542,0.6617647058823529,DST_0125,0.2647058823529412,0.4632352941176471,DST_0125,0.4185186288625585,23
DST_0126,472604.4311616667,2461,192.0375583753217,0.34411764705882353,DST_0126,0.5127450980392158,0.42843137254901964,DST_0126,0.48051506965426904,24
DST_0127,1221942.6910333333,4997,244.53525936228402,0.6941176470588235,DST_0127,0.22647058823529412,0.4602941176470588,DST_0127,0.42035545078079717,24
DST_0128,614816.1633070833,3187,192.9137631964491,0.36470588235294116,DST_0128,0.5294117647058824,0.44705882352941173,DST_0128,0.44581752746674846,24
DST_0129,92387.3941625,3821,24.178852175477623,0.014705882352941176,DST_0129,0.025490196078431376,0.020098039215686276,DST_0129,0.0879275836460076,14
DST_0130,703973.7003533333,3247,216.80742234472845,0.5588235294117647,DST_0130,0.4901960784313726,0.5245098039215687,DST_0130,0.4401473189510318,24
DST_0131,592147.2740383333,2686,220.45691512968477,0.5852941176470589,DST_0131,0.4294117647058824,0.5073529411764706,DST_0131,0.45481327431047774,24
DST_0132,504714.73644166667,2486,203.0228223820059,0.4676470588235294,DST_0132,0.6,0.5338235294117647,DST_0132,0.42256422477242506,24
DST_0133,817268.6954966667,4024,203.09858237988735,0.47058823529411764,DST_0133,0.6186274509803921,0.5446078431372549,DST_0133,0.4296896675586761,23
DST_0134,579062.1065041666,2306,251.11106092982072,0.7176470588235294,DST_0134,0.6754901960784313,0.6965686274509804,DST_0134,0.3840646200798658,24
DST_0135,492538.3621508333,2116,232.76860215067737,0.6441176470588236,DST_0135,0.5205882352941177,0.5823529411764706,DST_0135,0.46660556687328975,24
DST_0136,101029.04893375,4019,25.1378574107365,0.026470588235294117,DST_0136,0.024509803921568627,0.025490196078431372,DST_0136,0.12277860390712263,20
DST_0137,541862.3622595834,2548,212.66183762150055,0.5294117647058824,DST_0137,0.5480392156862745,0.5387254901960784,DST_0137,0.4368449690314889,24
DST_0138,634833.1993341667,3153,201.3425941434084,0.45,DST_0138,0.6254901960784314,0.5377450980392157,DST_0138,0.4233542459414196,24
DST_0139,763496.3981333333,4340,175.92082906298003,0.25,DST_0139,0.16372549019607843,0.2068627450980392,DST_0139,0.43627543738489916,24
DST_0140,738406.1334366667,3226,228.89216783529656,0.6294117647058823,DST_0140,0.4147058823529412,0.5220588235294118,DST_0140,0.47077748429581234,24
DST_0141,920138.6614270834,4098,224.53359234433466,0.6176470588235294,DST_0141,0.27941176470588236,0.4485294117647059,DST_0141,0.4023691412938876,24
DST_0142,552268.7479875,3065,180.1855621492659,0.2735294117647059,DST_0142,0.3666666666666667,0.3200980392156863,DST_0142,0.4582369714981754,23
DST_0143,392914.65731875,2178,180.40158738234618,0.27647058823529413,DST_0143,0.6450980392156863,0.4607843137254902,DST_0143,0.4173098685059728,24
DST_0144,592424.06377125,2914,203.30269861745023,0.47352941176470587,DST_0144,0.33431372549019606,0.403921568627451,DST_0144,0.46248817617867527,24
DST_0145,588090.4650833333,3083,190.75266463942046,0.32941176470588235,DST_0145,0.3,0.31470588235294117,DST_0145,0.47871858157199254,24
DST_0146,604164.3539437499,3303,182.91382196298818,0.28823529411764703,DST_0146,0.4411764705882352,0.3647058823529411,DST_0146,0.4577121541466728,24
DST_0147,516287.33708625,3000,172.09577902875,0.2323529411764706,DST_0147,0.36764705882352944,0.30000000000000004,DST_0147,0.4758884322755315,24
DST_0148,859635.7203220833,3836,224.09690310794664,0.6147058823529412,DST_0148,0.2362745098039216,0.4254901960784314,DST_0148,0.46238945062819536,24
DST_0149,857072.6627491666,4235,202.37843276249507,0.46176470588235297,DST_0149,0.515686274509804,0.48872549019607847,DST_0149,0.38873468236784486,24
DST_0150,793907.12113125,3301,240.5050351806271,0.6705882352941176,DST_0150,0.23921568627450981,0.4549019607843137,DST_0150,0.4610261245911595,23
DST_0151,6986535.789067917,14255,490.11124441023617,0.9205882352941176,DST_0151,0.342156862745098,0.6313725490196078,DST_0151,0.3618241290018751,24
DST_0152,29808237.464943334,11676,2552.949423170892,1.0,DST_0152,0.09313725490196079,0.5465686274509804,DST_0152,0.6811346175326413,24
DST_0153,2533779.350203333,6248,405.5344670619931,0.8852941176470588,DST_0153,0.680392156862745,0.7828431372549018,DST_0153,0.9305140013474963,24
DST_0154,5519696.396504583,6132,900.1461833830044,0.9558823529411765,DST_0154,0.7774509803921569,0.8666666666666667,DST_0154,0.9268485604152441,24
DST_0155,1704980.0447291667,3957,430.87693826867996,0.8970588235294118,DST_0155,0.3058823529411765,0.6014705882352942,DST_0155,0.4377038995878966,24
DST_0156,754472.3572441667,3088,244.323949884769,0.6911764705882353,DST_0156,0.5392156862745098,0.6151960784313726,DST_0156,0.42106197019891356,24
DST_0157,759783.3222466666,3461,219.52710842145814,0.5823529411764706,DST_0157,0.26666666666666666,0.4245098039215687,DST_0157,0.43838590037693864,24
DST_0158,115273.71058583334,1951,59.08442367290279,0.18529411764705883,DST_0158,0.8666666666666667,0.5259803921568628,DST_0158,0.5851257903408994,24
DST_0159,87442.25160875001,2553,34.25078402222876,0.047058823529411764,DST_0159,0.8852941176470588,0.4661764705882353,DST_0159,0.561097856791036,24
DST_0160,450899.0537187501,2013,223.9935686630651,0.611764705882353,DST_0160,0.5637254901960783,0.5877450980392156,DST_0160,0.41598847708876924,24
DST_0161,274882.82224166667,1265,217.2986737088274,0.5647058823529412,DST_0161,0.5764705882352942,0.5705882352941176,DST_0161,0.49323550377077435,24
DST_0162,387545.10944125004,1979,195.82875666561398,0.38235294117647056,DST_0162,0.39705882352941185,0.38970588235294124,DST_0162,0.47345896833287915,24
DST_0163,425167.7079616667,2248,189.13154268757415,0.3176470588235294,DST_0163,0.6245098039215686,0.471078431372549,DST_0163,0.46375798546165115,24
DST_0164,147535.15382416666,869,169.77578115554275,0.22941176470588234,DST_0164,0.3166666666666667,0.27303921568627454,DST_0164,0.4258121772662408,24
DST_0165,826249.9579758333,2340,353.098272639245,0.861764705882353,DST_0165,0.39999999999999997,0.6308823529411764,DST_0165,0.45943659374713314,24
DST_0166,479652.873585,2699,177.71503282141535,0.25882352941176473,DST_0166,0.25,0.25441176470588234,DST_0166,0.4496454667043653,24
DST_0167,590575.5776216667,3064,192.74659844049174,0.3558823529411765,DST_0167,0.7245098039215686,0.5401960784313725,DST_0167,0.39508499249711576,24
DST_0168,381062.5981166667,1470,259.2262572222223,0.7588235294117647,DST_0168,0.46078431372549017,0.6098039215686274,DST_0168,0.4155546623572907,24
DST_0169,751423.3911375,2452,306.4532590283442,0.8352941176470589,DST_0169,0.5098039215686275,0.6725490196078432,DST_0169,0.45766529938480344,24
DST_0170,81532.05435291668,1006,81.04577967486748,0.19705882352941176,DST_0170,0.7137254901960784,0.4553921568627451,DST_0170,0.566988336214268,24
DST_0171,575134.8122529166,2580,222.92046986547157,0.6,DST_0171,0.41372549019607846,0.5068627450980392,DST_0171,0.4676112318182694,24
DST_0172,37772.66706458333,934,40.44182769227337,0.12352941176470589,DST_0172,0.5137254901960784,0.31862745098039214,DST_0172,0.5983026854360537,24
DST_0173,588595.6292666666,2381,247.2052201875962,0.7088235294117647,DST_0173,0.35000000000000003,0.5294117647058824,DST_0173,0.4378519867018056,24
DST_0174,66778.13595666668,1969,33.91474654985611,0.04411764705882353,DST_0174,0.024509803921568627,0.03431372549019608,DST_0174,0.15518900029676577,17
DST_0175,35759.84527333333,962,37.17239633402633,0.07647058823529412,DST_0175,0.4127450980392157,0.24460784313725492,DST_0175,0.6112815422974108,24
DST_0176,22253.96346166667,554,40.16960913658244,0.11764705882352941,DST_0176,0.7774509803921569,0.44754901960784316,DST_0176,0.5906806645419802,23
DST_0177,34649.12753,758,45.711250039577834,0.15294117647058825,DST_0177,0.6921568627450981,0.4225490196078432,DST_0177,0.5745605541982374,24
DST_0178,5869.591785,217,27.04881006912442,0.03529411764705882,DST_0178,0.05588235294117647,0.04558823529411765,DST_0178,0.10045421041000983,19
DST_0179,360795.6200666667,1451,248.65308067999084,0.7147058823529412,DST_0179,0.6137254901960784,0.6642156862745098,DST_0179,0.40676164403341514,24
DST_0180,425422.4738466667,1762,241.4429476995838,0.6764705882352942,DST_0180,0.6186274509803922,0.6475490196078432,DST_0180,0.4499105838171291,24
DST_0181,512973.7964841667,2093,245.0902037669215,0.6970588235294117,DST_0181,0.7705882352941176,0.7338235294117647,DST_0181,0.4549437250638273,24
DST_0182,151520.12381208333,823,184.1070763208789,0.29705882352941176,DST_0182,0.26372549019607844,0.2803921568627451,DST_0182,0.49047977446956487,24
DST_0183,210229.36074583334,896,234.63098297526042,0.65,DST_0183,0.646078431372549,0.6480392156862744,DST_0183,0.4270655124984056,24
DST_0184,4169677.2864899994,9892,421.5201462282652,0.8941176470588236,DST_0184,0.5343137254901961,0.7142156862745098,DST_0184,0.37456379191293704,24
DST_0185,3890170.536355833,15995,243.21166216666666,0.6852941176470588,DST_0185,0.3254901960784314,0.5053921568627451,DST_0185,0.422411326224478,24
DST_0186,1866452.4507604167,9500,196.4686790274123,0.38823529411764707,DST_0186,0.08235294117647059,0.23529411764705882,DST_0186,0.4475037635148766,24
DST_0187,301131.66706166667,8157,36.9169629841445,0.07352941176470588,DST_0187,0.3941176470588235,0.2338235294117647,DST_0187,0.5673917522485404,24
DST_0188,13315843.693494165,7428,1792.6553168408946,0.9705882352941176,DST_0188,0.23039215686274508,0.6004901960784313,DST_0188,0.6632379270980094,24
DST_0189,1281676.2731004166,5724,223.91269620901758,0.6088235294117647,DST_0189,0.12352941176470589,0.36617647058823527,DST_0189,0.4434434338259455,24
DST_0190,982941.3049625,4932,199.29872363392133,0.4117647058823529,DST_0190,0.24019607843137256,0.32598039215686275,DST_0190,0.42692564038012476,24
DST_0191,2072251.1418383333,6576,315.12334881969787,0.8411764705882353,DST_0191,0.1725490196078431,0.5068627450980392,DST_0191,0.4713848311008438,24
DST_0192,3665698.5422333335,5533,662.5155507379963,0.95,DST_0192,0.9392156862745097,0.9446078431372549,DST_0192,0.9246012898315672,24
DST_0193,1212607.1386416669,6159,196.88376987200306,0.3941176470588235,DST_0193,0.18039215686274512,0.2872549019607843,DST_0193,0.4118481001766447,24
DST_0194,1628686.6311833335,7672,212.28970687999654,0.5264705882352941,DST_0194,0.3450980392156863,0.4357843137254902,DST_0194,0.4351245370376141,23
DST_0195,816829.5174116666,3972,205.6469077068647,0.4823529411764706,DST_0195,0.40882352941176464,0.4455882352941176,DST_0195,0.40929302362865094,24
DST_0196,851362.6576295834,4562,186.62048610907132,0.3058823529411765,DST_0196,0.3519607843137254,0.3289215686274509,DST_0196,0.47043721989450077,24
DST_0197,613285.6227166667,2485,246.79501920187792,0.7058823529411765,DST_0197,0.30196078431372547,0.503921568627451,DST_0197,0.46572297015965836,24
DST_0198,52293.591349166665,299,174.89495434503903,0.24705882352941178,DST_0198,0.29901960784313725,0.27303921568627454,DST_0198,0.45818060962581386,24
DST_0199,65550.90977208334,1568,41.805427150563354,0.13529411764705881,DST_0199,0.49215686274509807,0.3137254901960784,DST_0199,0.5886310341716888,24
DST_0200,568918.7629566666,2649,214.7673699345665,0.5411764705882353,DST_0200,0.7529411764705882,0.6470588235294117,DST_0200,0.44720554114819433,24
DST_0201,535729.98465,2910,184.09965108247422,0.29411764705882354,DST_0201,0.538235294117647,0.41617647058823526,DST_0201,0.4262817492120187,23
DST_0202,336169.53283041663,1669,201.4197320733473,0.45294117647058824,DST_0202,0.24705882352941178,0.35,DST_0202,0.5008247551195951,24
DST_0203,80124.38731666666,3439,23.29874594843462,0.008823529411764706,DST_0203,0.02156862745098039,0.015196078431372547,DST_0203,0.11748156958644286,19
DST_0204,580425.5526183334,3280,176.95900994461383,0.25588235294117645,DST_0204,0.2450980392156863,0.25049019607843137,DST_0204,0.37730315487073157,24
DST_0205,63975.830102500004,2877,22.236993431525896,0.0029411764705882353,DST_0205,0.016666666666666666,0.00980392156862745,DST_0205,0.13053102561862884,18
DST_0206,37547.67585,1052,35.69170708174905,0.058823529411764705,DST_0206,0.5490196078431372,0.30392156862745096,DST_0206,0.5969785654510403,24
DST_0207,4938821.9500216665,8675,569.3166512993275,0.9382352941176471,DST_0207,0.7666666666666666,0.8524509803921568,DST_0207,0.38004499655947543,24
DST_0208,1876219.86566,5060,370.7944398537549,0.8676470588235294,DST_0208,0.34117647058823525,0.6044117647058823,DST_0208,0.4248423990362866,24
DST_0209,177972.58396875,3977,44.75046114376414,0.14705882352941177,DST_0209,0.9088235294117647,0.5279411764705882,DST_0209,0.5945054197349551,24
DST_0210,90539.21122333333,1970,45.958990468697124,0.15588235294117647,DST_0210,0.8970588235294118,0.5264705882352941,DST_0210,0.5702255705676167,24
DST_0211,376412.31309166667,946,397.89885104827346,0.8823529411764706,DST_0211,0.9568627450980393,0.919607843137255,DST_0211,0.92840945492283,24
DST_0212,456086.0726641666,1910,238.78851971945898,0.6647058823529411,DST_0212,0.4470588235294118,0.5558823529411765,DST_0212,0.4362053780623191,24
DST_0213,1697494.3297650001,1241,1367.8439401813055,0.9588235294117647,DST_0213,0.9460784313725491,0.9524509803921569,DST_0213,0.6580435345118696,24
DST_0214,343886.4865,1916,179.4814647703549,0.27058823529411763,DST_0214,0.5147058823529411,0.39264705882352935,DST_0214,0.42192420969917643,24
DST_0215,303178.29906000005,1572,192.8615133969466,0.36176470588235293,DST_0215,0.24019607843137256,0.30098039215686273,DST_0215,0.471080302818459,24
DST_0216,296195.88593833335,1589,186.4039559083281,0.3029411764705882,DST_0216,0.7656862745098039,0.5343137254901961,DST_0216,0.4404329668416565,24
DST_0217,40339.208464166666,1626,24.80886129407544,0.023529411764705882,DST_0217,0.015686274509803925,0.0196078431372549,DST_0217,0.1067489761698453,19
DST_0218,42016.401325,1110,37.85261380630631,0.08235294117647059,DST_0218,0.16176470588235295,0.12205882352941178,DST_0218,0.5930419964683012,24
DST_0219,52083.551154166664,1008,51.6701896370701,0.17352941176470588,DST_0219,0.33627450980392154,0.2549019607843137,DST_0219,0.6199737058406435,24
DST_0220,211453.56218749998,1091,193.8162806484876,0.37058823529411766,DST_0220,0.5637254901960784,0.46715686274509804,DST_0220,0.4955368213540605,24
DST_0221,68635.33762749999,955,71.86946348429318,0.19411764705882353,DST_0221,0.7578431372549019,0.4759803921568627,DST_0221,0.5731263557943777,24
DST_0222,238333.38695916664,1142,208.69823726722123,0.5117647058823529,DST_0222,0.4666666666666666,0.48921568627450973,DST_0222,0.47445883933292365,22
DST_0223,146755.24813166665,776,189.1175877985395,0.31470588235294117,DST_0223,0.49411764705882355,0.40441176470588236,DST_0223,0.4788339690993339,24
DST_0224,292175.8741666667,1334,219.02239442778614,0.5764705882352941,DST_0224,0.6754901960784313,0.6259803921568627,DST_0224,0.4501312609966426,24
DST_0225,472588.09225333325,1059,446.25882176896437,0.9029411764705882,DST_0225,0.2627450980392157,0.582843137254902,DST_0225,0.3920904880378131,24
DST_0226,32500.8711875,910,35.71524306318681,0.061764705882352944,DST_0226,0.38039215686274513,0.22107843137254904,DST_0226,0.5760754188437615,24
DST_0227,32410.38878416667,839,38.62978400973381,0.09411764705882353,DST_0227,0.19901960784313724,0.14656862745098037,DST_0227,0.6085733580895263,24
DST_0228,23619.351219166667,591,39.96506128454597,0.10882352941176471,DST_0228,0.2764705882352941,0.1926470588235294,DST_0228,0.5672528536689291,23
DST_0229,29821.8806875,573,52.0451669938918,0.17647058823529413,DST_0229,0.08529411764705881,0.13088235294117648,DST_0229,0.6062804502131572,24
DST_0230,30484.078110833332,699,43.610984421793034,0.1411764705882353,DST_0230,0.5303921568627451,0.3357843137254902,DST_0230,0.6124121924891704,23
DST_0231,93144.70256083332,603,154.4688268007186,0.21470588235294116,DST_0231,0.20980392156862746,0.2122549019607843,DST_0231,0.39465243561747415,24
DST_0232,17545.049118333332,380,46.17118189035087,0.1588235294117647,DST_0232,0.22549019607843135,0.19215686274509802,DST_0232,0.5896315960986014,24
DST_0233,21443.816866666664,556,38.5680159472422,0.09117647058823529,DST_0233,0.6431372549019608,0.36715686274509807,DST_0233,0.6220119376793801,24
DST_0234,8829.89149375,220,40.135870426136364,0.11470588235294117,DST_0234,0.4911764705882353,0.30294117647058827,DST_0234,0.6198584822082096,24
DST_0235,27326.970295833333,767,35.628383697305516,0.05588235294117647,DST_0235,0.5813725490196079,0.3186274509803922,DST_0235,0.5583965131906337,24
DST_0236,27847.754338333336,728,38.252409805402934,0.08823529411764706,DST_0236,0.503921568627451,0.296078431372549,DST_0236,0.6087305115454261,24
DST_0237,19221.560210833333,535,35.92814992679128,0.06470588235294118,DST_0237,0.1754901960784314,0.12009803921568629,DST_0237,0.6253106504239153,24
DST_0238,86105.67371916666,548,157.12714182329682,0.21764705882352942,DST_0238,0.5519607843137254,0.3848039215686274,DST_0238,0.5820591955457467,24
DST_0239,3142823.560793333,10124,310.4329870400369,0.8382352941176471,DST_0239,0.34313725490196084,0.5906862745098039,DST_0239,0.4426841297762559,24
DST_0240,959926.3183404166,4704,204.06596903495253,0.4764705882352941,DST_0240,0.32254901960784316,0.39950980392156865,DST_0240,0.4673118844243598,24
DST_0241,8143476.779935417,3199,2545.632003730984,0.9970588235294118,DST_0241,0.9401960784313727,0.9686274509803923,DST_0241,0.6674860923701722,24
DST_0242,545102.9562433333,3016,180.73705445733862,0.27941176470588236,DST_0242,0.3509803921568628,0.31519607843137254,DST_0242,0.4736370177380604,24
DST_0243,6594643.850196667,3512,1877.7459710127184,0.9794117647058823,DST_0243,0.8872549019607844,0.9333333333333333,DST_0243,0.6567107760844606,24
DST_0244,1588951.7764316667,3313,479.6111610116712,0.9117647058823529,DST_0244,0.8107843137254901,0.8612745098039215,DST_0244,0.9279735350898389,23
DST_0245,608188.0126666666,2634,230.89901771703364,0.638235294117647,DST_0245,0.3558823529411765,0.4970588235294118,DST_0245,0.4117423730250051,23
DST_0246,2188275.76265,3865,566.1774288874515,0.9323529411764706,DST_0246,0.7735294117647059,0.8529411764705883,DST_0246,0.9290787536675932,24
DST_0247,114292.50083875,3041,37.58385427121013,0.07941176470588235,DST_0247,0.8568627450980392,0.4681372549019608,DST_0247,0.56768499344953,23
DST_0248,684786.218575,2716,252.13041921023563,0.7294117647058823,DST_0248,0.7431372549019608,0.7362745098039216,DST_0248,0.44104519355641775,24
DST_0249,552231.8146666667,2287,241.46559451974932,0.6794117647058824,DST_0249,0.5411764705882353,0.6102941176470589,DST_0249,0.4800305065814989,24
DST_0250,459560.6750375,2319,198.1719167906425,0.4088235294117647,DST_0250,0.5186274509803922,0.46372549019607845,DST_0250,0.44110492241730875,24
DST_0251,473629.8639866667,2397,197.59276762063692,0.4,DST_0251,0.8245098039215687,0.6122549019607844,DST_0251,0.4515236120136519,24
DST_0252,397669.3973395834,1916,207.55187752587858,0.5,DST_0252,0.43235294117647055,0.4661764705882353,DST_0252,0.47425203652142484,24
DST_0253,366939.0175104167,1624,225.94767088079846,0.6205882352941177,DST_0253,0.6558823529411765,0.638235294117647,DST_0253,0.4072331188914062,24
DST_0254,409654.9292166667,1574,260.2636144959763,0.7617647058823529,DST_0254,0.8215686274509805,0.7916666666666667,DST_0254,0.45262085918350026,23
DST_0255,695859.7937833333,3526,197.35104758460955,0.39705882352941174,DST_0255,0.6921568627450981,0.544607843137255,DST_0255,0.41991754512027124,24
DST_0256,411735.1111233334,2431,169.36861831482247,0.22647058823529412,DST_0256,0.38627450980392153,0.3063725490196078,DST_0256,0.3784379100478079,23
DST_0257,209657.37250000003,1199,174.86019391159303,0.24411764705882352,DST_0257,0.3764705882352941,0.31029411764705883,DST_0257,0.40975482294979093,24
DST_0258,236402.09186666668,1337,176.81532675143356,0.2529411764705882,DST_0258,0.503921568627451,0.3784313725490196,DST_0258,0.40330557710978865,24
DST_0259,296657.4598204167,1578,187.9958553995036,0.3088235294117647,DST_0259,0.38725490196078427,0.3480392156862745,DST_0259,0.44311071219355247,24
DST_0260,41116.0012875,1184,34.726352438766895,0.052941176470588235,DST_0260,0.49901960784313726,0.27598039215686276,DST_0260,0.5780923918846348,24
DST_0261,52460.25152833333,1227,42.75489122113556,0.13823529411764707,DST_0261,0.27549019607843134,0.2068627450980392,DST_0261,0.5996723464707368,24
DST_0262,310416.66691458336,1614,192.32755075252996,0.34705882352941175,DST_0262,0.37549019607843137,0.36127450980392156,DST_0262,0.42326457919490634,24
DST_0263,343849.5249166666,1667,206.2684612577484,0.49411764705882355,DST_0263,0.43039215686274507,0.46225490196078434,DST_0263,0.45124201581071915,24
DST_0264,269614.78759333334,1119,240.94261625856421,0.6735294117647059,DST_0264,0.7519607843137255,0.7127450980392157,DST_0264,0.4412309926337253,24
DST_0265,301922.37985666667,1442,209.37751723763293,0.5147058823529411,DST_0265,0.6264705882352941,0.5705882352941176,DST_0265,0.45050396483786354,24
DST_0266,58981.65605333333,1472,40.06905981884058,0.11176470588235295,DST_0266,0.2725490196078431,0.19215686274509802,DST_0266,0.6217106423734277,24
DST_0267,360005.75762833335,1319,272.9384060866818,0.8,DST_0267,0.4637254901960784,0.6318627450980392,DST_0267,0.4427811015741481,23
DST_0268,25119.91496,657,38.234269345509894,0.08529411764705883,DST_0268,0.7803921568627451,0.432843137254902,DST_0268,0.5377224396229612,24
DST_0269,62272.50741375,2338,26.634947567899914,0.029411764705882353,DST_0269,0.0303921568627451,0.029901960784313727,DST_0269,0.11819702789915688,17
DST_0270,28807.0030975,791,36.41846156447535,0.06764705882352941,DST_0270,0.5392156862745098,0.3034313725490196,DST_0270,0.620555407595242,24
DST_0271,1986590.6110766667,4606,431.30495246996674,0.9,DST_0271,0.9284313725490195,0.9142156862745098,DST_0271,0.930130816549594,24
DST_0272,7796935.15756125,3948,1974.9075880347646,0.9823529411764705,DST_0272,0.934313725490196,0.9583333333333333,DST_0272,0.6677405949217836,24
DST_0273,6365945.365896667,3575,1780.6840184326343,0.9647058823529412,DST_0273,0.9450980392156864,0.9549019607843138,DST_0273,0.6561216686728497,24
DST_0274,123770.79250666666,3140,39.41744984288747,0.10294117647058823,DST_0274,0.9166666666666666,0.5098039215686274,DST_0274,0.5788494307432704,24
DST_0275,715762.5025066667,2845,251.58611687404806,0.7205882352941176,DST_0275,0.39117647058823524,0.5558823529411765,DST_0275,0.4491682980639973,23
DST_0276,611651.8985866667,3024,202.2658394797178,0.4588235294117647,DST_0276,0.6666666666666666,0.5627450980392157,DST_0276,0.457729539789355,24
DST_0277,702877.0707283333,3185,220.68353869021453,0.5882352941176471,DST_0277,0.4372549019607843,0.5127450980392156,DST_0277,0.43816741822542754,24
DST_0278,517390.53132666665,2686,192.62491858773888,0.35,DST_0278,0.4803921568627451,0.4151960784313725,DST_0278,0.45630265292341293,24
DST_0279,832181.82276,2796,297.6329838197425,0.8235294117647058,DST_0279,0.257843137254902,0.5406862745098039,DST_0279,0.414215629604584,24
DST_0280,660937.953495,2468,267.80306057333877,0.7735294117647059,DST_0280,0.2745098039215686,0.5240196078431373,DST_0280,0.4635896813545335,24
DST_0281,479815.68651458336,2440,196.6457731617145,0.3911764705882353,DST_0281,0.5196078431372548,0.45539215686274503,DST_0281,0.49367223948181455,24
DST_0282,622860.92874875,2535,245.7045083821499,0.7,DST_0282,0.2519607843137255,0.4759803921568627,DST_0282,0.441685756633079,24
DST_0283,445862.1507375,2304,193.51655847981772,0.36764705882352944,DST_0283,0.6294117647058823,0.4985294117647059,DST_0283,0.4610334361337327,24
DST_0284,434855.7178825,2165,200.85714451847574,0.4441176470588235,DST_0284,0.4705882352941176,0.4573529411764705,DST_0284,0.4303877472268147,23
DST_0285,404952.9819504167,2152,188.17517748625312,0.31176470588235294,DST_0285,0.26666666666666666,0.2892156862745098,DST_0285,0.38912006081158046,22
DST_0286,501093.92750875,2023,247.69843178880376,0.711764705882353,DST_0286,0.28921568627450983,0.5004901960784314,DST_0286,0.4070603996333789,23
DST_0287,456900.44883625,2019,226.30037089462604,0.6235294117647059,DST_0287,0.396078431372549,0.5098039215686274,DST_0287,0.4693855456049156,24
DST_0288,603109.8779733334,2347,256.97054877432186,0.7470588235294118,DST_0288,0.6352941176470588,0.6911764705882353,DST_0288,0.47582843526913426,24
DST_0289,328421.8557933333,1735,189.29213590393852,0.3205882352941177,DST_0289,0.4970588235294118,0.4088235294117647,DST_0289,0.4800496306256496,24
DST_0290,509630.43335166667,2070,246.19827698148148,0.7029411764705882,DST_0290,0.4098039215686275,0.5563725490196079,DST_0290,0.40568914473593626,23
DST_0291,445820.60123333335,2105,211.79125949327,0.5235294117647059,DST_0291,0.49215686274509807,0.5078431372549019,DST_0291,0.39667122266935717,24
DST_0292,439619.21128333337,2038,215.71109483971216,0.55,DST_0292,0.5294117647058824,0.5397058823529413,DST_0292,0.38992985283298753,24
DST_0293,365401.6632,1832,199.45505633187773,0.4147058823529412,DST_0293,0.46274509803921565,0.4387254901960784,DST_0293,0.4292901562341737,24
DST_0294,423976.04585166665,1736,244.22583286386327,0.6882352941176471,DST_0294,0.38529411764705884,0.5367647058823529,DST_0294,0.513827512581121,23
DST_0295,74705.03490916667,921,81.11295864187478,0.2,DST_0295,0.6519607843137255,0.4259803921568628,DST_0295,0.583362302699674,24
DST_0296,20760.936675,869,23.890606070195627,0.011764705882352941,DST_0296,0.03529411764705882,0.023529411764705882,DST_0296,0.1424786056777177,16
DST_0297,14626849.460874999,6016,2431.324710916722,0.9941176470588236,DST_0297,0.865686274509804,0.9299019607843138,DST_0297,0.6681036413719633,24
DST_0298,2139930.594425,4585,466.72422997273713,0.9088235294117647,DST_0298,0.3401960784313726,0.6245098039215686,DST_0298,0.45029358659219304,24
DST_0299,7160671.0851466665,3970,1803.6954874424853,0.9764705882352941,DST_0299,0.8676470588235294,0.9220588235294118,DST_0299,0.6726655671944985,23
DST_0300,740393.4579325,3417,216.67938482074922,0.5558823529411765,DST_0300,0.8264705882352942,0.6911764705882353,DST_0300,0.4555362726272558,24
DST_0301,1061640.3449416666,2674,397.02331523622536,0.8794117647058823,DST_0301,0.9372549019607842,0.9083333333333332,DST_0301,0.9331183626593318,24
DST_0302,597692.9262558334,2901,206.029964238481,0.49117647058823527,DST_0302,0.5274509803921569,0.509313725490196,DST_0302,0.43159606618476065,24
DST_0303,161800.46029875,1885,85.83578795689655,0.20588235294117646,DST_0303,0.9421568627450981,0.5740196078431373,DST_0303,0.5747195890950766,24
DST_0304,663577.6056966666,2438,272.1811344120864,0.7970588235294118,DST_0304,0.411764705882353,0.6044117647058824,DST_0304,0.41059684507174304,24
DST_0305,416771.0391270833,1775,234.80058542370892,0.6529411764705882,DST_0305,0.7147058823529412,0.6838235294117647,DST_0305,0.43865383440366884,24
DST_0306,532071.4524837501,2454,216.81803279696416,0.5617647058823529,DST_0306,0.3372549019607843,0.4495098039215686,DST_0306,0.4364359160151167,24
DST_0307,60397.63028625,1256,48.08728525975319,0.16470588235294117,DST_0307,0.41372549019607846,0.28921568627450983,DST_0307,0.618675011386631,24
DST_0308,277162.2682366666,1413,196.1516406487379,0.38529411764705884,DST_0308,0.6254901960784314,0.5053921568627451,DST_0308,0.4856916361825603,24
DST_0309,280063.3925070833,1414,198.06463402198253,0.40588235294117647,DST_0309,0.3803921568627451,0.3931372549019608,DST_0309,0.4585086337028406,23
DST_0310,430223.8697175,2233,192.66630977048814,0.35294117647058826,DST_0310,0.8264705882352942,0.5897058823529412,DST_0310,0.4055800424255722,24
DST_0311,660742.5403691666,1958,337.45788578609125,0.85,DST_0311,0.8882352941176471,0.8691176470588236,DST_0311,0.3695801473675336,23
DST_0312,527330.7242183334,2375,222.03398914456142,0.5970588235294118,DST_0312,0.5882352941176471,0.5926470588235294,DST_0312,0.4700633785698103,24
DST_0313,484244.82366208336,1427,339.34465568471154,0.8529411764705882,DST_0313,0.9166666666666666,0.8848039215686274,DST_0313,0.464044310413648,23
DST_0314,301620.59282291663,1791,168.4090412188256,0.2235294117647059,DST_0314,0.8362745098039216,0.5299019607843137,DST_0314,0.4669436613298595,24
DST_0315,315466.69976375,1636,192.82805609031175,0.3588235294117647,DST_0315,0.8284313725490197,0.5936274509803922,DST_0315,0.4833605549039492,24
DST_0316,366175.77581,1365,268.26064161904765,0.7764705882352941,DST_0316,0.396078431372549,0.5862745098039216,DST_0316,0.46154994553709333,24
DST_0317,301897.4923633333,1466,205.93280515916322,0.4852941176470588,DST_0317,0.3156862745098039,0.4004901960784314,DST_0317,0.45911443836759114,24
DST_0318,368318.4139370834,1919,191.93247208811016,0.3411764705882353,DST_0318,0.5235294117647059,0.4323529411764706,DST_0318,0.4414082483656671,24
DST_0319,216601.57512625,1007,215.09590379965243,0.5441176470588235,DST_0319,0.28235294117647053,0.41323529411764703,DST_0319,0.40217504799252385,24
DST_0320,414050.30903999996,1531,270.44435600261266,0.788235294117647,DST_0320,0.7156862745098039,0.7519607843137255,DST_0320,0.4176900229723939,24
DST_0321,24601.42727,998,24.65072872745491,0.020588235294117647,DST_0321,0.3441176470588236,0.1823529411764706,DST_0321,0.1437077351175406,15
DST_0322,75030.98114666666,1397,53.70864792173705,0.17941176470588235,DST_0322,0.6284313725490196,0.403921568627451,DST_0322,0.5877882316165975,24
DST_0323,479764.2639666667,1701,282.0483621203214,0.8117647058823529,DST_0323,0.5352941176470588,0.6735294117647059,DST_0323,0.4512770438522027,24
DST_0324,118844.20141666666,1334,89.08860675912044,0.2088235294117647,DST_0324,0.3892156862745098,0.29901960784313725,DST_0324,0.6017954432085267,24
DST_0325,188357.44628,882,213.5571953287982,0.5352941176470588,DST_0325,0.3941176470588235,0.4647058823529412,DST_0325,0.459213102474147,23
DST_0326,497427.4808083333,2330,213.4881891881259,0.5323529411764706,DST_0326,0.7107843137254902,0.6215686274509804,DST_0326,0.47642892146446786,24
DST_0327,1385252.9466558334,5137,269.66185451739017,0.7823529411764706,DST_0327,0.4147058823529412,0.5985294117647059,DST_0327,0.44574922693260755,24
DST_0328,641131.7103166666,5750,111.50116701159419,0.21176470588235294,DST_0328,0.8245098039215687,0.5181372549019608,DST_0328,0.5774395971877517,24
DST_0329,2234128.1813783334,5363,416.58179775840637,0.8911764705882353,DST_0329,0.8401960784313726,0.865686274509804,DST_0329,0.928676161200475,24
DST_0330,12410043.890475417,5424,2287.987442934258,0.9911764705882353,DST_0330,0.8696078431372549,0.9303921568627451,DST_0330,0.662416708031781,24
DST_0331,825152.8627545834,3768,218.98961325758583,0.5735294117647058,DST_0331,0.4931372549019608,0.5333333333333333,DST_0331,0.4463213435238471,23
DST_0332,1087161.9922983332,4314,252.0078795313707,0.7264705882352941,DST_0332,0.6019607843137255,0.6642156862745098,DST_0332,0.5008171739129385,24
DST_0333,631714.5733733333,3192,197.9055680994152,0.40294117647058825,DST_0333,0.4705882352941176,0.43676470588235294,DST_0333,0.4534435727090025,24
DST_0334,683777.7125995833,3310,206.57936936543302,0.4970588235294118,DST_0334,0.6950980392156864,0.5960784313725491,DST_0334,0.49836328503202515,24
DST_0335,509305.3864175,2381,213.90398421566567,0.538235294117647,DST_0335,0.2647058823529412,0.40147058823529413,DST_0335,0.4790303404549447,24
DST_0336,1063129.6211116666,5823,182.57420936144024,0.2823529411764706,DST_0336,0.24607843137254903,0.2642156862745098,DST_0336,0.48481448543095085,23
DST_0337,321254.2302,1759,182.63458226264922,0.2852941176470588,DST_0337,0.5176470588235295,0.40147058823529413,DST_0337,0.4372178449470497,24
DST_0338,46175.478187500004,1142,40.43386881567426,0.12058823529411765,DST_0338,0.4754901960784314,0.2980392156862745,DST_0338,0.6285180253043843,24
DST_0339,81943.09696083334,964,85.00321261497234,0.20294117647058824,DST_0339,0.7068627450980393,0.4549019607843138,DST_0339,0.6079760025200841,24
DST_0340,18775.59944166667,699,26.86065728421555,0.03235294117647059,DST_0340,0.035294117647058816,0.033823529411764704,DST_0340,0.13908974808010202,19
