WCI_Rank,district_id,Demand_Signal,Mean_Distribution_Gap,Valid_Audit_Cycles,Mean_Panel_Coverage_Pct_x,Coverage_Status_x,Total_Population,Estimated_Total_Retail_Universe,District_Code_x,Mean_Panel_Coverage_Pct_y,Coverage_Status_y,District_Code_y,Mean_Panel_Coverage_Pct,Coverage_Status,Market_Opportunity,Competitive_Intensity,WCI,WCI_Priority,Recommended_Target
1,DST_0040,0.9352941176470588,0.9316018119557624,24,66.22875,RELIABLE,1847023,2951,DST_0040,66.22875,RELIABLE,DST_0040,66.22875,RELIABLE,HIGH_OPPORTUNITY,0.3538417164739132,0.8761746438309107,VERY_HIGH,RECOMMENDED
2,DST_0192,0.9446078431372549,0.9246012898315672,24,60.54291666666666,RELIABLE,2882031,5533,DST_0192,60.54291666666666,RELIABLE,DST_0192,60.54291666666666,RELIABLE,HIGH_OPPORTUNITY,0.3771504271953997,0.8732538954137332,VERY_HIGH,RECOMMENDED
3,DST_0211,0.919607843137255,0.92840945492283,24,60.32666666666666,RELIABLE,718338,946,DST_0211,60.32666666666666,RELIABLE,DST_0211,60.32666666666666,RELIABLE,HIGH_OPPORTUNITY,0.33469995934766483,0.8718268467652223,VERY_HIGH,RECOMMENDED
4,DST_0301,0.9083333333333332,0.9331183626593318,24,73.36708333333333,RELIABLE,1986864,2674,DST_0301,73.36708333333333,RELIABLE,DST_0301,73.36708333333333,RELIABLE,HIGH_OPPORTUNITY,0.3540945601393777,0.8645225149028906,VERY_HIGH,RECOMMENDED
5,DST_0271,0.9142156862745098,0.930130816549594,24,70.21541666666667,RELIABLE,2315000,4606,DST_0271,70.21541666666667,RELIABLE,DST_0271,70.21541666666667,RELIABLE,HIGH_OPPORTUNITY,0.37337336966308365,0.8622681706832704,VERY_HIGH,RECOMMENDED
6,DST_0068,0.8999999999999999,0.9239549030731222,24,55.51,UNKNOWN,2722290,4045,DST_0068,55.51,UNKNOWN,DST_0068,55.51,UNKNOWN,HIGH_OPPORTUNITY,0.37156632675498535,0.8540709507245956,VERY_HIGH,NOT_RECOMMENDED
7,DST_0069,0.8887254901960784,0.9222669176529403,24,62.02708333333334,RELIABLE,3482056,5271,DST_0069,62.02708333333334,RELIABLE,DST_0069,62.02708333333334,RELIABLE,HIGH_OPPORTUNITY,0.379218004634219,0.8468762908399206,HIGH,RECOMMENDED
8,DST_0008,0.8735294117647059,0.9265534524573217,24,57.3225,UNKNOWN,3701282,5241,DST_0008,57.3225,UNKNOWN,DST_0008,57.3225,UNKNOWN,HIGH_OPPORTUNITY,0.3659614514020981,0.8441896533737605,HIGH,NOT_RECOMMENDED
9,DST_0244,0.8612745098039215,0.9279735350898389,23,73.79916666666666,RELIABLE,3068420,3313,DST_0244,73.79916666666666,RELIABLE,DST_0244,73.79916666666666,RELIABLE,HIGH_OPPORTUNITY,0.3582557924612966,0.840713108200949,HIGH,RECOMMENDED
10,DST_0329,0.865686274509804,0.928676161200475,24,71.46458333333334,RELIABLE,3086293,5363,DST_0329,71.46458333333334,RELIABLE,DST_0329,71.46458333333334,RELIABLE,HIGH_OPPORTUNITY,0.38318001228599724,0.8379594774923785,HIGH,RECOMMENDED
11,DST_0246,0.8529411764705883,0.9290787536675932,24,69.42958333333333,RELIABLE,3674179,3865,DST_0246,69.42958333333333,RELIABLE,DST_0246,69.42958333333333,RELIABLE,HIGH_OPPORTUNITY,0.36221748596964803,0.8365575960014926,HIGH,RECOMMENDED
12,DST_0154,0.8666666666666667,0.9268485604152441,24,65.09083333333334,RELIABLE,3804556,6132,DST_0154,65.09083333333334,RELIABLE,DST_0154,65.09083333333334,RELIABLE,HIGH_OPPORTUNITY,0.39013689516651573,0.8363696171120323,HIGH,RECOMMENDED
13,DST_0153,0.7828431372549018,0.9305140013474963,24,65.11916666666667,RELIABLE,4165626,6248,DST_0153,65.11916666666667,RELIABLE,DST_0153,65.11916666666667,RELIABLE,HIGH_OPPORTUNITY,0.3863688685624681,0.800685538523836,HIGH,RECOMMENDED
14,DST_0039,0.7343137254901961,0.9306873269103043,24,72.03666666666668,RELIABLE,4779661,5496,DST_0039,72.03666666666668,RELIABLE,DST_0039,72.03666666666668,RELIABLE,HIGH_OPPORTUNITY,0.37894285343982115,0.7803931702012306,HIGH,RECOMMENDED
15,DST_0241,0.9686274509803923,0.6674860923701722,24,68.01291666666667,RELIABLE,1951014,3199,DST_0241,68.01291666666667,RELIABLE,DST_0241,68.01291666666667,RELIABLE,HIGH_OPPORTUNITY,0.4673483517881132,0.7760328149131142,HIGH,RECOMMENDED
16,DST_0213,0.9524509803921569,0.6580435345118696,24,68.73666666666666,RELIABLE,1005711,1241,DST_0213,68.73666666666666,RELIABLE,DST_0213,68.73666666666666,RELIABLE,HIGH_OPPORTUNITY,0.4340693306082664,0.7721043121339717,HIGH,RECOMMENDED
17,DST_0272,0.9583333333333333,0.6677405949217836,24,65.16625,RELIABLE,2218000,3948,DST_0272,65.16625,RELIABLE,DST_0272,65.16625,RELIABLE,HIGH_OPPORTUNITY,0.4743036432824832,0.7700984795661276,HIGH,RECOMMENDED
18,DST_0273,0.9549019607843138,0.6561216686728497,24,73.24041666666666,RELIABLE,2091000,3575,DST_0273,73.24041666666666,RELIABLE,DST_0273,73.24041666666666,RELIABLE,HIGH_OPPORTUNITY,0.4771732607111037,0.7639138142462178,HIGH,RECOMMENDED
19,DST_0038,0.928921568627451,0.6837774362705891,24,72.08708333333333,RELIABLE,3001127,4123,DST_0038,72.08708333333333,RELIABLE,DST_0038,72.08708333333333,RELIABLE,HIGH_OPPORTUNITY,0.4861374395062832,0.7601093206758025,HIGH,RECOMMENDED
20,DST_0299,0.9220588235294118,0.6726655671944985,23,60.99208333333333,RELIABLE,2463289,3970,DST_0299,60.99208333333333,RELIABLE,DST_0299,60.99208333333333,RELIABLE,HIGH_OPPORTUNITY,0.47475673115631095,0.7554080728750476,HIGH,RECOMMENDED
21,DST_0243,0.9333333333333333,0.6567107760844606,24,70.20833333333333,RELIABLE,2583052,3512,DST_0243,70.20833333333333,RELIABLE,DST_0243,70.20833333333333,RELIABLE,HIGH_OPPORTUNITY,0.47389453645456914,0.7550698643386474,HIGH,RECOMMENDED
22,DST_0297,0.9299019607843138,0.6681036413719633,24,68.48875,RELIABLE,3276697,6016,DST_0297,68.48875,RELIABLE,DST_0297,68.48875,RELIABLE,HIGH_OPPORTUNITY,0.5055777677033024,0.7511766032924678,HIGH,RECOMMENDED
23,DST_0330,0.9303921568627451,0.662416708031781,24,76.81916666666667,RELIABLE,3121200,5424,DST_0330,76.81916666666667,RELIABLE,DST_0330,76.81916666666667,RELIABLE,HIGH_OPPORTUNITY,0.49875534887067785,0.7507712486252232,HIGH,RECOMMENDED
24,DST_0066,0.8941176470588235,0.671181879611095,23,75.52333333333333,RELIABLE,3458045,6445,DST_0066,75.52333333333333,RELIABLE,DST_0066,75.52333333333333,RELIABLE,HIGH_OPPORTUNITY,0.5145353624900609,0.7343595265423417,HIGH,RECOMMENDED
25,DST_0116,0.8794117647058823,0.6603856859486427,24,77.50333333333333,RELIABLE,3443689,5213,DST_0116,77.50333333333333,RELIABLE,DST_0116,77.50333333333333,RELIABLE,HIGH_OPPORTUNITY,0.5037010999914913,0.7261300642013738,HIGH,RECOMMENDED
26,DST_0113,0.8588235294117648,0.6597263801488291,24,70.00208333333333,RELIABLE,3676841,5154,DST_0113,70.00208333333333,RELIABLE,DST_0113,70.00208333333333,RELIABLE,HIGH_OPPORTUNITY,0.49933366110157085,0.7175080890670702,HIGH,RECOMMENDED
27,DST_0313,0.8848039215686274,0.464044310413648,23,41.915416666666665,UNKNOWN,1241519,1427,DST_0313,41.915416666666665,UNKNOWN,DST_0313,41.915416666666665,UNKNOWN,OTHER,0.2430611598435152,0.711965041381956,HIGH,NOT_RECOMMENDED
28,DST_0009,0.8117647058823529,0.6726206181500823,23,68.17625,RELIABLE,3876001,4837,DST_0009,68.17625,RELIABLE,DST_0009,68.17625,RELIABLE,HIGH_OPPORTUNITY,0.4935327412432442,0.7020047857509388,HIGH,RECOMMENDED
29,DST_0007,0.5151960784313725,0.9309446701428855,24,72.07000000000001,RELIABLE,6107187,8562,DST_0007,72.07000000000001,RELIABLE,DST_0007,72.07000000000001,RELIABLE,OTHER,0.4062608667803066,0.6764166964880662,MEDIUM,NOT_RECOMMENDED
30,DST_0049,0.7833333333333333,0.4926735194028707,23,53.89125000000001,UNKNOWN,1805769,1874,DST_0049,53.89125000000001,UNKNOWN,DST_0049,53.89125000000001,UNKNOWN,OTHER,0.2511594970282823,0.6747038323853483,MEDIUM,NOT_RECOMMENDED
31,DST_0311,0.8691176470588236,0.3695801473675336,23,61.97208333333333,RELIABLE,1703005,1958,DST_0311,61.97208333333333,RELIABLE,DST_0311,61.97208333333333,RELIABLE,OTHER,0.2557270895938083,0.6693105748363457,MEDIUM,NOT_RECOMMENDED
32,DST_0089,0.8205882352941176,0.4338641397867417,24,38.288333333333334,UNKNOWN,1339101,1652,DST_0089,38.288333333333334,UNKNOWN,DST_0089,38.288333333333334,UNKNOWN,OTHER,0.26092948673466115,0.6689312574607802,MEDIUM,NOT_RECOMMENDED
33,DST_0254,0.7916666666666667,0.45262085918350026,23,48.637499999999996,UNKNOWN,1421411,1574,DST_0254,48.637499999999996,UNKNOWN,DST_0254,48.637499999999996,UNKNOWN,OTHER,0.24143586968669978,0.6663801267768852,MEDIUM,NOT_RECOMMENDED
34,DST_0052,0.7519607843137255,0.5011293259127266,23,41.077083333333334,UNKNOWN,1700018,1955,DST_0052,41.077083333333334,UNKNOWN,DST_0052,41.077083333333334,UNKNOWN,OTHER,0.25079714034102657,0.6636181889424254,MEDIUM,NOT_RECOMMENDED
35,DST_0023,0.7725490196078431,0.4780439339752829,24,45.26166666666666,UNKNOWN,2455543,2823,DST_0023,45.26166666666666,UNKNOWN,DST_0023,45.26166666666666,UNKNOWN,OTHER,0.25685037192176974,0.6635923613305243,MEDIUM,NOT_RECOMMENDED
36,DST_0104,0.7916666666666667,0.4556257581061678,24,51.305,UNKNOWN,2241624,4931,DST_0104,51.305,UNKNOWN,DST_0104,51.305,UNKNOWN,OTHER,0.2757205540903148,0.6605749045190958,MEDIUM,NOT_RECOMMENDED
37,DST_0043,0.7872549019607843,0.42448188739868625,24,42.64875,UNKNOWN,1752759,2285,DST_0043,42.64875,UNKNOWN,DST_0043,42.64875,UNKNOWN,OTHER,0.2448536483834982,0.6538626367951935,MEDIUM,NOT_RECOMMENDED
38,DST_0101,0.7382352941176471,0.47028805959389913,24,34.72375,UNKNOWN,1709346,3760,DST_0101,34.72375,UNKNOWN,DST_0101,34.72375,UNKNOWN,OTHER,0.25872268480691624,0.6450621662494227,MEDIUM,NOT_RECOMMENDED
39,DST_0103,0.7063725490196079,0.5026812743819253,24,55.397083333333335,UNKNOWN,887978,1953,DST_0103,55.397083333333335,UNKNOWN,DST_0103,55.397083333333335,UNKNOWN,OTHER,0.2520208667164903,0.6434019197491994,MEDIUM,NOT_RECOMMENDED
40,DST_0181,0.7338235294117647,0.4549437250638273,24,56.80375,UNKNOWN,1756268,2093,DST_0181,56.80375,UNKNOWN,DST_0181,56.80375,UNKNOWN,OTHER,0.2574552200770037,0.6379598479922329,MEDIUM,NOT_RECOMMENDED
41,DST_0320,0.7519607843137255,0.4176900229723939,24,62.67333333333334,RELIABLE,1241350,1531,DST_0320,62.67333333333334,RELIABLE,DST_0320,62.67333333333334,RELIABLE,OTHER,0.24953312605471495,0.6346672357705714,MEDIUM,NOT_RECOMMENDED
42,DST_0098,0.7534313725490196,0.4219297567828578,23,51.212916666666665,UNKNOWN,1942288,2940,DST_0098,51.212916666666665,UNKNOWN,DST_0098,51.212916666666665,UNKNOWN,OTHER,0.26154528378023545,0.634410475765012,MEDIUM,NOT_RECOMMENDED
43,DST_0248,0.7362745098039216,0.44104519355641775,24,47.245000000000005,UNKNOWN,2548462,2716,DST_0248,47.245000000000005,UNKNOWN,DST_0248,47.245000000000005,UNKNOWN,OTHER,0.2582703099068875,0.6340352851751334,MEDIUM,NOT_RECOMMENDED
44,DST_0100,0.9568627450980391,0.35480044845966746,23,87.26625,RELIABLE,582320,1281,DST_0100,87.26625,RELIABLE,DST_0100,87.26625,RELIABLE,OTHER,0.6187544370552858,0.631017504843944,MEDIUM,NOT_RECOMMENDED
45,DST_0081,0.7058823529411764,0.4631549695569712,24,50.907916666666665,UNKNOWN,1879809,2109,DST_0081,50.907916666666665,UNKNOWN,DST_0081,50.907916666666665,UNKNOWN,OTHER,0.24767527261603078,0.6302162436452632,MEDIUM,NOT_RECOMMENDED
46,DST_0288,0.6911764705882353,0.47582843526913426,24,38.168749999999996,UNKNOWN,2041000,2347,DST_0288,38.168749999999996,UNKNOWN,DST_0288,38.168749999999996,UNKNOWN,OTHER,0.24966934081333497,0.6276354959462359,MEDIUM,NOT_RECOMMENDED
47,DST_0264,0.7127450980392157,0.4412309926337253,24,40.33541666666667,UNKNOWN,1036346,1119,DST_0264,40.33541666666667,UNKNOWN,DST_0264,40.33541666666667,UNKNOWN,OTHER,0.24417074210742937,0.6263319931179651,MEDIUM,NOT_RECOMMENDED
48,DST_0067,0.6980392156862745,0.4682479599860447,24,41.96375,UNKNOWN,3038252,5025,DST_0067,41.96375,UNKNOWN,DST_0067,41.96375,UNKNOWN,OTHER,0.27573738951095705,0.6228569551517478,MEDIUM,NOT_RECOMMENDED
49,DST_0045,0.7078431372549019,0.441337725013903,24,38.05958333333333,UNKNOWN,2452595,3232,DST_0045,38.05958333333333,UNKNOWN,DST_0045,38.05958333333333,UNKNOWN,OTHER,0.254102479171156,0.6221771196853407,MEDIUM,NOT_RECOMMENDED
50,DST_0332,0.6642156862745098,0.5008171739129385,24,42.624583333333334,UNKNOWN,2523003,4314,DST_0332,42.624583333333334,UNKNOWN,DST_0332,42.624583333333334,UNKNOWN,OTHER,0.2647642084694496,0.6212302279991679,MEDIUM,NOT_RECOMMENDED
51,DST_0102,0.6813725490196079,0.4545387198979515,24,56.385,UNKNOWN,142004,312,DST_0102,56.385,UNKNOWN,DST_0102,56.385,UNKNOWN,OTHER,0.2296084440625656,0.6197845102105934,MEDIUM,NOT_RECOMMENDED
52,DST_0300,0.6911764705882353,0.4555362726272558,24,61.73375000000001,RELIABLE,2032036,3417,DST_0300,61.73375000000001,RELIABLE,DST_0300,61.73375000000001,RELIABLE,OTHER,0.2561503505419221,0.6192370370758611,MEDIUM,NOT_RECOMMENDED
53,DST_0110,0.6936274509803921,0.4440511838149162,24,62.65541666666667,RELIABLE,1500000,3300,DST_0110,62.65541666666667,RELIABLE,DST_0110,62.65541666666667,RELIABLE,OTHER,0.25607580301090027,0.6163351066742171,MEDIUM,NOT_RECOMMENDED
54,DST_0111,0.6970588235294117,0.4554086076067648,23,62.12916666666666,RELIABLE,4589838,7912,DST_0111,62.12916666666666,RELIABLE,DST_0111,62.12916666666666,RELIABLE,OTHER,0.28978238626848246,0.6151130059969064,MEDIUM,NOT_RECOMMENDED
55,DST_0169,0.6725490196078432,0.45766529938480344,24,41.871249999999996,UNKNOWN,2428697,2452,DST_0169,41.871249999999996,UNKNOWN,DST_0169,41.871249999999996,UNKNOWN,OTHER,0.2513845927974362,0.6125529950487234,MEDIUM,NOT_RECOMMENDED
56,DST_0305,0.6838235294117647,0.43865383440366884,24,39.40083333333333,UNKNOWN,1455069,1775,DST_0305,39.40083333333333,UNKNOWN,DST_0305,39.40083333333333,UNKNOWN,OTHER,0.24735367740966646,0.6117786947946449,MEDIUM,NOT_RECOMMENDED
57,DST_0323,0.6735294117647059,0.4512770438522027,24,59.54208333333333,UNKNOWN,1575362,1701,DST_0323,59.54208333333333,UNKNOWN,DST_0323,59.54208333333333,UNKNOWN,OTHER,0.25600519979382497,0.6098341606836236,MEDIUM,NOT_RECOMMENDED
58,DST_0303,0.5740196078431373,0.5747195890950766,24,16.449166666666667,UNKNOWN,1563715,1885,DST_0303,16.449166666666667,UNKNOWN,DST_0303,16.449166666666667,UNKNOWN,OTHER,0.24817783516490466,0.6098251126797076,MEDIUM,NOT_RECOMMENDED
59,DST_0077,0.5588235294117647,0.5823028248800382,24,16.336666666666666,UNKNOWN,2556244,4478,DST_0077,16.336666666666666,UNKNOWN,DST_0077,16.336666666666666,UNKNOWN,OTHER,0.25597148839068695,0.6040822792651701,MEDIUM,NOT_RECOMMENDED
60,DST_0025,0.6769607843137255,0.4298822714651423,24,63.903333333333336,RELIABLE,1959046,2088,DST_0025,63.903333333333336,RELIABLE,DST_0025,63.903333333333336,RELIABLE,OTHER,0.2588035841382657,0.6033304311263232,MEDIUM,NOT_RECOMMENDED
61,DST_0106,0.8931372549019607,0.4102968446353299,24,85.90708333333333,RELIABLE,2731929,5971,DST_0106,85.90708333333333,RELIABLE,DST_0106,85.90708333333333,RELIABLE,OTHER,0.7155029352408308,0.6024150732800817,MEDIUM,NOT_RECOMMENDED
62,DST_0002,0.9264705882352942,0.3784997734846147,24,82.07041666666667,RELIABLE,3085411,6787,DST_0002,82.07041666666667,RELIABLE,DST_0002,82.07041666666667,RELIABLE,OTHER,0.7357444867441238,0.6022377880766727,MEDIUM,NOT_RECOMMENDED
63,DST_0073,0.6367647058823529,0.47859881217764255,24,61.17916666666667,RELIABLE,1614242,2263,DST_0073,61.17916666666667,RELIABLE,DST_0073,61.17916666666667,RELIABLE,OTHER,0.26097316317121405,0.6018590692749909,MEDIUM,NOT_RECOMMENDED
64,DST_0041,0.5544117647058823,0.5846307838839787,24,15.219583333333333,UNKNOWN,2089649,3075,DST_0041,15.219583333333333,UNKNOWN,DST_0041,15.219583333333333,UNKNOWN,OTHER,0.2616301928439942,0.6017800299082408,MEDIUM,NOT_RECOMMENDED
65,DST_0109,0.6990196078431372,0.40000236806696976,24,49.40833333333333,UNKNOWN,2543243,5595,DST_0109,49.40833333333333,UNKNOWN,DST_0109,49.40833333333333,UNKNOWN,OTHER,0.27539202470400437,0.5994812474120503,MEDIUM,NOT_RECOMMENDED
66,DST_0037,0.6318627450980392,0.4631149760766288,24,59.397083333333335,UNKNOWN,990923,1167,DST_0037,59.397083333333335,UNKNOWN,DST_0037,59.397083333333335,UNKNOWN,OTHER,0.2351798482835512,0.5993925072642275,MEDIUM,NOT_RECOMMENDED
67,DST_0180,0.6475490196078432,0.4499105838171291,24,48.38375,UNKNOWN,1514120,1762,DST_0180,48.38375,UNKNOWN,DST_0180,48.38375,UNKNOWN,OTHER,0.24880226161078625,0.5991053108373674,MEDIUM,NOT_RECOMMENDED
68,DST_0084,0.6759803921568628,0.40434069729534244,24,61.70166666666666,RELIABLE,735394,1195,DST_0084,61.70166666666666,RELIABLE,DST_0084,61.70166666666666,RELIABLE,OTHER,0.23511154817190943,0.5986881108895762,MEDIUM,NOT_RECOMMENDED
69,DST_0072,0.6490196078431373,0.44938132938543923,24,63.94916666666666,RELIABLE,2251744,3409,DST_0072,63.94916666666666,RELIABLE,DST_0072,63.94916666666666,RELIABLE,OTHER,0.2583607703895526,0.597670134736405,MEDIUM,NOT_RECOMMENDED
70,DST_0200,0.6470588235294117,0.44720554114819433,24,60.55041666666667,RELIABLE,2819086,2649,DST_0200,60.55041666666667,RELIABLE,DST_0200,60.55041666666667,RELIABLE,OTHER,0.25086220797005737,0.5975259683960918,MEDIUM,NOT_RECOMMENDED
71,DST_0070,0.6568627450980392,0.43146961119006616,24,43.29791666666667,UNKNOWN,1665253,2474,DST_0070,43.29791666666667,UNKNOWN,DST_0070,43.29791666666667,UNKNOWN,OTHER,0.25005852987007005,0.5965908932366268,MEDIUM,NOT_RECOMMENDED
72,DST_0122,0.6779411764705883,0.41787808045298047,24,50.83416666666667,UNKNOWN,3466382,4228,DST_0122,50.83416666666667,UNKNOWN,DST_0122,50.83416666666667,UNKNOWN,OTHER,0.2741404319456685,0.5965027711811742,MEDIUM,NOT_RECOMMENDED
73,DST_0134,0.6965686274509804,0.3840646200798658,24,63.09625,RELIABLE,2192790,2306,DST_0134,63.09625,RELIABLE,DST_0134,63.09625,RELIABLE,OTHER,0.2609749231325587,0.5956835147543824,MEDIUM,NOT_RECOMMENDED
74,DST_0326,0.6215686274509804,0.47642892146446786,24,56.75958333333333,UNKNOWN,2185793,2330,DST_0326,56.75958333333333,UNKNOWN,DST_0326,56.75958333333333,UNKNOWN,OTHER,0.2545093454572309,0.5955541357740588,MEDIUM,NOT_RECOMMENDED
75,DST_0105,0.6367647058823529,0.4741779774511437,24,43.42208333333334,UNKNOWN,3656539,7737,DST_0105,43.42208333333334,UNKNOWN,DST_0105,43.42208333333334,UNKNOWN,OTHER,0.2876186660700081,0.5949826765409576,MEDIUM,NOT_RECOMMENDED
76,DST_0188,0.6004901960784313,0.6632379270980094,24,64.43583333333333,RELIABLE,5519145,7428,DST_0188,64.43583333333333,RELIABLE,DST_0188,64.43583333333333,RELIABLE,HIGH_OPPORTUNITY,0.5372231074871209,0.5949092412221733,MEDIUM,NOT_RECOMMENDED
77,DST_0209,0.5279411764705882,0.5945054197349551,24,12.164583333333333,UNKNOWN,2446265,3977,DST_0209,12.164583333333333,UNKNOWN,DST_0209,12.164583333333333,UNKNOWN,OTHER,0.2564166954955819,0.5943670872198826,MEDIUM,NOT_RECOMMENDED
78,DST_0165,0.6308823529411764,0.45943659374713314,24,61.03541666666666,RELIABLE,2035064,2340,DST_0165,61.03541666666666,RELIABLE,DST_0165,61.03541666666666,RELIABLE,OTHER,0.25249620204395007,0.5942006262262359,MEDIUM,NOT_RECOMMENDED
79,DST_0091,0.6583333333333334,0.41731623564583,24,37.92166666666667,UNKNOWN,1245899,1938,DST_0091,37.92166666666667,UNKNOWN,DST_0091,37.92166666666667,UNKNOWN,OTHER,0.2431269411874717,0.5936852942385462,MEDIUM,NOT_RECOMMENDED
80,DST_0183,0.6480392156862744,0.4270655124984056,24,64.93166666666666,RELIABLE,752484,896,DST_0183,64.93166666666666,RELIABLE,DST_0183,64.93166666666666,RELIABLE,OTHER,0.23882808221869295,0.5933249599895268,MEDIUM,NOT_RECOMMENDED
81,DST_0158,0.5259803921568628,0.5851257903408994,24,14.074583333333335,UNKNOWN,1391753,1951,DST_0158,14.074583333333335,UNKNOWN,DST_0158,14.074583333333335,UNKNOWN,OTHER,0.24321445507804892,0.5928423120742933,MEDIUM,NOT_RECOMMENDED
82,DST_0108,0.6485294117647058,0.44623912723495734,24,48.31875,UNKNOWN,2292958,4851,DST_0108,48.31875,UNKNOWN,DST_0108,48.31875,UNKNOWN,OTHER,0.276515441131603,0.5927188416000321,MEDIUM,NOT_RECOMMENDED
83,DST_0249,0.6102941176470589,0.4800305065814989,24,54.76541666666666,UNKNOWN,2038533,2287,DST_0249,54.76541666666666,UNKNOWN,DST_0249,54.76541666666666,UNKNOWN,OTHER,0.2505766977826599,0.5925276906881691,MEDIUM,NOT_RECOMMENDED
84,DST_0179,0.6642156862745098,0.40676164403341514,24,47.51958333333334,UNKNOWN,1217477,1451,DST_0179,47.51958333333334,UNKNOWN,DST_0179,47.51958333333334,UNKNOWN,OTHER,0.25050401902513325,0.591162830430198,MEDIUM,NOT_RECOMMENDED
85,DST_0334,0.5960784313725491,0.49836328503202515,24,37.663333333333334,UNKNOWN,2127789,3310,DST_0334,37.663333333333334,UNKNOWN,DST_0334,37.663333333333334,UNKNOWN,OTHER,0.2583983938327633,0.5909827651123032,MEDIUM,NOT_RECOMMENDED
86,DST_0267,0.6318627450980392,0.4427811015741481,23,53.0825,UNKNOWN,1206516,1319,DST_0267,53.0825,UNKNOWN,DST_0267,53.0825,UNKNOWN,OTHER,0.24938585718580414,0.5894344494079087,MEDIUM,NOT_RECOMMENDED
87,DST_0224,0.6259803921568627,0.4501312609966426,24,57.18541666666667,UNKNOWN,1069261,1334,DST_0224,57.18541666666667,UNKNOWN,DST_0224,57.18541666666667,UNKNOWN,OTHER,0.25263687127352047,0.5887097435647091,MEDIUM,NOT_RECOMMENDED
88,DST_0315,0.5936274509803922,0.4833605549039492,24,58.61083333333334,UNKNOWN,1458875,1636,DST_0315,58.61083333333334,UNKNOWN,DST_0315,58.61083333333334,UNKNOWN,OTHER,0.24001223255890788,0.5883061006457772,MEDIUM,NOT_RECOMMENDED
89,DST_0210,0.5264705882352941,0.5702255705676167,24,17.420416666666668,UNKNOWN,1527462,1970,DST_0210,17.420416666666668,UNKNOWN,DST_0210,17.420416666666668,UNKNOWN,OTHER,0.2438321673241422,0.5877242809397198,MEDIUM,NOT_RECOMMENDED
90,DST_0074,0.6147058823529412,0.4585320813657596,24,43.94166666666666,UNKNOWN,2405890,3103,DST_0074,43.94166666666666,UNKNOWN,DST_0074,43.94166666666666,UNKNOWN,OTHER,0.2585747820445229,0.5853889191279349,MEDIUM,NOT_RECOMMENDED
91,DST_0298,0.6245098039215686,0.45029358659219304,24,36.310833333333335,UNKNOWN,2371061,4585,DST_0298,36.310833333333335,UNKNOWN,DST_0298,36.310833333333335,UNKNOWN,OTHER,0.2698949122731026,0.584653184617353,MEDIUM,NOT_RECOMMENDED
92,DST_0076,0.5161764705882353,0.5726467521672332,24,12.455833333333333,UNKNOWN,1166401,1961,DST_0076,12.455833333333333,UNKNOWN,DST_0076,12.455833333333333,UNKNOWN,OTHER,0.24480966554827038,0.5837438419135834,MEDIUM,NOT_RECOMMENDED
93,DST_0251,0.6122549019607844,0.4515236120136519,24,44.010416666666664,UNKNOWN,2137045,2397,DST_0251,44.010416666666664,UNKNOWN,DST_0251,44.010416666666664,UNKNOWN,OTHER,0.25463655382636,0.5826206593218591,MEDIUM,NOT_RECOMMENDED
94,DST_0161,0.5705882352941176,0.49323550377077435,24,37.35,UNKNOWN,960329,1265,DST_0161,37.35,UNKNOWN,DST_0161,37.35,UNKNOWN,OTHER,0.23862147636861386,0.5816728369284012,MEDIUM,NOT_RECOMMENDED
95,DST_0274,0.5098039215686274,0.5788494307432704,24,17.174583333333334,UNKNOWN,2196000,3140,DST_0274,17.174583333333334,UNKNOWN,DST_0274,17.174583333333334,UNKNOWN,OTHER,0.2566454931097598,0.5806799668440751,MEDIUM,NOT_RECOMMENDED
96,DST_0312,0.5926470588235294,0.4700633785698103,24,41.34875,UNKNOWN,2090922,2375,DST_0312,41.34875,UNKNOWN,DST_0312,41.34875,UNKNOWN,OTHER,0.2538949593669806,0.5804343670966258,MEDIUM,NOT_RECOMMENDED
97,DST_0015,0.6465686274509804,0.4016479636668921,24,54.203333333333326,UNKNOWN,2888445,3766,DST_0015,54.203333333333326,UNKNOWN,DST_0015,54.203333333333326,UNKNOWN,OTHER,0.25550612920902394,0.5804314437945486,MEDIUM,NOT_RECOMMENDED
98,DST_0253,0.638235294117647,0.4072331188914062,24,36.83208333333334,UNKNOWN,1544338,1624,DST_0253,36.83208333333334,UNKNOWN,DST_0253,36.83208333333334,UNKNOWN,OTHER,0.24852113175128246,0.5800332476146769,MEDIUM,NOT_RECOMMENDED
99,DST_0328,0.5181372549019608,0.5774395971877517,24,16.712083333333332,UNKNOWN,3282388,5750,DST_0328,16.712083333333332,UNKNOWN,DST_0328,16.712083333333332,UNKNOWN,OTHER,0.28097606472193776,0.579070410777208,MEDIUM,NOT_RECOMMENDED
100,DST_0018,0.607843137254902,0.43721024320573826,24,52.2175,UNKNOWN,1615069,1653,DST_0018,52.2175,UNKNOWN,DST_0018,52.2175,UNKNOWN,OTHER,0.2423164792342442,0.5780897010398655,MEDIUM,NOT_RECOMMENDED
101,DST_0016,0.65,0.39038459513118057,24,50.695,UNKNOWN,3361292,3959,DST_0016,50.695,UNKNOWN,DST_0016,50.695,UNKNOWN,OTHER,0.25533457433249607,0.578067693429414,MEDIUM,NOT_RECOMMENDED
102,DST_0060,0.5696078431372549,0.48962839760512883,24,46.98833333333334,UNKNOWN,1437169,1733,DST_0060,46.98833333333334,UNKNOWN,DST_0060,46.98833333333334,UNKNOWN,OTHER,0.2516796757624443,0.577357533421071,MEDIUM,NOT_RECOMMENDED
103,DST_0316,0.5862745098039216,0.46154994553709333,24,61.67625,RELIABLE,1264219,1365,DST_0316,61.67625,RELIABLE,DST_0316,61.67625,RELIABLE,OTHER,0.2523304197951541,0.5748999263907166,MEDIUM,NOT_RECOMMENDED
104,DST_0135,0.5823529411764706,0.46660556687328975,24,37.389583333333334,UNKNOWN,1840221,2116,DST_0135,37.389583333333334,UNKNOWN,DST_0135,37.389583333333334,UNKNOWN,OTHER,0.25288991968696084,0.5747927879976711,MEDIUM,NOT_RECOMMENDED
105,DST_0048,0.5892156862745098,0.45930424991286883,24,43.35874999999999,UNKNOWN,1776421,1943,DST_0048,43.35874999999999,UNKNOWN,DST_0048,43.35874999999999,UNKNOWN,OTHER,0.25647993611424663,0.5746075590701842,MEDIUM,NOT_RECOMMENDED
106,DST_0075,0.6122549019607844,0.42680215482579603,24,55.00583333333333,UNKNOWN,2159775,2846,DST_0075,55.00583333333333,UNKNOWN,DST_0075,55.00583333333333,UNKNOWN,OTHER,0.2533357122320133,0.574228317624979,MEDIUM,NOT_RECOMMENDED
107,DST_0005,0.4980392156862745,0.5767653509441684,24,15.612499999999999,UNKNOWN,2990116,4401,DST_0005,15.612499999999999,UNKNOWN,DST_0005,15.612499999999999,UNKNOWN,OTHER,0.2652479871574064,0.5729359224578012,MEDIUM,NOT_RECOMMENDED
108,DST_0294,0.5367647058823529,0.513827512581121,23,42.69083333333333,UNKNOWN,1719000,1736,DST_0294,42.69083333333333,UNKNOWN,DST_0294,42.69083333333333,UNKNOWN,OTHER,0.2448800389093016,0.5724077392685909,MEDIUM,NOT_RECOMMENDED
109,DST_0156,0.6151960784313726,0.42106197019891356,24,42.27791666666666,UNKNOWN,2160119,3088,DST_0156,42.27791666666666,UNKNOWN,DST_0156,42.27791666666666,UNKNOWN,OTHER,0.25908439990163823,0.5723930448834098,MEDIUM,NOT_RECOMMENDED
110,DST_0327,0.5985294117647059,0.44574922693260755,24,45.030833333333334,UNKNOWN,3301427,5137,DST_0327,45.030833333333334,UNKNOWN,DST_0327,45.030833333333334,UNKNOWN,OTHER,0.26834868008259977,0.5716807287040103,MEDIUM,NOT_RECOMMENDED
111,DST_0071,0.5171568627450981,0.5513870051081082,24,11.182916666666666,UNKNOWN,2479052,4100,DST_0071,11.182916666666666,UNKNOWN,DST_0071,11.182916666666666,UNKNOWN,OTHER,0.27112257151104957,0.5714815257209221,MEDIUM,NOT_RECOMMENDED
112,DST_0339,0.4549019607843138,0.6079760025200841,24,19.36916666666667,UNKNOWN,1108974,964,DST_0339,19.36916666666667,UNKNOWN,DST_0339,19.36916666666667,UNKNOWN,OTHER,0.23108794608266572,0.5712798940184375,MEDIUM,NOT_RECOMMENDED
113,DST_0155,0.6014705882352942,0.4377038995878966,24,39.08625,UNKNOWN,2880365,3957,DST_0155,39.08625,UNKNOWN,DST_0155,39.08625,UNKNOWN,OTHER,0.2642204458663369,0.5710140403883788,MEDIUM,NOT_RECOMMENDED
114,DST_0064,0.5563725490196079,0.4783891857359383,24,55.35125,UNKNOWN,1597668,1747,DST_0064,55.35125,UNKNOWN,DST_0064,55.35125,UNKNOWN,OTHER,0.2371267286886516,0.5703785163286716,MEDIUM,NOT_RECOMMENDED
115,DST_0168,0.6098039215686274,0.4155546623572907,24,54.32125,UNKNOWN,1343734,1470,DST_0168,54.32125,UNKNOWN,DST_0168,54.32125,UNKNOWN,OTHER,0.2517006306524072,0.5695157704004528,MEDIUM,NOT_RECOMMENDED
116,DST_0078,0.5720588235294117,0.46282486967396236,24,48.05083333333334,UNKNOWN,2605914,3325,DST_0078,48.05083333333334,UNKNOWN,DST_0078,48.05083333333334,UNKNOWN,OTHER,0.2565632071746359,0.5681025335391949,MEDIUM,NOT_RECOMMENDED
117,DST_0152,0.5465686274509804,0.6811346175326413,24,73.59125,RELIABLE,6081322,11676,DST_0152,73.59125,RELIABLE,DST_0152,73.59125,RELIABLE,OTHER,0.5828851065946407,0.5677759771704375,MEDIUM,NOT_RECOMMENDED
118,DST_0208,0.6044117647058823,0.4248423990362866,24,36.9625,UNKNOWN,2440073,5060,DST_0208,36.9625,UNKNOWN,DST_0208,36.9625,UNKNOWN,OTHER,0.2693801823004621,0.5668040973202549,MEDIUM,NOT_RECOMMENDED
119,DST_0221,0.4759803921568627,0.5731263557943777,24,27.53916666666667,UNKNOWN,972625,955,DST_0221,27.53916666666667,UNKNOWN,DST_0221,27.53916666666667,UNKNOWN,OTHER,0.24463243044684974,0.5658589149092504,MEDIUM,NOT_RECOMMENDED
120,DST_0118,0.46372549019607845,0.5919123549085077,24,13.879583333333334,UNKNOWN,1648115,2679,DST_0118,13.879583333333334,UNKNOWN,DST_0118,13.879583333333334,UNKNOWN,OTHER,0.25042808310670794,0.5657601781848713,MEDIUM,NOT_RECOMMENDED
121,DST_0265,0.5705882352941176,0.45050396483786354,24,60.05791666666667,RELIABLE,1335551,1442,DST_0265,60.05791666666667,RELIABLE,DST_0265,60.05791666666667,RELIABLE,OTHER,0.25028889480593175,0.5643833146144188,MEDIUM,NOT_RECOMMENDED
122,DST_0276,0.5627450980392157,0.457729539789355,24,39.096666666666664,UNKNOWN,2271000,3024,DST_0276,39.096666666666664,UNKNOWN,DST_0276,39.096666666666664,UNKNOWN,OTHER,0.248953556048588,0.5636499218342037,MEDIUM,NOT_RECOMMENDED
123,DST_0304,0.6044117647058824,0.41059684507174304,24,52.42291666666667,UNKNOWN,2228935,2438,DST_0304,52.42291666666667,UNKNOWN,DST_0304,52.42291666666667,UNKNOWN,OTHER,0.26087327336709965,0.5635195352193373,MEDIUM,NOT_RECOMMENDED
124,DST_0107,0.5612745098039216,0.46774307802492626,24,38.60208333333333,UNKNOWN,2150000,4730,DST_0107,38.60208333333333,UNKNOWN,DST_0107,38.60208333333333,UNKNOWN,OTHER,0.2648030110755644,0.5633230045053761,MEDIUM,NOT_RECOMMENDED
125,DST_0029,0.4352941176470589,0.6160400063404445,24,26.614166666666666,UNKNOWN,1197160,1259,DST_0029,26.614166666666666,UNKNOWN,DST_0029,26.614166666666666,UNKNOWN,OTHER,0.2421533478311968,0.5630656855940928,MEDIUM,NOT_RECOMMENDED
126,DST_0115,0.6039215686274509,0.42025665856320926,24,61.635416666666664,RELIABLE,4418797,6380,DST_0115,61.635416666666664,RELIABLE,DST_0115,61.635416666666664,RELIABLE,OTHER,0.28029401071842763,0.5627957342357905,MEDIUM,NOT_RECOMMENDED
127,DST_0207,0.8524509803921568,0.38004499655947543,24,83.76,RELIABLE,3943323,8675,DST_0207,83.76,RELIABLE,DST_0207,83.76,RELIABLE,OTHER,0.775953156781599,0.5614280586159672,MEDIUM,NOT_RECOMMENDED
128,DST_0160,0.5877450980392156,0.41598847708876924,24,42.16375,UNKNOWN,1329672,2013,DST_0160,42.16375,UNKNOWN,DST_0160,42.16375,UNKNOWN,OTHER,0.2497476579750169,0.5601317295037129,MEDIUM,NOT_RECOMMENDED
129,DST_0239,0.5906862745098039,0.4426841297762559,24,52.419999999999995,UNKNOWN,6626178,10124,DST_0239,52.419999999999995,UNKNOWN,DST_0239,52.419999999999995,UNKNOWN,OTHER,0.30805801351037465,0.5591366662490264,MEDIUM,NOT_RECOMMENDED
130,DST_0176,0.44754901960784316,0.5906806645419802,23,16.919583333333332,UNKNOWN,590297,554,DST_0176,16.919583333333332,UNKNOWN,DST_0176,16.919583333333332,UNKNOWN,OTHER,0.24565129897680235,0.559005031617862,MEDIUM,NOT_RECOMMENDED
131,DST_0092,0.5549019607843138,0.45476751654176245,24,54.035,UNKNOWN,1750176,2625,DST_0092,54.035,UNKNOWN,DST_0092,54.035,UNKNOWN,OTHER,0.25086558527181474,0.5587013960881951,MEDIUM,NOT_RECOMMENDED
132,DST_0247,0.4681372549019608,0.56768499344953,23,10.704166666666666,UNKNOWN,2677333,3041,DST_0247,10.704166666666666,UNKNOWN,DST_0247,10.704166666666666,UNKNOWN,OTHER,0.2583692280276726,0.5576776668076834,MEDIUM,NOT_RECOMMENDED
133,DST_0310,0.5897058823529412,0.4055800424255722,24,60.82749999999999,RELIABLE,1965970,2233,DST_0310,60.82749999999999,RELIABLE,DST_0310,60.82749999999999,RELIABLE,OTHER,0.2488186869792714,0.5575569245119195,MEDIUM,NOT_RECOMMENDED
134,DST_0159,0.4661764705882353,0.561097856791036,24,11.340416666666668,UNKNOWN,2092745,2553,DST_0159,11.340416666666668,UNKNOWN,DST_0159,11.340416666666668,UNKNOWN,OTHER,0.2515215533637477,0.555859350968819,MEDIUM,NOT_RECOMMENDED
135,DST_0275,0.5558823529411765,0.4491682980639973,23,39.76791666666667,UNKNOWN,2092000,2845,DST_0275,39.76791666666667,UNKNOWN,DST_0275,39.76791666666667,UNKNOWN,OTHER,0.2605913974362165,0.5552376836586852,MEDIUM,NOT_RECOMMENDED
136,DST_0212,0.5558823529411765,0.4362053780623191,24,59.23458333333334,UNKNOWN,1081852,1910,DST_0212,59.23458333333334,UNKNOWN,DST_0212,59.23458333333334,UNKNOWN,OTHER,0.24008290257895765,0.5548023606295496,MEDIUM,NOT_RECOMMENDED
137,DST_0170,0.4553921568627451,0.566988336214268,24,16.268333333333334,UNKNOWN,1039918,1006,DST_0170,16.268333333333334,UNKNOWN,DST_0170,16.268333333333334,UNKNOWN,OTHER,0.24539430857463426,0.5542935265483022,MEDIUM,NOT_RECOMMENDED
138,DST_0314,0.5299019607843137,0.4669436613298595,24,38.027499999999996,UNKNOWN,1726050,1791,DST_0314,38.027499999999996,UNKNOWN,DST_0314,38.027499999999996,UNKNOWN,OTHER,0.24346369229945936,0.5531934253585001,MEDIUM,NOT_RECOMMENDED
139,DST_0094,0.5509803921568627,0.46720884189611783,23,48.46083333333333,UNKNOWN,3728104,6375,DST_0094,48.46083333333333,UNKNOWN,DST_0094,48.46083333333333,UNKNOWN,OTHER,0.29219381759096474,0.5530255076160365,MEDIUM,NOT_RECOMMENDED
140,DST_0124,0.5519607843137255,0.43911968054063966,24,51.038333333333334,UNKNOWN,1998603,2774,DST_0124,51.038333333333334,UNKNOWN,DST_0124,51.038333333333334,UNKNOWN,OTHER,0.24957272387506674,0.552159696355387,MEDIUM,NOT_RECOMMENDED
141,DST_0225,0.582843137254902,0.3920904880378131,24,36.483333333333334,UNKNOWN,795332,1059,DST_0225,36.483333333333334,UNKNOWN,DST_0225,36.483333333333334,UNKNOWN,OTHER,0.24252812972322912,0.5510054566332947,MEDIUM,NOT_RECOMMENDED
142,DST_0031,0.4230392156862745,0.5984030434575954,24,25.375,UNKNOWN,1072942,1023,DST_0031,25.375,UNKNOWN,DST_0031,25.375,UNKNOWN,OTHER,0.24694511257886007,0.55041968975321,MEDIUM,NOT_RECOMMENDED
143,DST_0088,0.5455882352941177,0.44083688978452135,23,50.219166666666666,UNKNOWN,1210277,1679,DST_0088,50.219166666666666,UNKNOWN,DST_0088,50.219166666666666,UNKNOWN,OTHER,0.24837991407657262,0.550131634491621,MEDIUM,NOT_RECOMMENDED
144,DST_0063,0.4857843137254902,0.5149305009157671,23,51.35833333333333,UNKNOWN,1064570,1388,DST_0063,51.35833333333333,UNKNOWN,DST_0063,51.35833333333333,UNKNOWN,OTHER,0.24520218828385207,0.5497881788402187,MEDIUM,NOT_RECOMMENDED
145,DST_0308,0.5053921568627451,0.4856916361825603,24,62.03958333333333,RELIABLE,1292042,1413,DST_0308,62.03958333333333,RELIABLE,DST_0308,62.03958333333333,RELIABLE,OTHER,0.24194847170304454,0.5490288489115225,MEDIUM,NOT_RECOMMENDED
146,DST_0090,0.596078431372549,0.3732508399611922,22,36.60666666666666,UNKNOWN,1407627,1973,DST_0090,36.60666666666666,UNKNOWN,DST_0090,36.60666666666666,UNKNOWN,OTHER,0.25185914467453063,0.5485012591691582,MEDIUM,NOT_RECOMMENDED
147,DST_0140,0.5220588235294118,0.47077748429581234,24,38.83625,UNKNOWN,3108367,3226,DST_0140,38.83625,UNKNOWN,DST_0140,38.83625,UNKNOWN,OTHER,0.2578131808190952,0.5481359539279507,MEDIUM,NOT_RECOMMENDED
148,DST_0295,0.4259803921568628,0.583362302699674,24,24.211250000000003,UNKNOWN,925000,921,DST_0295,24.211250000000003,UNKNOWN,DST_0295,24.211250000000003,UNKNOWN,OTHER,0.24609459091004532,0.5466490642334652,MEDIUM,NOT_RECOMMENDED
149,DST_0216,0.5343137254901961,0.4404329668416565,24,65.73833333333333,RELIABLE,1618416,1589,DST_0216,65.73833333333333,RELIABLE,DST_0216,65.73833333333333,RELIABLE,OTHER,0.24056810084049857,0.5464790946970683,MEDIUM,NOT_RECOMMENDED
150,DST_0099,0.3975490196078431,0.6218481046401648,24,27.540000000000003,UNKNOWN,1370281,1345,DST_0099,27.540000000000003,UNKNOWN,DST_0099,27.540000000000003,UNKNOWN,OTHER,0.25079652661554946,0.5463845901244772,MEDIUM,NOT_RECOMMENDED
151,DST_0047,0.4975490196078431,0.4906879321055497,24,37.842083333333335,UNKNOWN,1945497,2427,DST_0047,37.842083333333335,UNKNOWN,DST_0047,37.842083333333335,UNKNOWN,OTHER,0.24772355383902472,0.5460931242926669,MEDIUM,NOT_RECOMMENDED
152,DST_0280,0.5240196078431373,0.4635896813545335,24,52.779583333333335,UNKNOWN,2071000,2468,DST_0280,52.779583333333335,UNKNOWN,DST_0280,52.779583333333335,UNKNOWN,OTHER,0.262559813486421,0.5455532493062143,MEDIUM,NOT_RECOMMENDED
153,DST_0137,0.5387254901960784,0.4368449690314889,24,37.4925,UNKNOWN,2632733,2548,DST_0137,37.4925,UNKNOWN,DST_0137,37.4925,UNKNOWN,OTHER,0.2499691297322654,0.5453283838028034,MEDIUM,NOT_RECOMMENDED
154,DST_0287,0.5098039215686274,0.4693855456049156,24,60.03791666666667,RELIABLE,1735000,2019,DST_0287,60.03791666666667,RELIABLE,DST_0287,60.03791666666667,RELIABLE,OTHER,0.24441653029765198,0.5448133996080724,MEDIUM,NOT_RECOMMENDED
155,DST_0173,0.5294117647058824,0.4378519867018056,24,49.199999999999996,UNKNOWN,2390776,2381,DST_0173,49.199999999999996,UNKNOWN,DST_0173,49.199999999999996,UNKNOWN,OTHER,0.24130539336876017,0.543222410789527,MEDIUM,NOT_RECOMMENDED
156,DST_0177,0.4225490196078432,0.5745605541982374,24,15.101666666666667,UNKNOWN,807022,758,DST_0177,15.101666666666667,UNKNOWN,DST_0177,15.101666666666667,UNKNOWN,OTHER,0.24145538077560763,0.5429521766377909,MEDIUM,NOT_RECOMMENDED
157,DST_0133,0.5446078431372549,0.4296896675586761,23,60.65291666666667,RELIABLE,3499171,4024,DST_0133,60.65291666666667,RELIABLE,DST_0133,60.65291666666667,RELIABLE,OTHER,0.26685561192727303,0.5420937906718467,MEDIUM,NOT_RECOMMENDED
158,DST_0290,0.5563725490196079,0.40568914473593626,23,42.73166666666666,UNKNOWN,1779000,2070,DST_0290,42.73166666666666,UNKNOWN,DST_0290,42.73166666666666,UNKNOWN,OTHER,0.25157545923019076,0.542043755870363,MEDIUM,NOT_RECOMMENDED
159,DST_0331,0.5333333333333333,0.4463213435238471,23,58.925000000000004,UNKNOWN,2635375,3768,DST_0331,58.925000000000004,UNKNOWN,DST_0331,58.925000000000004,UNKNOWN,OTHER,0.272478799567853,0.5417167103197759,MEDIUM,NOT_RECOMMENDED
160,DST_0050,0.517156862745098,0.4534974279642478,24,46.1,UNKNOWN,2177331,2442,DST_0050,46.1,UNKNOWN,DST_0050,46.1,UNKNOWN,OTHER,0.24928555350801002,0.5415875773211788,MEDIUM,NOT_RECOMMENDED
161,DST_0255,0.544607843137255,0.41991754512027124,24,64.8,RELIABLE,3307743,3526,DST_0255,64.8,RELIABLE,DST_0255,64.8,RELIABLE,OTHER,0.2530474496722122,0.5414351802694173,MEDIUM,NOT_RECOMMENDED
162,DST_0026,0.5642156862745098,0.3893272916111205,24,44.91166666666667,UNKNOWN,1300774,1641,DST_0026,44.91166666666667,UNKNOWN,DST_0026,44.91166666666667,UNKNOWN,OTHER,0.2451502904302457,0.5411315528013725,MEDIUM,NOT_RECOMMENDED
163,DST_0138,0.5377450980392157,0.4233542459414196,24,57.80375,UNKNOWN,3405559,3153,DST_0138,57.80375,UNKNOWN,DST_0138,57.80375,UNKNOWN,OTHER,0.24787875728898992,0.5405835287393459,MEDIUM,NOT_RECOMMENDED
164,DST_0322,0.403921568627451,0.5877882316165975,24,27.832916666666666,UNKNOWN,1311332,1397,DST_0322,27.832916666666666,UNKNOWN,DST_0322,27.832916666666666,UNKNOWN,OTHER,0.2355126680040677,0.5403880533473485,MEDIUM,NOT_RECOMMENDED
165,DST_0035,0.5186274509803922,0.448928092621004,24,46.354166666666664,UNKNOWN,1836086,2265,DST_0035,46.354166666666664,UNKNOWN,DST_0035,46.354166666666664,UNKNOWN,OTHER,0.25090450956780985,0.5403262834449659,MEDIUM,NOT_RECOMMENDED
166,DST_0171,0.5068627450980392,0.4676112318182694,24,62.718333333333334,RELIABLE,2299885,2580,DST_0171,62.718333333333334,RELIABLE,DST_0171,62.718333333333334,RELIABLE,OTHER,0.2578199063762351,0.5401881851552649,MEDIUM,NOT_RECOMMENDED
167,DST_0197,0.503921568627451,0.46572297015965836,24,51.376666666666665,UNKNOWN,1846823,2485,DST_0197,51.376666666666665,UNKNOWN,DST_0197,51.376666666666665,UNKNOWN,OTHER,0.24901082608315178,0.539965580221603,MEDIUM,NOT_RECOMMENDED
168,DST_0034,0.5019607843137255,0.4610204360564834,24,65.05791666666666,RELIABLE,1657576,1720,DST_0034,65.05791666666666,RELIABLE,DST_0034,65.05791666666666,RELIABLE,OTHER,0.23974031628212428,0.5392914423045208,MEDIUM,NOT_RECOMMENDED
169,DST_0082,0.538235294117647,0.4178030167275726,24,43.49625,UNKNOWN,1616450,1813,DST_0082,43.49625,UNKNOWN,DST_0082,43.49625,UNKNOWN,OTHER,0.24907274637917518,0.5386223889317565,MEDIUM,NOT_RECOMMENDED
170,DST_0095,0.4799019607843137,0.498414838904115,23,37.45375,UNKNOWN,2464875,2662,DST_0095,37.45375,UNKNOWN,DST_0095,37.45375,UNKNOWN,OTHER,0.263276927096137,0.537745690550154,MEDIUM,NOT_RECOMMENDED
171,DST_0220,0.46715686274509804,0.4955368213540605,24,43.752916666666664,UNKNOWN,985417,1091,DST_0220,43.752916666666664,UNKNOWN,DST_0220,43.752916666666664,UNKNOWN,OTHER,0.23057989449454955,0.5375424968103054,MEDIUM,NOT_RECOMMENDED
172,DST_0131,0.5073529411764706,0.45481327431047774,24,44.885416666666664,UNKNOWN,2335819,2686,DST_0131,44.885416666666664,UNKNOWN,DST_0131,44.885416666666664,UNKNOWN,OTHER,0.2531289225760162,0.5368676850228757,MEDIUM,NOT_RECOMMENDED
173,DST_0191,0.5068627450980392,0.4713848311008438,24,47.430416666666666,UNKNOWN,4835532,6576,DST_0191,47.430416666666666,UNKNOWN,DST_0191,47.430416666666666,UNKNOWN,OTHER,0.28176146786883904,0.5367206326056452,MEDIUM,NOT_RECOMMENDED
174,DST_0268,0.432843137254902,0.5377224396229612,24,28.325416666666666,UNKNOWN,669919,657,DST_0268,28.325416666666666,UNKNOWN,DST_0268,28.325416666666666,UNKNOWN,OTHER,0.23185566009827396,0.5366111336130875,MEDIUM,NOT_RECOMMENDED
175,DST_0130,0.5245098039215687,0.4401473189510318,24,59.98083333333333,UNKNOWN,3006538,3247,DST_0130,59.98083333333333,UNKNOWN,DST_0130,59.98083333333333,UNKNOWN,OTHER,0.2676584092314968,0.5365492915512676,MEDIUM,NOT_RECOMMENDED
176,DST_0279,0.5406862745098039,0.414215629604584,24,44.302083333333336,UNKNOWN,2241000,2796,DST_0279,44.302083333333336,UNKNOWN,DST_0279,44.302083333333336,UNKNOWN,OTHER,0.26020687623209976,0.5362429186445963,MEDIUM,NOT_RECOMMENDED
177,DST_0132,0.5338235294117647,0.42256422477242506,24,37.27166666666667,UNKNOWN,2496970,2486,DST_0132,37.27166666666667,UNKNOWN,DST_0132,37.27166666666667,UNKNOWN,OTHER,0.2599024589337068,0.5361375751189015,MEDIUM,NOT_RECOMMENDED
178,DST_0053,0.48529411764705876,0.4749392969580113,24,42.342083333333335,UNKNOWN,1659456,1792,DST_0053,42.342083333333335,UNKNOWN,DST_0053,42.342083333333335,UNKNOWN,OTHER,0.24376506689920613,0.5358580934966392,MEDIUM,NOT_RECOMMENDED
179,DST_0233,0.36715686274509807,0.6220119376793801,24,22.207916666666666,UNKNOWN,566376,556,DST_0233,22.207916666666666,UNKNOWN,DST_0233,22.207916666666666,UNKNOWN,OTHER,0.23738245470970676,0.5354482754811358,MEDIUM,NOT_RECOMMENDED
180,DST_0283,0.4985294117647059,0.4610334361337327,24,53.65625,UNKNOWN,2191000,2304,DST_0283,53.65625,UNKNOWN,DST_0283,53.65625,UNKNOWN,OTHER,0.2513231913864799,0.535435299663628,MEDIUM,NOT_RECOMMENDED
181,DST_0222,0.48921568627450973,0.47445883933292365,22,52.465833333333336,UNKNOWN,807037,1142,DST_0222,52.465833333333336,UNKNOWN,DST_0222,52.465833333333336,UNKNOWN,OTHER,0.2587952830855184,0.5344485959729489,MEDIUM,NOT_RECOMMENDED
182,DST_0006,0.5137254901960784,0.4654636559996163,24,55.08083333333334,UNKNOWN,4653570,8153,DST_0006,55.08083333333334,UNKNOWN,DST_0006,55.08083333333334,UNKNOWN,OTHER,0.3016051923273256,0.5337677117226358,MEDIUM,NOT_RECOMMENDED
183,DST_0277,0.5127450980392156,0.43816741822542754,24,39.02708333333333,UNKNOWN,2469000,3185,DST_0277,39.02708333333333,UNKNOWN,DST_0277,39.02708333333333,UNKNOWN,OTHER,0.263657524933001,0.5313623855099464,MEDIUM,NOT_RECOMMENDED
184,DST_0167,0.5401960784313725,0.39508499249711576,24,41.88166666666667,UNKNOWN,3120506,3064,DST_0167,41.88166666666667,UNKNOWN,DST_0167,41.88166666666667,UNKNOWN,OTHER,0.2565407240924565,0.5300598378496169,MEDIUM,NOT_RECOMMENDED
185,DST_0051,0.4911764705882353,0.44748896496241836,24,46.38458333333333,UNKNOWN,1889552,2358,DST_0051,46.38458333333333,UNKNOWN,DST_0051,46.38458333333333,UNKNOWN,OTHER,0.23881904303426768,0.5298867408946988,MEDIUM,NOT_RECOMMENDED
186,DST_0302,0.509313725490196,0.43159606618476065,24,51.91375,UNKNOWN,2378458,2901,DST_0302,51.91375,UNKNOWN,DST_0302,51.91375,UNKNOWN,OTHER,0.25512494199552926,0.5292248112361486,MEDIUM,NOT_RECOMMENDED
187,DST_0238,0.3848039215686274,0.5820591955457467,24,17.917083333333334,UNKNOWN,566874,548,DST_0238,17.917083333333334,UNKNOWN,DST_0238,17.917083333333334,UNKNOWN,OTHER,0.2387043398792125,0.5291416151710512,MEDIUM,NOT_RECOMMENDED
188,DST_0292,0.5397058823529413,0.38992985283298753,24,57.67583333333334,UNKNOWN,1840000,2038,DST_0292,57.67583333333334,UNKNOWN,DST_0292,57.67583333333334,UNKNOWN,OTHER,0.2522192638543034,0.5288992427795085,MEDIUM,NOT_RECOMMENDED
189,DST_0281,0.45539215686274503,0.49367223948181455,24,55.56041666666667,UNKNOWN,1832000,2440,DST_0281,55.56041666666667,UNKNOWN,DST_0281,55.56041666666667,UNKNOWN,OTHER,0.247931817868612,0.5281253908331479,MEDIUM,NOT_RECOMMENDED
190,DST_0033,0.48921568627450984,0.45127431927738276,24,51.11083333333334,UNKNOWN,2585049,2791,DST_0033,51.11083333333334,UNKNOWN,DST_0033,51.11083333333334,UNKNOWN,OTHER,0.2554245241174923,0.527008165747115,MEDIUM,NOT_RECOMMENDED
191,DST_0017,0.4519607843137255,0.4974374392415141,23,41.13791666666666,UNKNOWN,2634200,3471,DST_0017,41.13791666666666,UNKNOWN,DST_0017,41.13791666666666,UNKNOWN,OTHER,0.2525952895509262,0.5269663987655212,MEDIUM,NOT_RECOMMENDED
192,DST_0252,0.4661764705882353,0.47425203652142484,24,57.90708333333333,UNKNOWN,1774692,1916,DST_0252,57.90708333333333,UNKNOWN,DST_0252,57.90708333333333,UNKNOWN,OTHER,0.2504527061903531,0.525677083309134,MEDIUM,NOT_RECOMMENDED
193,DST_0163,0.471078431372549,0.46375798546165115,24,41.05291666666667,UNKNOWN,1705678,2248,DST_0163,41.05291666666667,UNKNOWN,DST_0163,41.05291666666667,UNKNOWN,OTHER,0.2551972278203648,0.523261143465152,MEDIUM,NOT_RECOMMENDED
194,DST_0325,0.4647058823529412,0.459213102474147,23,35.24125,UNKNOWN,786725,882,DST_0325,35.24125,UNKNOWN,DST_0325,35.24125,UNKNOWN,OTHER,0.24544695604863204,0.5207528417150485,MEDIUM,NOT_RECOMMENDED
195,DST_0055,0.3431372549019608,0.6107851953309479,24,23.668333333333333,UNKNOWN,554519,560,DST_0055,23.668333333333333,UNKNOWN,DST_0055,23.668333333333333,UNKNOWN,OTHER,0.2394746633057931,0.5202916504105555,MEDIUM,NOT_RECOMMENDED
196,DST_0027,0.3573529411764706,0.5975647448269529,24,15.742916666666666,UNKNOWN,1200334,1279,DST_0027,15.742916666666666,UNKNOWN,DST_0027,15.742916666666666,UNKNOWN,OTHER,0.25081127713465634,0.5197942287919141,MEDIUM,NOT_RECOMMENDED
197,DST_0012,0.48137254901960785,0.44276287947116894,24,51.38125,UNKNOWN,3003741,3201,DST_0012,51.38125,UNKNOWN,DST_0012,51.38125,UNKNOWN,OTHER,0.2593391498158846,0.5197168249105557,MEDIUM,NOT_RECOMMENDED
198,DST_0117,0.4818627450980392,0.46749740809884305,24,44.23458333333334,UNKNOWN,4681645,8136,DST_0117,44.23458333333334,UNKNOWN,DST_0117,44.23458333333334,UNKNOWN,OTHER,0.30522948735640487,0.5194164306574318,MEDIUM,NOT_RECOMMENDED
199,DST_0042,0.471078431372549,0.4479586149684774,24,36.59916666666667,UNKNOWN,1177361,1403,DST_0042,36.59916666666667,UNKNOWN,DST_0042,36.59916666666667,UNKNOWN,OTHER,0.2482944311067908,0.5191119231352559,MEDIUM,NOT_RECOMMENDED
200,DST_0230,0.3357843137254902,0.6124121924891704,23,26.879166666666666,UNKNOWN,767428,699,DST_0230,26.879166666666666,UNKNOWN,DST_0230,26.879166666666666,UNKNOWN,OTHER,0.23363639418903498,0.5187199297098732,MEDIUM,NOT_RECOMMENDED
201,DST_0245,0.4970588235294118,0.4117423730250051,23,41.930416666666666,UNKNOWN,2408523,2634,DST_0245,41.930416666666666,UNKNOWN,DST_0245,41.930416666666666,UNKNOWN,OTHER,0.24789059334683708,0.5182081824776197,MEDIUM,NOT_RECOMMENDED
202,DST_0286,0.5004901960784314,0.4070603996333789,23,62.13041666666666,RELIABLE,1781000,2023,DST_0286,62.13041666666666,RELIABLE,DST_0286,62.13041666666666,RELIABLE,OTHER,0.24818101154652566,0.5180555257976716,MEDIUM,NOT_RECOMMENDED
203,DST_0291,0.5078431372549019,0.39667122266935717,24,35.62166666666667,UNKNOWN,1726000,2105,DST_0291,35.62166666666667,UNKNOWN,DST_0291,35.62166666666667,UNKNOWN,OTHER,0.24878461314205733,0.5176074170705693,MEDIUM,NOT_RECOMMENDED
204,DST_0282,0.4759803921568627,0.441685756633079,24,41.53916666666667,UNKNOWN,2288000,2535,DST_0282,41.53916666666667,UNKNOWN,DST_0282,41.53916666666667,UNKNOWN,OTHER,0.26151392154626085,0.5164784069829137,MEDIUM,NOT_RECOMMENDED
205,DST_0263,0.46225490196078434,0.45124201581071915,24,46.14458333333334,UNKNOWN,1828730,1667,DST_0263,46.14458333333334,UNKNOWN,DST_0263,46.14458333333334,UNKNOWN,OTHER,0.2508208327728352,0.5157852448615377,MEDIUM,NOT_RECOMMENDED
206,DST_0150,0.4549019607843137,0.4610261245911595,23,44.504999999999995,UNKNOWN,3620268,3301,DST_0150,44.504999999999995,UNKNOWN,DST_0150,44.504999999999995,UNKNOWN,OTHER,0.26481798867281603,0.5131014282252838,MEDIUM,NOT_RECOMMENDED
207,DST_0250,0.46372549019607845,0.44110492241730875,24,43.50958333333333,UNKNOWN,1969168,2319,DST_0250,43.50958333333333,UNKNOWN,DST_0250,43.50958333333333,UNKNOWN,OTHER,0.25626534739838214,0.511810123954617,MEDIUM,NOT_RECOMMENDED
208,DST_0126,0.42843137254901964,0.48051506965426904,24,44.18083333333333,UNKNOWN,2470996,2461,DST_0126,44.18083333333333,UNKNOWN,DST_0126,44.18083333333333,UNKNOWN,OTHER,0.24708299721782967,0.511557792582487,MEDIUM,NOT_RECOMMENDED
209,DST_0057,0.3397058823529412,0.5885712640010478,24,16.08375,UNKNOWN,1389920,1442,DST_0057,16.08375,UNKNOWN,DST_0057,16.08375,UNKNOWN,OTHER,0.2481412310956644,0.5092393432400574,MEDIUM,NOT_RECOMMENDED
210,DST_0056,0.4764705882352942,0.40231148066702893,23,53.67166666666666,UNKNOWN,1536401,1895,DST_0056,53.67166666666666,UNKNOWN,DST_0056,53.67166666666666,UNKNOWN,OTHER,0.2413656191169645,0.5069476591159496,MEDIUM,NOT_RECOMMENDED
211,DST_0087,0.4627450980392157,0.42405798976127335,24,65.16666666666667,RELIABLE,1353445,1651,DST_0087,65.16666666666667,RELIABLE,DST_0087,65.16666666666667,RELIABLE,OTHER,0.2493047399803799,0.5067946425380168,MEDIUM,NOT_RECOMMENDED
212,DST_0338,0.2980392156862745,0.6285180253043843,24,25.370416666666667,UNKNOWN,1197412,1142,DST_0338,25.370416666666667,UNKNOWN,DST_0338,25.370416666666667,UNKNOWN,OTHER,0.23694562913687905,0.5067098300879822,MEDIUM,NOT_RECOMMENDED
213,DST_0083,0.43039215686274507,0.4626064349560885,23,52.369166666666665,UNKNOWN,1726601,2348,DST_0083,52.369166666666665,UNKNOWN,DST_0083,52.369166666666665,UNKNOWN,OTHER,0.246608486787914,0.5062670254652835,MEDIUM,NOT_RECOMMENDED
214,DST_0284,0.4573529411764705,0.4303877472268147,23,43.10166666666667,UNKNOWN,1930000,2165,DST_0284,43.10166666666667,UNKNOWN,DST_0284,43.10166666666667,UNKNOWN,OTHER,0.25414029506939584,0.5056164760449178,MEDIUM,NOT_RECOMMENDED
215,DST_0185,0.5053921568627451,0.422411326224478,24,46.845416666666665,UNKNOWN,10009781,15995,DST_0185,46.845416666666665,UNKNOWN,DST_0185,46.845416666666665,UNKNOWN,OTHER,0.34896762348914784,0.505476910068973,MEDIUM,NOT_RECOMMENDED
216,DST_0234,0.30294117647058827,0.6198584822082096,24,23.12875,UNKNOWN,257744,220,DST_0234,23.12875,UNKNOWN,DST_0234,23.12875,UNKNOWN,OTHER,0.24054495703692025,0.5051650067772541,MEDIUM,NOT_RECOMMENDED
217,DST_0128,0.44705882352941173,0.44581752746674846,24,62.91791666666666,RELIABLE,2498156,3187,DST_0128,62.91791666666666,RELIABLE,DST_0128,62.91791666666666,RELIABLE,OTHER,0.26106888267401235,0.5049988286667948,MEDIUM,NOT_RECOMMENDED
218,DST_0306,0.4495098039215686,0.4364359160151167,24,38.944583333333334,UNKNOWN,2365106,2454,DST_0306,38.944583333333334,UNKNOWN,DST_0306,38.944583333333334,UNKNOWN,OTHER,0.25099815139010084,0.5048323520919765,MEDIUM,NOT_RECOMMENDED
219,DST_0143,0.4607843137254902,0.4173098685059728,24,42.78,UNKNOWN,2464464,2178,DST_0143,42.78,UNKNOWN,DST_0143,42.78,UNKNOWN,OTHER,0.24463311290265527,0.50448477257303,MEDIUM,NOT_RECOMMENDED
220,DST_0333,0.43676470588235294,0.4534435727090025,24,58.93375,UNKNOWN,2809934,3192,DST_0333,58.93375,UNKNOWN,DST_0333,58.93375,UNKNOWN,OTHER,0.25535373470186223,0.5041786211548372,MEDIUM,NOT_RECOMMENDED
221,DST_0120,0.4495098039215686,0.442245156789316,24,39.69916666666666,UNKNOWN,3673889,4636,DST_0120,39.69916666666666,UNKNOWN,DST_0120,39.69916666666666,UNKNOWN,OTHER,0.26553572955636195,0.5039580707296941,MEDIUM,NOT_RECOMMENDED
222,DST_0270,0.3034313725490196,0.620555407595242,24,13.633333333333333,UNKNOWN,867848,791,DST_0270,13.633333333333333,UNKNOWN,DST_0270,13.633333333333333,UNKNOWN,OTHER,0.24920044176753514,0.5038984219518865,MEDIUM,NOT_RECOMMENDED
223,DST_0172,0.31862745098039214,0.5983026854360537,24,21.628333333333334,UNKNOWN,994624,934,DST_0172,21.628333333333334,UNKNOWN,DST_0172,21.628333333333334,UNKNOWN,OTHER,0.2464269693895546,0.5035028989658843,MEDIUM,NOT_RECOMMENDED
224,DST_0019,0.2926470588235294,0.6180032746035794,24,25.39833333333333,UNKNOWN,849651,834,DST_0019,25.39833333333333,UNKNOWN,DST_0019,25.39833333333333,UNKNOWN,OTHER,0.22490832031074764,0.5030106585196915,MEDIUM,NOT_RECOMMENDED
225,DST_0289,0.4088235294117647,0.4800496306256496,24,47.32,UNKNOWN,1586000,1735,DST_0289,47.32,UNKNOWN,DST_0289,47.32,UNKNOWN,OTHER,0.24656876735836394,0.5026742054825987,MEDIUM,NOT_RECOMMENDED
226,DST_0149,0.48872549019607847,0.38873468236784486,24,41.12291666666667,UNKNOWN,3682713,4235,DST_0149,41.12291666666667,UNKNOWN,DST_0149,41.12291666666667,UNKNOWN,OTHER,0.2681356232581163,0.5023564847653578,MEDIUM,NOT_RECOMMENDED
227,DST_0125,0.4632352941176471,0.4185186288625585,23,35.1925,UNKNOWN,2547184,3107,DST_0125,35.1925,UNKNOWN,DST_0125,35.1925,UNKNOWN,OTHER,0.2629418177180075,0.5023490389112352,MEDIUM,NOT_RECOMMENDED
228,DST_0223,0.40441176470588236,0.4788339690993339,24,51.185833333333335,UNKNOWN,709418,776,DST_0223,51.185833333333335,UNKNOWN,DST_0223,51.185833333333335,UNKNOWN,OTHER,0.2362408202467611,0.5023290192530617,MEDIUM,NOT_RECOMMENDED
229,DST_0148,0.4254901960784314,0.46238945062819536,24,56.37583333333333,UNKNOWN,4021243,3836,DST_0148,56.37583333333333,UNKNOWN,DST_0148,56.37583333333333,UNKNOWN,OTHER,0.26912346514664554,0.49948220292583345,LOW,NOT_RECOMMENDED
230,DST_0112,0.4519607843137255,0.441670303499129,23,43.02333333333333,UNKNOWN,4581268,7898,DST_0112,43.02333333333333,UNKNOWN,DST_0112,43.02333333333333,UNKNOWN,OTHER,0.2948273119209751,0.4990014967816766,LOW,NOT_RECOMMENDED
231,DST_0318,0.4323529411764706,0.4414082483656671,24,53.865,UNKNOWN,1874309,1919,DST_0318,53.865,UNKNOWN,DST_0318,53.865,UNKNOWN,OTHER,0.25256949400794293,0.4985378116558067,LOW,NOT_RECOMMENDED
232,DST_0307,0.28921568627450983,0.618675011386631,24,17.550833333333333,UNKNOWN,1178272,1256,DST_0307,17.550833333333333,UNKNOWN,DST_0307,17.550833333333333,UNKNOWN,OTHER,0.24082915944019723,0.49851748092081083,LOW,NOT_RECOMMENDED
233,DST_0293,0.4387254901960784,0.4292901562341737,24,54.645,UNKNOWN,1697000,1832,DST_0293,54.645,UNKNOWN,DST_0293,54.645,UNKNOWN,OTHER,0.2463026515967456,0.498417494950847,LOW,NOT_RECOMMENDED
234,DST_0127,0.4602941176470588,0.42035545078079717,24,35.33416666666667,UNKNOWN,4143512,4997,DST_0127,35.33416666666667,UNKNOWN,DST_0127,35.33416666666667,UNKNOWN,OTHER,0.2802030870428937,0.4982161433058767,LOW,NOT_RECOMMENDED
235,DST_0335,0.40147058823529413,0.4790303404549447,24,60.73833333333334,RELIABLE,1974551,2381,DST_0335,60.73833333333334,RELIABLE,DST_0335,60.73833333333334,RELIABLE,OTHER,0.2542691309028137,0.4974685576845502,LOW,NOT_RECOMMENDED
236,DST_0236,0.296078431372549,0.6087305115454261,24,15.589583333333332,UNKNOWN,774549,728,DST_0236,15.589583333333332,UNKNOWN,DST_0236,15.589583333333332,UNKNOWN,OTHER,0.2452391097010854,0.49724315121832907,LOW,NOT_RECOMMENDED
237,DST_0199,0.3137254901960784,0.5886310341716888,24,27.555000000000003,UNKNOWN,1491250,1568,DST_0199,27.555000000000003,UNKNOWN,DST_0199,27.555000000000003,UNKNOWN,OTHER,0.25018500603419525,0.4971603313414874,LOW,NOT_RECOMMENDED
238,DST_0278,0.4151960784313725,0.45630265292341293,24,50.87166666666667,UNKNOWN,2060000,2686,DST_0278,50.87166666666667,UNKNOWN,DST_0278,50.87166666666667,UNKNOWN,OTHER,0.2469654517910155,0.497151073459109,LOW,NOT_RECOMMENDED
239,DST_0046,0.4392156862745098,0.4296612818333645,24,41.54,UNKNOWN,2566326,3238,DST_0046,41.54,UNKNOWN,DST_0046,41.54,UNKNOWN,OTHER,0.25670934883821184,0.4966866376975646,LOW,NOT_RECOMMENDED
240,DST_0324,0.29901960784313725,0.6017954432085267,24,26.102500000000003,UNKNOWN,1379131,1334,DST_0324,26.102500000000003,UNKNOWN,DST_0324,26.102500000000003,UNKNOWN,OTHER,0.24455456625385122,0.49627631540162587,LOW,NOT_RECOMMENDED
241,DST_0206,0.30392156862745096,0.5969785654510403,24,16.932916666666667,UNKNOWN,1136548,1052,DST_0206,16.932916666666667,UNKNOWN,DST_0206,16.932916666666667,UNKNOWN,OTHER,0.24821684919440012,0.496063833951337,LOW,NOT_RECOMMENDED
242,DST_0021,0.43529411764705883,0.4367529265099605,24,59.010416666666664,UNKNOWN,2772348,3071,DST_0021,59.010416666666664,UNKNOWN,DST_0021,59.010416666666664,UNKNOWN,OTHER,0.2634185056979543,0.4960621760800718,LOW,NOT_RECOMMENDED
243,DST_0317,0.4004901960784314,0.45911443836759114,24,47.23833333333334,UNKNOWN,1340411,1466,DST_0317,47.23833333333334,UNKNOWN,DST_0317,47.23833333333334,UNKNOWN,OTHER,0.24562711594213318,0.49178521847552437,LOW,NOT_RECOMMENDED
244,DST_0119,0.3897058823529411,0.48610774199110396,24,53.5,UNKNOWN,4448359,5738,DST_0119,53.5,UNKNOWN,DST_0119,53.5,UNKNOWN,OTHER,0.2700386604725345,0.49149762466120306,LOW,NOT_RECOMMENDED
245,DST_0157,0.4245098039215687,0.43838590037693864,24,44.901250000000005,UNKNOWN,2743082,3461,DST_0157,44.901250000000005,UNKNOWN,DST_0157,44.901250000000005,UNKNOWN,OTHER,0.26865975215084303,0.4907325264664658,LOW,NOT_RECOMMENDED
246,DST_0184,0.7142156862745098,0.37456379191293704,24,83.06125,RELIABLE,4496694,9892,DST_0184,83.06125,RELIABLE,DST_0184,83.06125,RELIABLE,OTHER,0.80899885818029,0.49069461435699935,LOW,NOT_RECOMMENDED
247,DST_0162,0.38970588235294124,0.47345896833287915,24,53.8725,UNKNOWN,1551019,1979,DST_0162,53.8725,UNKNOWN,DST_0162,53.8725,UNKNOWN,OTHER,0.25263221976962347,0.4905518420214066,LOW,NOT_RECOMMENDED
248,DST_0194,0.4357843137254902,0.4351245370376141,23,62.486250000000005,RELIABLE,7103808,7672,DST_0194,62.486250000000005,RELIABLE,DST_0194,62.486250000000005,RELIABLE,OTHER,0.2925835483254413,0.48987981947454723,LOW,NOT_RECOMMENDED
249,DST_0195,0.4455882352941176,0.40929302362865094,24,48.248333333333335,UNKNOWN,3988845,3972,DST_0195,48.248333333333335,UNKNOWN,DST_0195,48.248333333333335,UNKNOWN,OTHER,0.2699900914495045,0.48976924586247983,LOW,NOT_RECOMMENDED
250,DST_0235,0.3186274509803922,0.5583965131906337,24,17.15625,UNKNOWN,739448,767,DST_0235,17.15625,UNKNOWN,DST_0235,17.15625,UNKNOWN,OTHER,0.24540284214568536,0.4897405641287612,LOW,NOT_RECOMMENDED
251,DST_0144,0.403921568627451,0.46248817617867527,24,61.48375000000001,RELIABLE,3100946,2914,DST_0144,61.48375000000001,RELIABLE,DST_0144,61.48375000000001,RELIABLE,OTHER,0.269495828675464,0.4897364018097965,LOW,NOT_RECOMMENDED
252,DST_0004,0.4534313725490196,0.4380375202462465,24,41.78333333333333,UNKNOWN,8070032,15155,DST_0004,41.78333333333333,UNKNOWN,DST_0004,41.78333333333333,UNKNOWN,OTHER,0.33921994069230166,0.4895132615947848,LOW,NOT_RECOMMENDED
253,DST_0024,0.4372549019607843,0.4098674345114026,24,40.07791666666667,UNKNOWN,2050862,2444,DST_0024,40.07791666666667,UNKNOWN,DST_0024,40.07791666666667,UNKNOWN,OTHER,0.254002229152589,0.4894178621308261,LOW,NOT_RECOMMENDED
254,DST_0141,0.4485294117647059,0.4023691412938876,24,48.599583333333335,UNKNOWN,4494204,4098,DST_0141,48.599583333333335,UNKNOWN,DST_0141,48.599583333333335,UNKNOWN,OTHER,0.2692974906626809,0.4888079366144421,LOW,NOT_RECOMMENDED
255,DST_0309,0.3931372549019608,0.4585086337028406,23,58.880833333333335,UNKNOWN,1310061,1414,DST_0309,58.880833333333335,UNKNOWN,DST_0309,58.880833333333335,UNKNOWN,OTHER,0.24679516976700885,0.48803075254847483,LOW,NOT_RECOMMENDED
256,DST_0240,0.39950980392156865,0.4673118844243598,24,53.63666666666666,UNKNOWN,3687002,4704,DST_0240,53.63666666666666,UNKNOWN,DST_0240,53.63666666666666,UNKNOWN,OTHER,0.27939476539800406,0.48745961823363104,LOW,NOT_RECOMMENDED
257,DST_0028,0.27990196078431373,0.6050888719577036,24,15.417499999999999,UNKNOWN,1322507,1372,DST_0028,15.417499999999999,UNKNOWN,DST_0028,15.417499999999999,UNKNOWN,OTHER,0.2533960647807768,0.4870577745819821,LOW,NOT_RECOMMENDED
258,DST_0044,0.45245098039215687,0.3870373655075516,24,43.73791666666667,UNKNOWN,2678980,2968,DST_0044,43.73791666666667,UNKNOWN,DST_0044,43.73791666666667,UNKNOWN,OTHER,0.26230474952148414,0.48660506919981683,LOW,NOT_RECOMMENDED
259,DST_0013,0.4073529411764706,0.4411206673906123,24,35.20583333333334,UNKNOWN,2822143,3245,DST_0013,35.20583333333334,UNKNOWN,DST_0013,35.20583333333334,UNKNOWN,OTHER,0.2594518790575991,0.48581068130460625,LOW,NOT_RECOMMENDED
260,DST_0201,0.41617647058823526,0.4262817492120187,23,64.54625,RELIABLE,3007134,2910,DST_0201,64.54625,RELIABLE,DST_0201,64.54625,RELIABLE,OTHER,0.25586507367178896,0.48530500925455466,LOW,NOT_RECOMMENDED
261,DST_0202,0.35,0.5008247551195951,24,62.1475,RELIABLE,1676276,1669,DST_0202,62.1475,RELIABLE,DST_0202,62.1475,RELIABLE,OTHER,0.24379609047373982,0.4840294461971103,LOW,NOT_RECOMMENDED
262,DST_0337,0.40147058823529413,0.4372178449470497,24,41.124583333333334,UNKNOWN,1307375,1759,DST_0337,41.124583333333334,UNKNOWN,DST_0337,41.124583333333334,UNKNOWN,OTHER,0.25064598962798157,0.4835588125117535,LOW,NOT_RECOMMENDED
263,DST_0219,0.2549019607843137,0.6199737058406435,24,15.862499999999999,UNKNOWN,1012065,1008,DST_0219,15.862499999999999,UNKNOWN,DST_0219,15.862499999999999,UNKNOWN,OTHER,0.24096788368559635,0.48350310266004715,LOW,NOT_RECOMMENDED
264,DST_0058,0.41617647058823526,0.41155724847390934,24,56.742916666666666,UNKNOWN,1928812,2218,DST_0058,56.742916666666666,UNKNOWN,DST_0058,56.742916666666666,UNKNOWN,OTHER,0.2534625030032875,0.4806319481299166,LOW,NOT_RECOMMENDED
265,DST_0319,0.41323529411764703,0.40217504799252385,24,40.04333333333333,UNKNOWN,826067,1007,DST_0319,40.04333333333333,UNKNOWN,DST_0319,40.04333333333333,UNKNOWN,OTHER,0.23434931357004948,0.47984728643631464,LOW,NOT_RECOMMENDED
266,DST_0093,0.41470588235294115,0.40340785276960966,24,59.01958333333334,UNKNOWN,1111812,1480,DST_0093,59.01958333333334,UNKNOWN,DST_0093,59.01958333333334,UNKNOWN,OTHER,0.2497702639917425,0.47785634272983846,LOW,NOT_RECOMMENDED
267,DST_0097,0.3730392156862745,0.45706592709722554,24,66.25458333333333,RELIABLE,2093003,2113,DST_0097,66.25458333333333,RELIABLE,DST_0097,66.25458333333333,RELIABLE,OTHER,0.25277522075660447,0.4772856773915316,LOW,NOT_RECOMMENDED
268,DST_0260,0.27598039215686276,0.5780923918846348,24,27.107916666666668,UNKNOWN,1156597,1184,DST_0260,27.107916666666668,UNKNOWN,DST_0260,27.107916666666668,UNKNOWN,OTHER,0.246966278254044,0.4771302579794016,LOW,NOT_RECOMMENDED
269,DST_0080,0.3700980392156863,0.44888283603532264,23,42.330416666666665,UNKNOWN,1064493,1462,DST_0080,42.330416666666665,UNKNOWN,DST_0080,42.330416666666665,UNKNOWN,OTHER,0.2390636275943935,0.47584038474054313,LOW,NOT_RECOMMENDED
270,DST_0175,0.24460784313725492,0.6112815422974108,24,25.50708333333333,UNKNOWN,1071831,962,DST_0175,25.50708333333333,UNKNOWN,DST_0175,25.50708333333333,UNKNOWN,OTHER,0.24161290258318807,0.4756994886992209,LOW,NOT_RECOMMENDED
271,DST_0214,0.39264705882352935,0.42192420969917643,24,47.916666666666664,UNKNOWN,1571022,1916,DST_0214,47.916666666666664,UNKNOWN,DST_0214,47.916666666666664,UNKNOWN,OTHER,0.24739459729467145,0.47488573040636567,LOW,NOT_RECOMMENDED
272,DST_0146,0.3647058823529411,0.4577121541466728,24,41.08708333333333,UNKNOWN,3797117,3303,DST_0146,41.08708333333333,UNKNOWN,DST_0146,41.08708333333333,UNKNOWN,OTHER,0.26406890717904513,0.47150311957435,LOW,NOT_RECOMMENDED
273,DST_0011,0.32745098039215687,0.5002028262447588,24,41.156666666666666,UNKNOWN,4543159,4906,DST_0011,41.156666666666666,UNKNOWN,DST_0011,41.156666666666666,UNKNOWN,OTHER,0.2756942735358797,0.4672850756549602,LOW,NOT_RECOMMENDED
274,DST_0059,0.3514705882352941,0.44066983307843466,24,40.001666666666665,UNKNOWN,1082636,1245,DST_0059,40.001666666666665,UNKNOWN,DST_0059,40.001666666666665,UNKNOWN,OTHER,0.23491808053290697,0.46541259017675307,LOW,NOT_RECOMMENDED
275,DST_0189,0.36617647058823527,0.4434434338259455,24,40.53,UNKNOWN,5913457,5724,DST_0189,40.53,UNKNOWN,DST_0189,40.53,UNKNOWN,OTHER,0.2750418104746011,0.46497625150886657,LOW,NOT_RECOMMENDED
276,DST_0121,0.3313725490196079,0.4839918310524518,24,58.03,UNKNOWN,4772006,6022,DST_0121,58.03,UNKNOWN,DST_0121,58.03,UNKNOWN,OTHER,0.2686416945243494,0.4647864490223118,LOW,NOT_RECOMMENDED
277,DST_0258,0.3784313725490196,0.40330557710978865,24,42.01416666666667,UNKNOWN,1222755,1337,DST_0258,42.01416666666667,UNKNOWN,DST_0258,42.01416666666667,UNKNOWN,OTHER,0.2434905560156065,0.4627529584323635,LOW,NOT_RECOMMENDED
278,DST_0259,0.3480392156862745,0.44311071219355247,24,43.568333333333335,UNKNOWN,1631061,1578,DST_0259,43.568333333333335,UNKNOWN,DST_0259,43.568333333333335,UNKNOWN,OTHER,0.24889873657772857,0.4619266490110212,LOW,NOT_RECOMMENDED
279,DST_0262,0.36127450980392156,0.42326457919490634,24,61.31,RELIABLE,1797485,1614,DST_0262,61.31,RELIABLE,DST_0262,61.31,RELIABLE,OTHER,0.25095450522246604,0.46052523108548876,LOW,NOT_RECOMMENDED
280,DST_0030,0.221078431372549,0.6006291583685349,24,22.2625,UNKNOWN,1177345,1189,DST_0030,22.2625,UNKNOWN,DST_0030,22.2625,UNKNOWN,OTHER,0.2485368969115548,0.45999812016432334,LOW,NOT_RECOMMENDED
281,DST_0145,0.31470588235294117,0.47871858157199254,24,47.88708333333333,UNKNOWN,3433919,3083,DST_0145,47.88708333333333,UNKNOWN,DST_0145,47.88708333333333,UNKNOWN,OTHER,0.2529295098297142,0.4585832486430781,LOW,NOT_RECOMMENDED
282,DST_0196,0.3289215686274509,0.47043721989450077,24,61.32583333333333,RELIABLE,3872846,4562,DST_0196,61.32583333333333,RELIABLE,DST_0196,61.32583333333333,RELIABLE,OTHER,0.27545635245372807,0.4575764623546825,LOW,NOT_RECOMMENDED
283,DST_0085,0.19607843137254904,0.6143200925993717,23,19.179166666666667,UNKNOWN,565223,586,DST_0085,19.179166666666667,UNKNOWN,DST_0085,19.179166666666667,UNKNOWN,OTHER,0.23438715251523656,0.45636989602437983,LOW,NOT_RECOMMENDED
284,DST_0242,0.31519607843137254,0.4736370177380604,24,52.82833333333334,UNKNOWN,2363937,3016,DST_0242,52.82833333333334,UNKNOWN,DST_0242,52.82833333333334,UNKNOWN,OTHER,0.26105514573127686,0.4554001623561834,LOW,NOT_RECOMMENDED
285,DST_0261,0.2068627450980392,0.5996723464707368,24,26.912499999999998,UNKNOWN,1388552,1227,DST_0261,26.912499999999998,UNKNOWN,DST_0261,26.912499999999998,UNKNOWN,OTHER,0.23848336833522632,0.4552768828918302,LOW,NOT_RECOMMENDED
286,DST_0226,0.22107843137254904,0.5760754188437615,24,22.57166666666667,UNKNOWN,927140,910,DST_0226,22.57166666666667,UNKNOWN,DST_0226,22.57166666666667,UNKNOWN,OTHER,0.2333106016519538,0.45444957038257283,LOW,NOT_RECOMMENDED
287,DST_0266,0.19215686274509802,0.6217106423734277,24,23.878333333333334,UNKNOWN,1458248,1472,DST_0266,23.878333333333334,UNKNOWN,DST_0266,23.878333333333334,UNKNOWN,OTHER,0.25244842875734314,0.45357962731452517,LOW,NOT_RECOMMENDED
288,DST_0096,0.3112745098039216,0.4652907253004915,24,45.64166666666667,UNKNOWN,1264277,1365,DST_0096,45.64166666666667,UNKNOWN,DST_0096,45.64166666666667,UNKNOWN,OTHER,0.2507225431953694,0.4527807746278628,LOW,NOT_RECOMMENDED
289,DST_0032,0.346078431372549,0.4175247664968301,22,56.965833333333336,UNKNOWN,1648295,1710,DST_0032,56.965833333333336,UNKNOWN,DST_0032,56.965833333333336,UNKNOWN,OTHER,0.2465495924995193,0.4525590438916337,LOW,NOT_RECOMMENDED
290,DST_0142,0.3200980392156863,0.4582369714981754,23,50.362500000000004,UNKNOWN,3260699,3065,DST_0142,50.362500000000004,UNKNOWN,DST_0142,50.362500000000004,UNKNOWN,OTHER,0.2617845445570307,0.45207014876001406,LOW,NOT_RECOMMENDED
291,DST_0215,0.30098039215686273,0.471080302818459,24,63.44875,RELIABLE,1401639,1572,DST_0215,63.44875,RELIABLE,DST_0215,63.44875,RELIABLE,OTHER,0.24192620051407504,0.45193404235423384,LOW,NOT_RECOMMENDED
292,DST_0147,0.30000000000000004,0.4758884322755315,24,51.278333333333336,UNKNOWN,3239774,3000,DST_0147,51.278333333333336,UNKNOWN,DST_0147,51.278333333333336,UNKNOWN,OTHER,0.2526553046338333,0.4510298903696694,LOW,NOT_RECOMMENDED
293,DST_0182,0.2803921568627451,0.49047977446956487,24,55.31625,UNKNOWN,652556,823,DST_0182,55.31625,UNKNOWN,DST_0182,55.31625,UNKNOWN,OTHER,0.24319209725958615,0.4492059722006658,LOW,NOT_RECOMMENDED
294,DST_0187,0.2338235294117647,0.5673917522485404,24,16.594583333333333,UNKNOWN,4850029,8157,DST_0187,16.594583333333333,UNKNOWN,DST_0187,16.594583333333333,UNKNOWN,OTHER,0.2865369419424447,0.44650031313379435,LOW,NOT_RECOMMENDED
295,DST_0232,0.19215686274509802,0.5896315960986014,24,16.665416666666665,UNKNOWN,416763,380,DST_0232,16.665416666666665,UNKNOWN,DST_0232,16.665416666666665,UNKNOWN,OTHER,0.23411432428711249,0.4460187820123821,LOW,NOT_RECOMMENDED
296,DST_0190,0.32598039215686275,0.42692564038012476,24,48.213750000000005,UNKNOWN,5095875,4932,DST_0190,48.213750000000005,UNKNOWN,DST_0190,48.213750000000005,UNKNOWN,OTHER,0.25882703466137247,0.44434974367135743,LOW,NOT_RECOMMENDED
297,DST_0054,0.33676470588235297,0.40627880645839415,24,63.69166666666666,RELIABLE,1137961,1244,DST_0054,63.69166666666666,RELIABLE,DST_0054,63.69166666666666,RELIABLE,OTHER,0.250645214050072,0.4436126570974824,LOW,NOT_RECOMMENDED
298,DST_0086,0.328921568627451,0.4130169030220791,24,41.00541666666667,UNKNOWN,1618345,1747,DST_0086,41.00541666666667,UNKNOWN,DST_0086,41.00541666666667,UNKNOWN,OTHER,0.24731136135343204,0.4431083496693943,LOW,NOT_RECOMMENDED
299,DST_0123,0.30098039215686273,0.4570740594623692,24,57.99583333333334,UNKNOWN,4440895,4733,DST_0123,57.99583333333334,UNKNOWN,DST_0123,57.99583333333334,UNKNOWN,OTHER,0.2707711494105509,0.4412628674003073,LOW,NOT_RECOMMENDED
300,DST_0198,0.27303921568627454,0.45818060962581386,24,36.348333333333336,UNKNOWN,251642,299,DST_0198,36.348333333333336,UNKNOWN,DST_0198,36.348333333333336,UNKNOWN,OTHER,0.2308709496095383,0.43705667050595076,LOW,NOT_RECOMMENDED
301,DST_0228,0.1926470588235294,0.5672528536689291,23,26.805000000000003,UNKNOWN,577758,591,DST_0228,26.805000000000003,UNKNOWN,DST_0228,26.805000000000003,UNKNOWN,OTHER,0.24963475553177158,0.4353027241483591,LOW,NOT_RECOMMENDED
302,DST_0336,0.2642156862745098,0.48481448543095085,23,60.68333333333334,RELIABLE,4112920,5823,DST_0336,60.68333333333334,RELIABLE,DST_0336,60.68333333333334,RELIABLE,OTHER,0.27489455379984273,0.4336032179643936,LOW,NOT_RECOMMENDED
303,DST_0010,0.28431372549019607,0.45291181441987044,24,36.1,UNKNOWN,4317756,5388,DST_0010,36.1,UNKNOWN,DST_0010,36.1,UNKNOWN,OTHER,0.26848524127661966,0.4327632632622189,LOW,NOT_RECOMMENDED
304,DST_0257,0.31029411764705883,0.40975482294979093,24,38.069583333333334,UNKNOWN,1110906,1199,DST_0257,38.069583333333334,UNKNOWN,DST_0257,38.069583333333334,UNKNOWN,OTHER,0.25205095035302055,0.4326363509029991,LOW,NOT_RECOMMENDED
305,DST_0227,0.14656862745098037,0.6085733580895263,24,21.364583333333332,UNKNOWN,893308,839,DST_0227,21.364583333333332,UNKNOWN,DST_0227,21.364583333333332,UNKNOWN,OTHER,0.2382318079454615,0.43131019609518306,LOW,NOT_RECOMMENDED
306,DST_0003,0.6338235294117647,0.36911897154047413,24,83.36916666666667,RELIABLE,9429408,15596,DST_0003,83.36916666666667,RELIABLE,DST_0003,83.36916666666667,RELIABLE,OTHER,0.9177204330228245,0.4308681416698952,LOW,NOT_RECOMMENDED
307,DST_0151,0.6313725490196078,0.3618241290018751,24,88.58125,RELIABLE,7214225,14255,DST_0151,88.58125,RELIABLE,DST_0151,88.58125,RELIABLE,OTHER,0.9017195216743336,0.4304121878746131,LOW,NOT_RECOMMENDED
308,DST_0237,0.12009803921568629,0.6253106504239153,24,26.194999999999997,UNKNOWN,515812,535,DST_0237,26.194999999999997,UNKNOWN,DST_0237,26.194999999999997,UNKNOWN,OTHER,0.238584706137592,0.4251859040679108,LOW,NOT_RECOMMENDED
309,DST_0164,0.27303921568627454,0.4258121772662408,24,62.20458333333334,RELIABLE,585449,869,DST_0164,62.20458333333334,RELIABLE,DST_0164,62.20458333333334,RELIABLE,OTHER,0.24442161017456748,0.42301758706709436,LOW,NOT_RECOMMENDED
310,DST_0229,0.13088235294117648,0.6062804502131572,24,16.204583333333336,UNKNOWN,609990,573,DST_0229,16.204583333333336,UNKNOWN,DST_0229,16.204583333333336,UNKNOWN,OTHER,0.24328473217033797,0.42243826996406686,LOW,NOT_RECOMMENDED
311,DST_0166,0.25441176470588234,0.4496454667043653,24,37.214166666666664,UNKNOWN,2092371,2699,DST_0166,37.214166666666664,UNKNOWN,DST_0166,37.214166666666664,UNKNOWN,OTHER,0.2563443742209454,0.42059233261998585,LOW,NOT_RECOMMENDED
312,DST_0256,0.3063725490196078,0.3784379100478079,23,65.40708333333333,RELIABLE,2039547,2431,DST_0256,65.40708333333333,RELIABLE,DST_0256,65.40708333333333,RELIABLE,OTHER,0.2509548570622823,0.4201299441630998,LOW,NOT_RECOMMENDED
313,DST_0193,0.2872549019607843,0.4118481001766447,24,41.77583333333333,UNKNOWN,5167600,6159,DST_0193,41.77583333333333,UNKNOWN,DST_0193,41.77583333333333,UNKNOWN,OTHER,0.28438198394409614,0.4165351441553593,LOW,NOT_RECOMMENDED
314,DST_0285,0.2892156862745098,0.38912006081158046,22,49.63791666666666,UNKNOWN,1872000,2152,DST_0285,49.63791666666666,UNKNOWN,DST_0285,49.63791666666666,UNKNOWN,OTHER,0.252529867294053,0.41583310664877193,LOW,NOT_RECOMMENDED
315,DST_0218,0.12205882352941178,0.5930419964683012,24,24.328333333333333,UNKNOWN,1099526,1110,DST_0218,24.328333333333333,UNKNOWN,DST_0218,24.328333333333333,UNKNOWN,OTHER,0.24675438010003625,0.4131402933321335,LOW,NOT_RECOMMENDED
316,DST_0020,0.22941176470588237,0.45711099245302417,24,34.93625,UNKNOWN,2204307,2843,DST_0020,34.93625,UNKNOWN,DST_0020,34.93625,UNKNOWN,OTHER,0.2647267682664833,0.4102787878229089,LOW,NOT_RECOMMENDED
317,DST_0186,0.23529411764705882,0.4475037635148766,24,45.812916666666666,UNKNOWN,8161961,9500,DST_0186,45.812916666666666,UNKNOWN,DST_0186,45.812916666666666,UNKNOWN,OTHER,0.29583486119173663,0.4033416979330359,LOW,NOT_RECOMMENDED
318,DST_0114,0.24166666666666664,0.4115773949745177,24,40.566250000000004,UNKNOWN,5954391,6847,DST_0114,40.566250000000004,UNKNOWN,DST_0114,40.566250000000004,UNKNOWN,OTHER,0.28158315986362137,0.39648545626835696,LOW,NOT_RECOMMENDED
319,DST_0014,0.19264705882352942,0.4673855569214833,24,40.94833333333333,UNKNOWN,4229917,5278,DST_0014,40.94833333333333,UNKNOWN,DST_0014,40.94833333333333,UNKNOWN,OTHER,0.2697838688168848,0.3963193476297304,LOW,NOT_RECOMMENDED
320,DST_0139,0.2068627450980392,0.43627543738489916,24,57.718333333333334,UNKNOWN,4483992,4340,DST_0139,57.718333333333334,UNKNOWN,DST_0139,57.718333333333334,UNKNOWN,OTHER,0.2697964486704616,0.39182534864474,LOW,NOT_RECOMMENDED
321,DST_0204,0.25049019607843137,0.37730315487073157,24,40.606249999999996,UNKNOWN,3596674,3280,DST_0204,40.606249999999996,UNKNOWN,DST_0204,40.606249999999996,UNKNOWN,OTHER,0.2663124088228247,0.39151421067548525,LOW,NOT_RECOMMENDED
322,DST_0231,0.2122549019607843,0.39465243561747415,24,37.567083333333336,UNKNOWN,552037,603,DST_0231,37.567083333333336,UNKNOWN,DST_0231,37.567083333333336,UNKNOWN,OTHER,0.22779779845017917,0.38808349865843306,LOW,NOT_RECOMMENDED
323,DST_0065,0.5122549019607843,0.34597328951376216,24,86.90750000000001,RELIABLE,7088403,15594,DST_0065,86.90750000000001,RELIABLE,DST_0065,86.90750000000001,RELIABLE,OTHER,0.9285086640047453,0.3659036244112206,LOW,NOT_RECOMMENDED
324,DST_0001,0.4950980392156863,0.3651084395292642,23,85.03791666666667,RELIABLE,9356962,18500,DST_0001,85.03791666666667,RELIABLE,DST_0001,85.03791666666667,RELIABLE,OTHER,0.9888653555884716,0.352809000364607,LOW,NOT_RECOMMENDED
325,DST_0036,0.4970588235294118,0.34926200651304745,24,85.4975,RELIABLE,9621551,18500,DST_0036,85.4975,RELIABLE,DST_0036,85.4975,RELIABLE,OTHER,0.9862853881293414,0.3486610952419336,LOW,NOT_RECOMMENDED
326,DST_0321,0.1823529411764706,0.1437077351175406,15,60.98,RELIABLE,1016520,998,DST_0321,60.98,RELIABLE,DST_0321,60.98,RELIABLE,OTHER,0.00810473722914539,0.3307355833747219,LOW,NOT_RECOMMENDED
327,DST_0079,0.0696078431372549,0.133177523298431,18,45.56125,UNKNOWN,1506843,1564,DST_0079,45.56125,UNKNOWN,DST_0079,45.56125,UNKNOWN,OTHER,0.011974989600030309,0.2755406646462095,LOW,NOT_RECOMMENDED
328,DST_0174,0.03431372549019608,0.15518900029676577,17,60.44416666666667,RELIABLE,2127086,1969,DST_0174,60.44416666666667,RELIABLE,DST_0174,60.44416666666667,RELIABLE,OTHER,0.013495583517329938,0.26705820987099027,LOW,NOT_RECOMMENDED
329,DST_0340,0.033823529411764704,0.13908974808010202,19,47.70458333333334,UNKNOWN,817420,699,DST_0340,47.70458333333334,UNKNOWN,DST_0340,47.70458333333334,UNKNOWN,OTHER,0.014318363587022095,0.2610383273459254,LOW,NOT_RECOMMENDED
330,DST_0296,0.023529411764705882,0.1424786056777177,16,54.27125,UNKNOWN,953000,869,DST_0296,54.27125,UNKNOWN,DST_0296,54.27125,UNKNOWN,OTHER,0.010586180105720013,0.2583385112601749,LOW,NOT_RECOMMENDED
331,DST_0178,0.04558823529411765,0.10045421041000983,19,49.94416666666667,UNKNOWN,228291,217,DST_0178,49.94416666666667,UNKNOWN,DST_0178,49.94416666666667,UNKNOWN,OTHER,0.007474685148912051,0.254178742496074,LOW,NOT_RECOMMENDED
332,DST_0022,0.029411764705882353,0.12209195329807561,15,57.312083333333334,UNKNOWN,2586258,2829,DST_0022,57.312083333333334,UNKNOWN,DST_0022,57.312083333333334,UNKNOWN,OTHER,0.015670117811301017,0.2528334542097133,LOW,NOT_RECOMMENDED
333,DST_0269,0.029901960784313727,0.11819702789915688,17,56.2775,UNKNOWN,2603751,2338,DST_0269,56.2775,UNKNOWN,DST_0269,56.2775,UNKNOWN,OTHER,0.015240158700918837,0.2517768103774623,LOW,NOT_RECOMMENDED
334,DST_0136,0.025490196078431372,0.12277860390712263,20,52.59375,UNKNOWN,4092845,4019,DST_0136,52.59375,UNKNOWN,DST_0136,52.59375,UNKNOWN,OTHER,0.023122439693938065,0.24981861166399943,LOW,NOT_RECOMMENDED
335,DST_0062,0.008823529411764706,0.13372019801418808,14,56.14208333333334,UNKNOWN,1020791,1059,DST_0062,56.14208333333334,UNKNOWN,DST_0062,56.14208333333334,UNKNOWN,OTHER,0.016164626921379096,0.24753973215598413,LOW,NOT_RECOMMENDED
336,DST_0205,0.00980392156862745,0.13053102561862884,18,52.142500000000005,UNKNOWN,2930115,2877,DST_0205,52.142500000000005,UNKNOWN,DST_0205,52.142500000000005,UNKNOWN,OTHER,0.015573069135016392,0.24698300984539917,LOW,NOT_RECOMMENDED
337,DST_0203,0.015196078431372547,0.11748156958644286,19,60.3175,RELIABLE,3502404,3439,DST_0203,60.3175,RELIABLE,DST_0203,60.3175,RELIABLE,OTHER,0.016829643589845292,0.2445908559314036,LOW,NOT_RECOMMENDED
338,DST_0217,0.0196078431372549,0.1067489761698453,19,54.43208333333333,UNKNOWN,1486777,1626,DST_0217,54.43208333333333,UNKNOWN,DST_0217,54.43208333333333,UNKNOWN,OTHER,0.008003770689178845,0.2445849169333748,LOW,NOT_RECOMMENDED
339,DST_0061,0.018137254901960782,0.10404332635818256,14,64.84041666666667,RELIABLE,1174271,1251,DST_0061,64.84041666666667,RELIABLE,DST_0061,64.84041666666667,RELIABLE,OTHER,0.017331904193056864,0.24111054809263488,LOW,NOT_RECOMMENDED
340,DST_0129,0.020098039215686276,0.0879275836460076,14,62.26625000000001,RELIABLE,3681896,3821,DST_0129,62.26625000000001,RELIABLE,DST_0129,62.26625000000001,RELIABLE,OTHER,0.014225727048857143,0.23697362651339005,LOW,NOT_RECOMMENDED
